telemetry_id,control_id,asset_id,timestamp,coverage_percentage,compliance_percentage,health_status,event_count,source,data_quality,freshness_timestamp,period
TEL-215bd11d4d32,CTRL-EDR,AST-00023,2026-05-12T14:23:38.249549,61.0,47.4,HEALTHY,57,agent,GOOD,2026-05-12T14:23:38.249549,BASELINE
TEL-75f76b5a932c,CTRL-EDR,AST-00023,2026-08-06T14:23:38.249549,96.5,69.3,DEGRADED,8,agent,GOOD,2026-08-06T14:23:38.249549,CURRENT
TEL-218df8964359,CTRL-EDR,AST-00167,2026-05-10T14:23:38.249549,48.0,57.9,HEALTHY,119,syslog,GOOD,2026-05-10T14:23:38.249549,BASELINE
TEL-210093875bb1,CTRL-EDR,AST-00167,2026-08-06T00:23:38.249549,63.9,87.0,HEALTHY,148,agent,GOOD,2026-08-06T00:23:38.249549,CURRENT
TEL-64452e06eeeb,CTRL-EDR,AST-00147,2026-05-12T14:23:38.249549,66.9,57.9,HEALTHY,338,syslog,GOOD,2026-05-12T14:23:38.249549,BASELINE
TEL-007f862f228b,CTRL-EDR,AST-00147,2026-08-06T02:23:38.249549,89.9,86.4,DEGRADED,450,syslog,DEGRADED,2026-08-06T02:23:38.249549,CURRENT
TEL-c3aa19aa46ba,CTRL-EDR,AST-00060,2026-05-15T14:23:38.249549,63.8,54.9,HEALTHY,356,cloud_api,GOOD,2026-05-15T14:23:38.249549,BASELINE
TEL-7a931b915c05,CTRL-EDR,AST-00060,2026-08-01T11:23:38.249549,89.5,89.3,HEALTHY,123,agent,GOOD,2026-08-01T11:23:38.249549,CURRENT
TEL-edb63c42e60b,CTRL-EDR,AST-00137,2026-05-13T14:23:38.249549,66.2,67.4,HEALTHY,130,agent,GOOD,2026-05-13T14:23:38.249549,BASELINE
TEL-14083abd3065,CTRL-EDR,AST-00137,2026-08-02T16:23:38.249549,100,93.7,HEALTHY,274,syslog,GOOD,2026-08-02T16:23:38.249549,CURRENT
TEL-11a1e902e438,CTRL-EDR,AST-00190,2026-05-10T14:23:38.249549,46.5,58.1,HEALTHY,343,syslog,GOOD,2026-05-10T14:23:38.249549,BASELINE
TEL-932efe888824,CTRL-EDR,AST-00190,2026-08-06T14:23:38.249549,71.0,73.9,HEALTHY,465,agent,GOOD,2026-08-06T14:23:38.249549,CURRENT
TEL-ea26ce1e0521,CTRL-EDR,AST-00186,2026-05-11T14:23:38.249549,50.7,62.4,HEALTHY,468,agent,GOOD,2026-05-11T14:23:38.249549,BASELINE
TEL-69f94dfb4b12,CTRL-EDR,AST-00186,2026-08-01T04:23:38.249549,84.2,92.5,HEALTHY,183,cloud_api,GOOD,2026-08-01T04:23:38.249549,CURRENT
TEL-773f48eedb70,CTRL-EDR,AST-00010,2026-05-13T14:23:38.249549,60.4,43.0,DEGRADED,189,cloud_api,GOOD,2026-05-13T14:23:38.249549,BASELINE
TEL-41d0a2871c14,CTRL-EDR,AST-00010,2026-07-31T12:23:38.249549,87.8,77.6,HEALTHY,133,syslog,DEGRADED,2026-07-31T12:23:38.249549,CURRENT
TEL-6e49962113a2,CTRL-EDR,AST-00045,2026-05-13T14:23:38.249549,62.4,44.6,HEALTHY,335,syslog,GOOD,2026-05-13T14:23:38.249549,BASELINE
TEL-c2a5dbb64404,CTRL-EDR,AST-00045,2026-08-02T13:23:38.249549,87.8,66.2,HEALTHY,378,cloud_api,GOOD,2026-08-02T13:23:38.249549,CURRENT
TEL-c618a412feb1,CTRL-EDR,AST-00107,2026-05-11T14:23:38.249549,67.0,44.2,FAILED,490,agent,GOOD,2026-05-11T14:23:38.249549,BASELINE
TEL-a60cf4990d9b,CTRL-EDR,AST-00107,2026-07-29T20:23:38.249549,90.8,70.1,DEGRADED,24,agent,GOOD,2026-07-29T20:23:38.249549,CURRENT
TEL-44546510172b,CTRL-EDR,AST-00046,2026-05-14T14:23:38.249549,70.3,61.2,HEALTHY,341,syslog,DEGRADED,2026-05-14T14:23:38.249549,BASELINE
TEL-328f9596e77b,CTRL-EDR,AST-00046,2026-08-03T18:23:38.249549,91.1,76.4,HEALTHY,6,agent,GOOD,2026-07-14T14:23:38.249549,CURRENT
TEL-97dcf15200d8,CTRL-EDR,AST-00213,2026-05-15T14:23:38.249549,53.2,40.5,DEGRADED,54,agent,GOOD,2026-05-15T14:23:38.249549,BASELINE
TEL-1efedcf1d65d,CTRL-EDR,AST-00213,2026-08-04T00:23:38.249549,92.7,71.8,HEALTHY,181,cloud_api,GOOD,2026-08-04T00:23:38.249549,CURRENT
TEL-f0bb39ecb4f9,CTRL-EDR,AST-00102,2026-05-15T14:23:38.249549,47.4,53.8,DEGRADED,41,syslog,BAD,2026-05-15T14:23:38.249549,BASELINE
TEL-860b70c915bb,CTRL-EDR,AST-00102,2026-08-06T05:23:38.249549,86.4,73.6,HEALTHY,282,cloud_api,GOOD,2026-07-19T14:23:38.249549,CURRENT
TEL-e02082b086f2,CTRL-EDR,AST-00202,2026-05-12T14:23:38.249549,45.3,55.0,FAILED,458,syslog,DEGRADED,2026-05-12T14:23:38.249549,BASELINE
TEL-543d55037257,CTRL-EDR,AST-00202,2026-08-02T14:23:38.249549,64.6,78.7,HEALTHY,290,cloud_api,GOOD,2026-08-02T14:23:38.249549,CURRENT
TEL-fbd37fe71857,CTRL-EDR,AST-00127,2026-05-15T14:23:38.249549,72.7,48.4,DEGRADED,8,agent,GOOD,2026-05-15T14:23:38.249549,BASELINE
TEL-b4db88f1333a,CTRL-EDR,AST-00127,2026-08-08T06:23:38.249549,100,74.3,HEALTHY,39,cloud_api,GOOD,2026-08-08T06:23:38.249549,CURRENT
TEL-df4890603be1,CTRL-EDR,AST-00048,2026-05-12T14:23:38.249549,52.2,51.7,HEALTHY,352,syslog,GOOD,2026-05-12T14:23:38.249549,BASELINE
TEL-803ae4738fb6,CTRL-EDR,AST-00048,2026-08-04T12:23:38.249549,88.1,84.6,HEALTHY,118,agent,GOOD,2026-08-04T12:23:38.249549,CURRENT
TEL-64501d1dd985,CTRL-EDR,AST-00192,2026-05-10T14:23:38.249549,68.1,51.9,FAILED,251,agent,GOOD,2026-05-10T14:23:38.249549,BASELINE
TEL-6b67ceb33ab2,CTRL-EDR,AST-00192,2026-08-01T20:23:38.249549,100,82.4,HEALTHY,338,cloud_api,GOOD,2026-08-01T20:23:38.249549,CURRENT
TEL-5787007b6974,CTRL-EDR,AST-00075,2026-05-11T14:23:38.249549,63.6,61.4,HEALTHY,378,cloud_api,GOOD,2026-05-11T14:23:38.249549,BASELINE
TEL-02bb5d96a99d,CTRL-EDR,AST-00075,2026-08-04T13:23:38.249549,98.5,78.0,HEALTHY,389,cloud_api,GOOD,2026-07-22T14:23:38.249549,CURRENT
TEL-8dd642a4bf26,CTRL-EDR,AST-00209,2026-05-10T14:23:38.249549,47.6,56.7,HEALTHY,305,syslog,GOOD,2026-05-10T14:23:38.249549,BASELINE
TEL-825cb5c92825,CTRL-EDR,AST-00209,2026-08-08T08:23:38.249549,73.4,82.0,HEALTHY,43,syslog,DEGRADED,2026-07-18T14:23:38.249549,CURRENT
TEL-b514fd6cae04,CTRL-EDR,AST-00003,2026-05-13T14:23:38.249549,72.2,57.2,HEALTHY,252,agent,GOOD,2026-05-13T14:23:38.249549,BASELINE
TEL-8b0d32c8d8ef,CTRL-EDR,AST-00003,2026-08-06T19:23:38.249549,100,75.6,HEALTHY,39,cloud_api,GOOD,2026-08-06T19:23:38.249549,CURRENT
TEL-e54230d5d109,CTRL-EDR,AST-00077,2026-05-10T14:23:38.249549,52.4,57.8,DEGRADED,170,syslog,GOOD,2026-05-10T14:23:38.249549,BASELINE
TEL-71cfea771564,CTRL-EDR,AST-00077,2026-08-07T04:23:38.249549,83.0,76.7,HEALTHY,421,syslog,BAD,2026-08-07T04:23:38.249549,CURRENT
TEL-aa718265ac0c,CTRL-EDR,AST-00146,2026-05-12T14:23:38.249549,49.1,68.4,FAILED,149,syslog,GOOD,2026-05-12T14:23:38.249549,BASELINE
TEL-33652b327647,CTRL-EDR,AST-00146,2026-08-06T17:23:38.249549,72.1,87.4,HEALTHY,192,cloud_api,GOOD,2026-08-06T17:23:38.249549,CURRENT
TEL-4662ed98c5e9,CTRL-EDR,AST-00155,2026-05-14T14:23:38.249549,56.8,56.9,HEALTHY,487,syslog,GOOD,2026-05-14T14:23:38.249549,BASELINE
TEL-888693170cad,CTRL-EDR,AST-00155,2026-08-06T16:23:38.249549,74.6,83.8,HEALTHY,354,agent,GOOD,2026-08-06T16:23:38.249549,CURRENT
TEL-9ffeaecf08a4,CTRL-EDR,AST-00028,2026-05-11T14:23:38.249549,68.9,55.0,HEALTHY,404,cloud_api,GOOD,2026-05-11T14:23:38.249549,BASELINE
TEL-7ef35d589315,CTRL-EDR,AST-00028,2026-08-05T22:23:38.249549,94.1,82.6,HEALTHY,259,syslog,GOOD,2026-08-05T22:23:38.249549,CURRENT
TEL-45099df97b3e,CTRL-EDR,AST-00086,2026-05-14T14:23:38.249549,46.1,61.0,HEALTHY,127,syslog,GOOD,2026-05-14T14:23:38.249549,BASELINE
TEL-d4eac43d5597,CTRL-EDR,AST-00086,2026-08-01T19:23:38.249549,85.3,92.3,HEALTHY,330,syslog,GOOD,2026-08-01T19:23:38.249549,CURRENT
TEL-adc8cc87fded,CTRL-EDR,AST-00073,2026-05-10T14:23:38.249549,74.0,63.9,HEALTHY,285,syslog,GOOD,2026-05-10T14:23:38.249549,BASELINE
TEL-5d93ae600065,CTRL-EDR,AST-00073,2026-08-05T20:23:38.249549,97.3,81.0,HEALTHY,347,syslog,GOOD,2026-08-05T20:23:38.249549,CURRENT
TEL-7a57d59b12dd,CTRL-EDR,AST-00117,2026-05-10T14:23:38.249549,49.5,54.5,HEALTHY,178,cloud_api,GOOD,2026-05-10T14:23:38.249549,BASELINE
TEL-803a77c0b254,CTRL-EDR,AST-00117,2026-08-07T09:23:38.249549,89.5,75.4,HEALTHY,49,cloud_api,GOOD,2026-08-07T09:23:38.249549,CURRENT
TEL-17b41996a017,CTRL-EDR,AST-00165,2026-05-10T14:23:38.249549,58.6,41.3,HEALTHY,409,agent,DEGRADED,2026-05-10T14:23:38.249549,BASELINE
TEL-6ae2628268d6,CTRL-EDR,AST-00165,2026-07-30T13:23:38.249549,75.3,70.6,HEALTHY,169,syslog,GOOD,2026-07-30T13:23:38.249549,CURRENT
TEL-7800191be15c,CTRL-EDR,AST-00140,2026-05-15T14:23:38.249549,58.9,58.9,HEALTHY,452,agent,GOOD,2026-05-15T14:23:38.249549,BASELINE
TEL-d4104b1e85b2,CTRL-EDR,AST-00140,2026-08-04T00:23:38.249549,93.8,77.6,HEALTHY,385,syslog,GOOD,2026-07-25T14:23:38.249549,CURRENT
TEL-fb7f47131dd8,CTRL-EDR,AST-00135,2026-05-12T14:23:38.249549,46.9,66.2,HEALTHY,441,cloud_api,GOOD,2026-05-12T14:23:38.249549,BASELINE
TEL-c4ddbc5083b7,CTRL-EDR,AST-00135,2026-08-06T12:23:38.249549,64.4,84.9,HEALTHY,300,agent,GOOD,2026-08-06T12:23:38.249549,CURRENT
TEL-4abb872fc39b,CTRL-EDR,AST-00206,2026-05-12T14:23:38.249549,70.4,64.4,HEALTHY,68,cloud_api,GOOD,2026-05-12T14:23:38.249549,BASELINE
TEL-5b28100083a1,CTRL-EDR,AST-00206,2026-07-29T19:23:38.249549,100,93.5,HEALTHY,261,cloud_api,GOOD,2026-07-29T19:23:38.249549,CURRENT
TEL-e3f39d9679c6,CTRL-EDR,AST-00035,2026-05-15T14:23:38.249549,49.1,45.6,FAILED,284,agent,GOOD,2026-05-15T14:23:38.249549,BASELINE
TEL-8eccec390369,CTRL-EDR,AST-00035,2026-07-29T19:23:38.249549,73.7,73.3,HEALTHY,27,cloud_api,DEGRADED,2026-07-29T19:23:38.249549,CURRENT
TEL-9fa7637483df,CTRL-EDR,AST-00130,2026-05-15T14:23:38.249549,59.5,51.5,HEALTHY,363,cloud_api,GOOD,2026-05-15T14:23:38.249549,BASELINE
TEL-14dce90a5436,CTRL-EDR,AST-00130,2026-08-03T08:23:38.249549,79.4,77.7,HEALTHY,140,agent,GOOD,2026-07-24T14:23:38.249549,CURRENT
TEL-91c40dbf5e26,CTRL-EDR,AST-00120,2026-05-14T14:23:38.249549,50.0,62.3,HEALTHY,396,syslog,GOOD,2026-05-14T14:23:38.249549,BASELINE
TEL-353b994d6a47,CTRL-EDR,AST-00120,2026-08-03T04:23:38.249549,76.5,92.6,HEALTHY,368,cloud_api,GOOD,2026-08-03T04:23:38.249549,CURRENT
TEL-d19a2d9fe33b,CTRL-EDR,AST-00070,2026-05-12T14:23:38.249549,74.7,64.9,HEALTHY,178,agent,GOOD,2026-05-12T14:23:38.249549,BASELINE
TEL-cc7ace7f788c,CTRL-EDR,AST-00070,2026-07-30T07:23:38.249549,92.3,94.9,HEALTHY,415,syslog,GOOD,2026-07-30T07:23:38.249549,CURRENT
TEL-e1de339c8d33,CTRL-EDR,AST-00050,2026-05-11T14:23:38.249549,55.5,59.0,HEALTHY,30,syslog,GOOD,2026-05-11T14:23:38.249549,BASELINE
TEL-c6f06dab51bf,CTRL-EDR,AST-00050,2026-07-31T06:23:38.249549,88.3,77.3,HEALTHY,360,cloud_api,GOOD,2026-07-31T06:23:38.249549,CURRENT
TEL-1490140d3b1d,CTRL-EDR,AST-00029,2026-05-10T14:23:38.249549,53.0,69.6,HEALTHY,470,agent,BAD,2026-05-10T14:23:38.249549,BASELINE
TEL-c1c962c5cd3c,CTRL-EDR,AST-00029,2026-08-07T04:23:38.249549,89.5,98.2,DEGRADED,127,agent,GOOD,2026-08-07T04:23:38.249549,CURRENT
TEL-53a630efdbaf,CTRL-EDR,AST-00085,2026-05-14T14:23:38.249549,69.9,60.3,HEALTHY,231,agent,GOOD,2026-05-14T14:23:38.249549,BASELINE
TEL-12ef15b7ad9a,CTRL-EDR,AST-00085,2026-08-01T21:23:38.249549,100,85.1,HEALTHY,142,syslog,DEGRADED,2026-08-01T21:23:38.249549,CURRENT
TEL-3c65654b3e8a,CTRL-EDR,AST-00042,2026-05-15T14:23:38.249549,56.1,49.8,HEALTHY,340,syslog,GOOD,2026-05-15T14:23:38.249549,BASELINE
TEL-6bd749d18588,CTRL-EDR,AST-00042,2026-08-07T15:23:38.249549,94.8,64.9,HEALTHY,219,agent,GOOD,2026-08-07T15:23:38.249549,CURRENT
TEL-6167da96ddc5,CTRL-EDR,AST-00118,2026-05-13T14:23:38.249549,54.7,56.4,HEALTHY,24,agent,GOOD,2026-05-13T14:23:38.249549,BASELINE
TEL-aa1294fa1868,CTRL-EDR,AST-00118,2026-07-31T05:23:38.249549,76.8,74.0,HEALTHY,439,agent,GOOD,2026-07-31T05:23:38.249549,CURRENT
TEL-9aefa7632940,CTRL-EDR,AST-00166,2026-05-11T14:23:38.249549,45.0,46.1,HEALTHY,477,cloud_api,GOOD,2026-05-11T14:23:38.249549,BASELINE
TEL-2c96cd1a5565,CTRL-EDR,AST-00166,2026-07-30T05:23:38.249549,84.0,74.8,HEALTHY,332,agent,GOOD,2026-07-30T05:23:38.249549,CURRENT
TEL-02b4036dc108,CTRL-EDR,AST-00066,2026-05-10T14:23:38.249549,63.8,62.7,HEALTHY,39,agent,GOOD,2026-05-10T14:23:38.249549,BASELINE
TEL-4c64d1e7d4ec,CTRL-EDR,AST-00066,2026-08-01T02:23:38.249549,96.9,86.2,HEALTHY,175,agent,BAD,2026-08-01T02:23:38.249549,CURRENT
TEL-95d8fee493e6,CTRL-EDR,AST-00205,2026-05-15T14:23:38.249549,57.7,42.1,HEALTHY,451,cloud_api,GOOD,2026-05-15T14:23:38.249549,BASELINE
TEL-0e9bb6973c50,CTRL-EDR,AST-00205,2026-07-31T00:23:38.249549,76.0,64.8,HEALTHY,346,agent,GOOD,2026-07-31T00:23:38.249549,CURRENT
TEL-6724bb6512cc,CTRL-EDR,AST-00004,2026-05-11T14:23:38.249549,61.9,44.9,DEGRADED,315,syslog,GOOD,2026-05-11T14:23:38.249549,BASELINE
TEL-f0b6921c6bae,CTRL-EDR,AST-00004,2026-08-01T22:23:38.249549,92.2,66.9,HEALTHY,63,syslog,GOOD,2026-08-01T22:23:38.249549,CURRENT
TEL-ebc470e2ab97,CTRL-EDR,AST-00087,2026-05-15T14:23:38.249549,55.5,63.7,HEALTHY,369,syslog,GOOD,2026-05-15T14:23:38.249549,BASELINE
TEL-61324d4195c2,CTRL-EDR,AST-00087,2026-08-07T17:23:38.249549,81.3,83.7,DEGRADED,105,syslog,GOOD,2026-07-10T14:23:38.249549,CURRENT
TEL-8faca1cc5b5e,CTRL-EDR,AST-00076,2026-05-11T14:23:38.249549,50.7,59.4,HEALTHY,326,syslog,GOOD,2026-05-11T14:23:38.249549,BASELINE
TEL-3950ab2bb1c5,CTRL-EDR,AST-00076,2026-08-03T08:23:38.249549,75.5,90.1,DEGRADED,67,cloud_api,DEGRADED,2026-07-20T14:23:38.249549,CURRENT
TEL-b9a9e62c24c8,CTRL-EDR,AST-00199,2026-05-10T14:23:38.249549,62.1,60.5,HEALTHY,110,agent,DEGRADED,2026-05-10T14:23:38.249549,BASELINE
TEL-06ea105beaed,CTRL-EDR,AST-00199,2026-08-08T10:23:38.249549,86.2,90.7,HEALTHY,364,syslog,GOOD,2026-08-08T10:23:38.249549,CURRENT
TEL-f51b58100766,CTRL-EDR,AST-00173,2026-05-11T14:23:38.249549,57.7,59.2,HEALTHY,471,agent,BAD,2026-05-11T14:23:38.249549,BASELINE
TEL-cc726a300c18,CTRL-EDR,AST-00173,2026-08-05T15:23:38.249549,82.8,85.0,HEALTHY,390,syslog,GOOD,2026-08-05T15:23:38.249549,CURRENT
TEL-8ac4e58c8db2,CTRL-EDR,AST-00185,2026-05-10T14:23:38.249549,47.0,61.9,HEALTHY,232,syslog,GOOD,2026-05-10T14:23:38.249549,BASELINE
TEL-7162651cc3b8,CTRL-EDR,AST-00185,2026-08-06T00:23:38.249549,79.5,93.8,HEALTHY,61,agent,GOOD,2026-08-06T00:23:38.249549,CURRENT
TEL-77215fa53a69,CTRL-EDR,AST-00212,2026-05-15T14:23:38.249549,66.0,68.6,HEALTHY,399,cloud_api,GOOD,2026-05-15T14:23:38.249549,BASELINE
TEL-7a2575cca8fd,CTRL-EDR,AST-00212,2026-08-05T20:23:38.249549,85.1,94.1,HEALTHY,219,cloud_api,GOOD,2026-08-05T20:23:38.249549,CURRENT
TEL-38fa9179b5e6,CTRL-EDR,AST-00157,2026-05-14T14:23:38.249549,2026-04-15T14:23:38.249549,58.8,HEALTHY,130,agent,DEGRADED,2026-05-14T14:23:38.249549,BASELINE
TEL-41ca2ca4bddd,CTRL-EDR,AST-00157,2026-08-04T18:23:38.249549,92.3,83.7,HEALTHY,1,agent,DEGRADED,2026-08-04T18:23:38.249549,CURRENT
TEL-bdb6d71e28c2,CTRL-EDR,AST-00164,2026-05-11T14:23:38.249549,45.4,50.9,HEALTHY,411,syslog,GOOD,2026-05-11T14:23:38.249549,BASELINE
TEL-442c60d85aef,CTRL-EDR,AST-00164,2026-07-29T16:23:38.249549,61.5,84.3,HEALTHY,368,cloud_api,GOOD,2026-07-29T16:23:38.249549,CURRENT
TEL-3bdf2fc80894,CTRL-EDR,AST-00104,2026-05-11T14:23:38.249549,47.3,55.1,FAILED,488,cloud_api,GOOD,2026-05-11T14:23:38.249549,BASELINE
TEL-cacd434dcafd,CTRL-EDR,AST-00104,2026-08-06T05:23:38.249549,71.7,88.1,DEGRADED,167,agent,GOOD,2026-08-06T05:23:38.249549,CURRENT
TEL-eec60bdd1534,CTRL-EDR,AST-00110,2026-05-14T14:23:38.249549,45.2,56.9,HEALTHY,252,agent,GOOD,2026-05-14T14:23:38.249549,BASELINE
TEL-90a1d5269c34,CTRL-EDR,AST-00110,2026-08-06T00:23:38.249549,65.3,78.0,HEALTHY,477,cloud_api,GOOD,2026-08-06T00:23:38.249549,CURRENT
TEL-7e5a4b011baf,CTRL-EDR,AST-00132,2026-05-12T14:23:38.249549,61.2,60.8,HEALTHY,377,syslog,GOOD,2026-05-12T14:23:38.249549,BASELINE
TEL-ef4697af235b,CTRL-EDR,AST-00132,2026-08-08T14:23:38.249549,92.1,76.0,HEALTHY,492,agent,BAD,2026-08-08T14:23:38.249549,CURRENT
TEL-4def59a2da3a,CTRL-EDR,AST-00084,2026-05-14T14:23:38.249549,49.3,41.3,HEALTHY,498,syslog,GOOD,2026-05-14T14:23:38.249549,BASELINE
TEL-f3428c9710ed,CTRL-EDR,AST-00084,2026-08-04T05:23:38.249549,71.3,60.9,DEGRADED,38,syslog,GOOD,2026-08-04T05:23:38.249549,CURRENT
TEL-b39744f848fd,CTRL-EDR,AST-00220,2026-05-12T14:23:38.249549,58.0,47.1,HEALTHY,376,cloud_api,GOOD,2026-05-12T14:23:38.249549,BASELINE
TEL-0285f4ff887e,CTRL-EDR,AST-00220,2026-07-29T17:23:38.249549,97.2,67.3,HEALTHY,399,syslog,GOOD,2026-07-29T17:23:38.249549,CURRENT
TEL-c7bcae5c2513,CTRL-EDR,AST-00103,2026-05-12T14:23:38.249549,48.2,49.4,HEALTHY,135,agent,GOOD,2026-05-12T14:23:38.249549,BASELINE
TEL-ee911f67499d,CTRL-EDR,AST-00103,2026-07-31T09:23:38.249549,74.4,66.8,HEALTHY,308,agent,GOOD,2026-07-31T09:23:38.249549,CURRENT
TEL-94b7c0609791,CTRL-EDR,AST-00025,2026-05-13T14:23:38.249549,-70.7,61.3,FAILED,15,cloud_api,DEGRADED,2026-05-13T14:23:38.249549,BASELINE
TEL-826fc624c1ec,CTRL-EDR,AST-00025,2026-08-03T03:23:38.249549,89.4,95.7,HEALTHY,52,agent,GOOD,2026-08-03T03:23:38.249549,CURRENT
TEL-ddf11af4365f,CTRL-EDR,AST-00178,2026-05-13T14:23:38.249549,46.9,46.7,DEGRADED,43,syslog,GOOD,2026-05-13T14:23:38.249549,BASELINE
TEL-f6cbe21e5388,CTRL-EDR,AST-00178,2026-08-04T15:23:38.249549,81.4,65.6,FAILED,101,syslog,GOOD,2026-08-04T15:23:38.249549,CURRENT
TEL-b37221c1bea8,CTRL-EDR,AST-00036,2026-05-10T14:23:38.249549,2025-11-30T14:23:38.249549,64.9,DEGRADED,202,cloud_api,GOOD,2026-05-10T14:23:38.249549,BASELINE
TEL-701c604292a2,CTRL-EDR,AST-00036,2026-08-03T16:23:38.249549,86.5,86.5,HEALTHY,95,cloud_api,GOOD,2026-08-03T16:23:38.249549,CURRENT
TEL-62303b65093c,CTRL-EDR,AST-00123,2026-05-12T14:23:38.249549,71.5,58.6,HEALTHY,31,agent,GOOD,2026-05-12T14:23:38.249549,BASELINE
TEL-fd10ee59272f,CTRL-EDR,AST-00123,2026-08-03T07:23:38.249549,87.4,78.5,DEGRADED,269,agent,GOOD,2026-08-03T07:23:38.249549,CURRENT
TEL-c4378b5df261,CTRL-EDR,AST-00083,2026-05-12T14:23:38.249549,69.1,69.7,HEALTHY,467,syslog,GOOD,2026-05-12T14:23:38.249549,BASELINE
TEL-3f9804b0cb69,CTRL-EDR,AST-00083,2026-08-03T12:23:38.249549,100,100,HEALTHY,112,agent,DEGRADED,2026-08-03T12:23:38.249549,CURRENT
TEL-d23e568aff2d,CTRL-EDR,AST-00064,2026-05-14T14:23:38.249549,68.4,69.7,HEALTHY,336,agent,GOOD,2026-05-14T14:23:38.249549,BASELINE
TEL-b7c1d6f81173,CTRL-EDR,AST-00064,2026-08-06T03:23:38.249549,84.8,95.3,HEALTHY,485,agent,GOOD,2026-08-06T03:23:38.249549,CURRENT
TEL-556c7a286b8b,CTRL-EDR,AST-00002,2026-05-11T14:23:38.249549,74.5,68.1,HEALTHY,377,syslog,GOOD,2026-05-11T14:23:38.249549,BASELINE
TEL-604e04810f09,CTRL-EDR,AST-00002,2026-08-06T17:23:38.249549,99.2,100,HEALTHY,290,syslog,GOOD,2026-08-06T17:23:38.249549,CURRENT
TEL-5acafd598f4b,CTRL-EDR,AST-00067,2026-05-14T14:23:38.249549,73.5,64.3,HEALTHY,28,agent,GOOD,2026-05-14T14:23:38.249549,BASELINE
TEL-4724a151fcc4,CTRL-EDR,AST-00067,2026-08-05T07:23:38.249549,-100,98.7,HEALTHY,66,cloud_api,GOOD,2026-08-05T07:23:38.249549,CURRENT
TEL-ac3ec29ae576,CTRL-EDR,AST-00099,2026-05-14T14:23:38.249549,72.6,49.7,HEALTHY,433,syslog,DEGRADED,2026-05-14T14:23:38.249549,BASELINE
TEL-571ab5844821,CTRL-EDR,AST-00099,2026-08-01T02:23:38.249549,100,65.1,DEGRADED,202,syslog,GOOD,2026-08-01T02:23:38.249549,CURRENT
TEL-b5225b3a974f,CTRL-EDR,AST-00061,2026-05-15T14:23:38.249549,54.1,44.7,HEALTHY,495,syslog,GOOD,2026-05-15T14:23:38.249549,BASELINE
TEL-bd57edf4bbb6,CTRL-EDR,AST-00061,2026-08-03T10:23:38.249549,72.5,78.7,HEALTHY,301,agent,GOOD,2026-08-03T10:23:38.249549,CURRENT
TEL-2fea313b2436,CTRL-EDR,AST-00115,2026-05-15T14:23:38.249549,67.0,45.3,FAILED,494,syslog,GOOD,2026-05-15T14:23:38.249549,BASELINE
TEL-2bbd90bee972,CTRL-EDR,AST-00115,2026-08-02T12:23:38.249549,89.4,60.4,FAILED,113,syslog,GOOD,2026-08-02T12:23:38.249549,CURRENT
TEL-238c997d080e,CTRL-EDR,AST-00069,2026-05-12T14:23:38.249549,73.1,62.4,FAILED,420,syslog,GOOD,2026-05-12T14:23:38.249549,BASELINE
TEL-c22c4a9414f7,CTRL-EDR,AST-00069,2026-08-06T20:23:38.249549,91.6,82.1,HEALTHY,107,agent,GOOD,2026-08-06T20:23:38.249549,CURRENT
TEL-af6337fd2f1f,CTRL-EDR,AST-00183,2026-05-13T14:23:38.249549,55.5,61.6,HEALTHY,211,cloud_api,DEGRADED,2026-05-13T14:23:38.249549,BASELINE
TEL-53720ce6d58c,CTRL-EDR,AST-00183,2026-07-31T19:23:38.249549,90.2,77.6,DEGRADED,403,syslog,GOOD,2026-07-31T19:23:38.249549,CURRENT
TEL-9bd7c625d41c,CTRL-EDR,AST-00078,2026-05-12T14:23:38.249549,65.6,42.2,FAILED,37,cloud_api,GOOD,2026-05-12T14:23:38.249549,BASELINE
TEL-16f73a6207d7,CTRL-EDR,AST-00078,2026-08-08T09:23:38.249549,84.7,74.1,HEALTHY,459,agent,GOOD,2026-08-08T09:23:38.249549,CURRENT
TEL-8c48ea96ef26,CTRL-EDR,AST-00218,2026-05-15T14:23:38.249549,74.6,61.1,HEALTHY,27,agent,GOOD,2026-05-15T14:23:38.249549,BASELINE
TEL-bd72a41e9f4c,CTRL-EDR,AST-00218,2026-08-06T20:23:38.249549,100,84.8,HEALTHY,473,syslog,GOOD,2026-08-06T20:23:38.249549,CURRENT
TEL-f5ebac85938f,CTRL-EDR,AST-00201,2026-05-14T14:23:38.249549,64.8,42.9,HEALTHY,1,cloud_api,GOOD,2026-05-14T14:23:38.249549,BASELINE
TEL-a74efa822c6c,CTRL-EDR,AST-00201,2026-07-30T15:23:38.249549,87.3,65.7,HEALTHY,49,agent,GOOD,2026-07-30T15:23:38.249549,CURRENT
TEL-768e695d4ede,CTRL-EDR,AST-00198,2026-05-13T14:23:38.249549,64.1,54.2,HEALTHY,46,syslog,GOOD,2026-05-13T14:23:38.249549,BASELINE
TEL-466e661a1a31,CTRL-EDR,AST-00198,2026-08-03T14:23:38.249549,100,71.5,HEALTHY,228,agent,GOOD,2026-08-03T14:23:38.249549,CURRENT
TEL-5decd3a378a4,CTRL-EDR,AST-00093,2026-05-15T14:23:38.249549,59.0,48.1,HEALTHY,413,syslog,GOOD,2026-05-15T14:23:38.249549,BASELINE
TEL-049138c02c8f,CTRL-EDR,AST-00093,2026-08-01T12:23:38.249549,79.6,64.3,HEALTHY,198,syslog,GOOD,2026-08-01T12:23:38.249549,CURRENT
TEL-b968aeefa733,CTRL-EDR,AST-00153,2026-05-13T14:23:38.249549,61.1,54.2,DEGRADED,365,agent,GOOD,2026-05-13T14:23:38.249549,BASELINE
TEL-ccb3e965379a,CTRL-EDR,AST-00153,2026-08-05T10:23:38.249549,97.7,86.9,HEALTHY,317,agent,GOOD,2026-08-05T10:23:38.249549,CURRENT
TEL-234c04dd6bec,CTRL-EDR,AST-00016,2026-05-11T14:23:38.249549,,69.5,FAILED,222,agent,BAD,2026-05-11T14:23:38.249549,BASELINE
TEL-7e12dda2b2dc,CTRL-EDR,AST-00016,2026-08-07T06:23:38.249549,87.0,100,HEALTHY,466,syslog,DEGRADED,2026-08-07T06:23:38.249549,CURRENT
TEL-3099af761eb9,CTRL-EDR,AST-00031,2026-05-12T14:23:38.249549,47.0,51.9,DEGRADED,402,syslog,GOOD,2026-05-12T14:23:38.249549,BASELINE
TEL-963cdf7850c8,CTRL-EDR,AST-00031,2026-08-03T01:23:38.249549,71.7,73.4,HEALTHY,75,syslog,GOOD,2026-08-03T01:23:38.249549,CURRENT
TEL-66f16495f84c,CTRL-EDR,AST-00187,2026-05-10T14:23:38.249549,67.8,67.7,HEALTHY,176,cloud_api,GOOD,2026-05-10T14:23:38.249549,BASELINE
TEL-e689463292b2,CTRL-EDR,AST-00187,2026-07-31T05:23:38.249549,100,94.0,HEALTHY,88,cloud_api,GOOD,2026-07-31T05:23:38.249549,CURRENT
TEL-23e512e8b8ef,CTRL-EDR,AST-00079,2026-05-12T14:23:38.249549,63.5,52.1,HEALTHY,471,cloud_api,DEGRADED,2026-05-12T14:23:38.249549,BASELINE
TEL-feb26061cd1c,CTRL-EDR,AST-00079,2026-08-01T06:23:38.249549,-95.6,75.0,DEGRADED,350,agent,BAD,2026-08-01T06:23:38.249549,CURRENT
TEL-7fa591d951d4,CTRL-EDR,AST-00041,2026-05-12T14:23:38.249549,51.8,62.3,HEALTHY,45,agent,GOOD,2026-05-12T14:23:38.249549,BASELINE
TEL-a3f26a0d7c77,CTRL-EDR,AST-00041,2026-08-05T18:23:38.249549,74.4,92.8,HEALTHY,264,cloud_api,GOOD,2026-08-05T18:23:38.249549,CURRENT
TEL-3405c8378d3b,CTRL-EDR,AST-00168,2026-05-11T14:23:38.249549,60.5,49.3,DEGRADED,14,agent,GOOD,2026-05-11T14:23:38.249549,BASELINE
TEL-55c4686d0a97,CTRL-EDR,AST-00168,2026-07-31T07:23:38.249549,79.4,74.5,HEALTHY,233,agent,DEGRADED,2026-07-31T07:23:38.249549,CURRENT
TEL-89ea45246585,CTRL-EDR,AST-00129,2026-05-15T14:23:38.249549,66.1,64.7,HEALTHY,190,cloud_api,GOOD,2026-05-15T14:23:38.249549,BASELINE
TEL-2b1f52909113,CTRL-EDR,AST-00129,2026-07-29T18:23:38.249549,88.0,89.8,HEALTHY,179,cloud_api,GOOD,2026-07-29T18:23:38.249549,CURRENT
TEL-395e05ff49b5,CTRL-EDR,AST-00080,2026-05-13T14:23:38.249549,71.8,60.7,HEALTHY,494,agent,DEGRADED,2026-05-13T14:23:38.249549,BASELINE
TEL-62e195a50d75,CTRL-EDR,AST-00080,2026-08-08T02:23:38.249549,100,81.4,HEALTHY,209,syslog,GOOD,2026-08-08T02:23:38.249549,CURRENT
TEL-42f1992a6250,CTRL-EDR,AST-00142,2026-05-15T14:23:38.249549,68.4,40.3,HEALTHY,129,syslog,GOOD,2026-05-15T14:23:38.249549,BASELINE
TEL-fce271019390,CTRL-EDR,AST-00142,2026-08-06T18:23:38.249549,100,73.5,HEALTHY,216,cloud_api,DEGRADED,2026-08-06T18:23:38.249549,CURRENT
TEL-979adac53b52,CTRL-EDR,AST-00175,2026-05-14T14:23:38.249549,58.8,49.1,HEALTHY,339,cloud_api,GOOD,2026-05-14T14:23:38.249549,BASELINE
TEL-e0fb2167d0eb,CTRL-EDR,AST-00175,2026-08-04T09:23:38.249549,79.2,74.5,HEALTHY,246,agent,GOOD,2026-08-04T09:23:38.249549,CURRENT
TEL-b08af727eb9f,CTRL-EDR,AST-00095,2026-05-15T14:23:38.249549,53.3,48.3,HEALTHY,123,agent,GOOD,2026-05-15T14:23:38.249549,BASELINE
TEL-6a6f8b5c12f5,CTRL-EDR,AST-00095,2026-08-05T10:23:38.249549,76.4,76.4,HEALTHY,348,agent,GOOD,2026-08-05T10:23:38.249549,CURRENT
TEL-0f21cd82a09e,CTRL-EDR,AST-00057,2026-05-13T14:23:38.249549,2025-09-20T14:23:38.249549,47.8,DEGRADED,175,syslog,GOOD,2026-05-13T14:23:38.249549,BASELINE
TEL-167d353dba98,CTRL-EDR,AST-00057,2026-07-31T18:23:38.249549,100,71.2,HEALTHY,481,syslog,GOOD,2026-07-31T18:23:38.249549,CURRENT
TEL-dc4cd9680f4b,CTRL-EDR,AST-00180,2026-05-12T14:23:38.249549,54.0,59.7,HEALTHY,371,syslog,GOOD,2026-05-12T14:23:38.249549,BASELINE
TEL-cb213b83ce97,CTRL-EDR,AST-00180,2026-08-07T14:23:38.249549,73.3,85.9,HEALTHY,45,agent,GOOD,2026-08-07T14:23:38.249549,CURRENT
TEL-88bac208007e,CTRL-EDR,AST-00189,2026-05-12T14:23:38.249549,67.3,63.6,DEGRADED,240,agent,DEGRADED,2026-05-12T14:23:38.249549,BASELINE
TEL-ed9a8d71bb6b,CTRL-EDR,AST-00189,2026-08-02T09:23:38.249549,90.0,85.3,HEALTHY,455,agent,GOOD,2026-08-02T09:23:38.249549,CURRENT
TEL-d44efd83fd92,CTRL-EDR,AST-00159,2026-05-11T14:23:38.249549,71.0,49.0,HEALTHY,291,cloud_api,GOOD,2026-05-11T14:23:38.249549,BASELINE
TEL-3042394fc284,CTRL-EDR,AST-00159,2026-08-07T03:23:38.249549,95.6,65.0,HEALTHY,170,syslog,BAD,2026-08-07T03:23:38.249549,CURRENT
TEL-a74c1f98e449,CTRL-EDR,AST-00040,2026-05-11T14:23:38.249549,54.4,53.6,HEALTHY,390,agent,GOOD,2026-05-11T14:23:38.249549,BASELINE
TEL-080ff0caa5a6,CTRL-EDR,AST-00040,2026-08-02T11:23:38.249549,70.9,72.7,HEALTHY,244,cloud_api,GOOD,2026-08-02T11:23:38.249549,CURRENT
TEL-de86dc474c44,CTRL-EDR,AST-00059,2026-05-14T14:23:38.249549,,68.5,HEALTHY,127,agent,GOOD,2026-05-14T14:23:38.249549,BASELINE
TEL-edf6a856856f,CTRL-EDR,AST-00059,2026-08-06T14:23:38.249549,94.3,100,HEALTHY,301,cloud_api,GOOD,2026-08-06T14:23:38.249549,CURRENT
TEL-fb64b610099a,CTRL-EDR,AST-00096,2026-05-14T14:23:38.249549,69.7,48.7,DEGRADED,68,cloud_api,BAD,2026-05-14T14:23:38.249549,BASELINE
TEL-dda74fb65239,CTRL-EDR,AST-00096,2026-08-03T00:23:38.249549,92.2,78.3,HEALTHY,464,cloud_api,GOOD,2026-08-03T00:23:38.249549,CURRENT
TEL-3a42c36d5917,CTRL-EDR,AST-00149,2026-05-14T14:23:38.249549,51.7,46.3,HEALTHY,405,agent,GOOD,2026-05-14T14:23:38.249549,BASELINE
TEL-6f7b8b1df865,CTRL-EDR,AST-00149,2026-08-06T19:23:38.249549,91.4,61.8,HEALTHY,304,agent,GOOD,2026-08-06T19:23:38.249549,CURRENT
TEL-47f8389a1f06,CTRL-EDR,AST-00161,2026-05-13T14:23:38.249549,64.6,60.7,HEALTHY,78,agent,GOOD,2026-05-13T14:23:38.249549,BASELINE
TEL-168d9a8ae477,CTRL-EDR,AST-00161,2026-08-07T07:23:38.249549,80.1,84.0,HEALTHY,339,syslog,GOOD,2026-08-07T07:23:38.249549,CURRENT
TEL-dca351d33237,CTRL-EDR,AST-00054,2026-05-15T14:23:38.249549,63.2,64.9,HEALTHY,54,cloud_api,GOOD,2026-05-15T14:23:38.249549,BASELINE
TEL-e867ded96122,CTRL-EDR,AST-00054,2026-08-02T00:23:38.249549,81.6,82.0,HEALTHY,103,cloud_api,GOOD,2026-08-02T00:23:38.249549,CURRENT
TEL-68a077394809,CTRL-EDR,AST-00090,2026-05-13T14:23:38.249549,53.9,54.9,HEALTHY,45,agent,GOOD,2026-05-13T14:23:38.249549,BASELINE
TEL-422ef7dde569,CTRL-EDR,AST-00090,2026-08-05T02:23:38.249549,69.8,74.0,HEALTHY,261,agent,GOOD,2026-08-05T02:23:38.249549,CURRENT
TEL-979ec52f8ccb,CTRL-EDR,AST-00071,2026-05-12T14:23:38.249549,48.0,46.9,HEALTHY,89,agent,DEGRADED,2026-05-12T14:23:38.249549,BASELINE
TEL-5768306001a6,CTRL-EDR,AST-00071,2026-08-05T19:23:38.249549,69.4,81.7,HEALTHY,59,agent,DEGRADED,2026-08-05T19:23:38.249549,CURRENT
TEL-d6e6a73f5c0b,CTRL-EDR,AST-00194,2026-05-12T14:23:38.249549,71.7,44.2,FAILED,137,syslog,GOOD,2026-05-12T14:23:38.249549,BASELINE
TEL-b49848a21e5a,CTRL-EDR,AST-00194,2026-08-04T19:23:38.249549,87.0,72.1,HEALTHY,492,cloud_api,GOOD,2026-08-04T19:23:38.249549,CURRENT
TEL-5a350a87cab1,CTRL-EDR,AST-00144,2026-05-11T14:23:38.249549,56.6,64.0,HEALTHY,482,agent,GOOD,2026-05-11T14:23:38.249549,BASELINE
TEL-85774750bc5c,CTRL-EDR,AST-00144,2026-08-07T10:23:38.249549,92.8,92.0,HEALTHY,224,agent,GOOD,2026-08-07T10:23:38.249549,CURRENT
TEL-31fdbf5afbc9,CTRL-EDR,AST-00097,2026-05-15T14:23:38.249549,68.4,65.9,DEGRADED,57,cloud_api,GOOD,2026-05-15T14:23:38.249549,BASELINE
TEL-fe380d5023b6,CTRL-EDR,AST-00097,2026-07-30T02:23:38.249549,98.7,98.5,HEALTHY,444,syslog,GOOD,2026-07-30T02:23:38.249549,CURRENT
TEL-7c457ad9bb36,CTRL-EDR,AST-00151,2026-05-12T14:23:38.249549,67.3,46.7,HEALTHY,48,cloud_api,GOOD,2026-05-12T14:23:38.249549,BASELINE
TEL-51587e0ea8ec,CTRL-EDR,AST-00151,2026-08-03T02:23:38.249549,100,80.8,HEALTHY,197,agent,GOOD,2026-08-03T02:23:38.249549,CURRENT
TEL-762cd9865d64,CTRL-EDR,AST-00163,2026-05-11T14:23:38.249549,61.8,41.6,DEGRADED,445,agent,GOOD,2026-05-11T14:23:38.249549,BASELINE
TEL-11f2b180a1de,CTRL-EDR,AST-00163,2026-08-03T05:23:38.249549,100,69.5,FAILED,25,syslog,GOOD,2026-08-03T05:23:38.249549,CURRENT
TEL-25076a9fbd14,CTRL-EDR,AST-00196,2026-05-14T14:23:38.249549,64.3,47.0,HEALTHY,161,agent,BAD,2026-05-14T14:23:38.249549,BASELINE
TEL-2b5642daffd9,CTRL-EDR,AST-00196,2026-08-03T20:23:38.249549,89.4,71.2,HEALTHY,285,syslog,GOOD,2026-07-19T14:23:38.249549,CURRENT
TEL-735f4a372d16,CTRL-EDR,AST-00106,2026-05-14T14:23:38.249549,47.7,58.6,HEALTHY,486,cloud_api,GOOD,2026-05-14T14:23:38.249549,BASELINE
TEL-39babadbf7a1,CTRL-EDR,AST-00106,2026-08-02T15:23:38.249549,,79.7,HEALTHY,392,syslog,GOOD,2026-08-02T15:23:38.249549,CURRENT
TEL-d770413a591f,CTRL-EDR,AST-00197,2026-05-15T14:23:38.249549,1066.5,53.6,FAILED,149,syslog,GOOD,2026-05-15T14:23:38.249549,BASELINE
TEL-89fa27f96ce4,CTRL-EDR,AST-00197,2026-08-06T06:23:38.249549,90.6,70.5,HEALTHY,420,syslog,GOOD,2026-07-26T14:23:38.249549,CURRENT
TEL-949ddd279460,CTRL-EDR,AST-00098,2026-05-13T14:23:38.249549,57.3,45.9,HEALTHY,366,cloud_api,GOOD,2026-05-13T14:23:38.249549,BASELINE
TEL-88b51fcffe7e,CTRL-EDR,AST-00098,2026-08-06T07:23:38.249549,78.6,63.3,DEGRADED,301,agent,GOOD,2026-08-06T07:23:38.249549,CURRENT
TEL-03f351f56450,CTRL-EDR,AST-00032,2026-05-13T14:23:38.249549,58.5,68.7,HEALTHY,478,cloud_api,GOOD,2026-05-13T14:23:38.249549,BASELINE
TEL-87695fe2b69c,CTRL-EDR,AST-00032,2026-08-08T13:23:38.249549,90.0,86.4,DEGRADED,90,syslog,GOOD,2026-08-08T13:23:38.249549,CURRENT
TEL-136fabe6c2b9,CTRL-EDR,AST-00088,2026-05-12T14:23:38.249549,66.9,51.6,HEALTHY,311,syslog,GOOD,2026-05-12T14:23:38.249549,BASELINE
TEL-04cb70f96910,CTRL-EDR,AST-00088,2026-08-03T05:23:38.249549,85.1,78.6,FAILED,231,agent,GOOD,2026-08-03T05:23:38.249549,CURRENT
TEL-fb6517fe0cd2,CTRL-EDR,AST-00181,2026-05-14T14:23:38.249549,63.1,55.4,HEALTHY,283,syslog,GOOD,2026-05-14T14:23:38.249549,BASELINE
TEL-49c1c7c638c8,CTRL-EDR,AST-00181,2026-07-30T10:23:38.249549,100,87.2,HEALTHY,471,syslog,GOOD,2026-07-30T10:23:38.249549,CURRENT
TEL-be6d106f7c49,CTRL-EDR,AST-00200,2026-05-15T14:23:38.249549,66.3,45.3,HEALTHY,287,cloud_api,GOOD,2026-05-15T14:23:38.249549,BASELINE
TEL-1153b51f40ac,CTRL-EDR,AST-00200,2026-08-05T04:23:38.249549,100,71.2,HEALTHY,457,syslog,GOOD,2026-08-05T04:23:38.249549,CURRENT
TEL-2b77071ee5f1,CTRL-EDR,AST-00101,2026-05-11T14:23:38.249549,70.4,55.7,HEALTHY,384,agent,BAD,2026-05-11T14:23:38.249549,BASELINE
TEL-321056568b06,CTRL-EDR,AST-00101,2026-08-08T01:23:38.249549,100,71.2,HEALTHY,401,cloud_api,GOOD,2026-08-08T01:23:38.249549,CURRENT
TEL-ded79fe76936,CTRL-EDR,AST-00011,2026-05-15T14:23:38.249549,61.2,53.6,HEALTHY,331,syslog,GOOD,2026-05-15T14:23:38.249549,BASELINE
TEL-96da0ba46bef,CTRL-EDR,AST-00011,2026-07-31T17:23:38.249549,85.2,80.9,HEALTHY,354,syslog,GOOD,2026-07-31T17:23:38.249549,CURRENT
TEL-370a45378f81,CTRL-EDR,AST-00068,2026-05-14T14:23:38.249549,-56.4,63.6,DEGRADED,440,cloud_api,GOOD,2026-05-14T14:23:38.249549,BASELINE
TEL-fc75efbd72f2,CTRL-EDR,AST-00068,2026-08-08T01:23:38.249549,81.9,92.3,HEALTHY,386,syslog,GOOD,2026-08-08T01:23:38.249549,CURRENT
TEL-59293117a2de,CTRL-EDR,AST-00058,2026-05-11T14:23:38.249549,63.1,68.9,FAILED,376,syslog,GOOD,2026-05-11T14:23:38.249549,BASELINE
TEL-2afb116c7e9d,CTRL-EDR,AST-00058,2026-08-01T08:23:38.249549,1097.5,89.8,HEALTHY,130,agent,GOOD,2026-08-01T08:23:38.249549,CURRENT
TEL-2332bdf96312,CTRL-EDR,AST-00105,2026-05-10T14:23:38.249549,66.3,44.6,HEALTHY,338,cloud_api,GOOD,2026-05-10T14:23:38.249549,BASELINE
TEL-9dd8baf6193f,CTRL-EDR,AST-00105,2026-07-31T08:23:38.249549,85.2,66.1,HEALTHY,162,syslog,GOOD,2026-07-31T08:23:38.249549,CURRENT
TEL-213ac6e8f556,CTRL-EDR,AST-00091,2026-05-14T14:23:38.249549,50.5,55.2,HEALTHY,109,syslog,GOOD,2026-05-14T14:23:38.249549,BASELINE
TEL-99d1a6415f1c,CTRL-EDR,AST-00091,2026-08-04T07:23:38.249549,67.2,78.5,HEALTHY,271,cloud_api,BAD,2026-08-04T07:23:38.249549,CURRENT
TEL-3c8c1d00d383,CTRL-EDR,AST-00047,2026-05-13T14:23:38.249549,69.7,40.3,HEALTHY,318,agent,DEGRADED,2026-05-13T14:23:38.249549,BASELINE
TEL-9c38b43ca262,CTRL-EDR,AST-00047,2026-08-06T01:23:38.249549,100,68.6,DEGRADED,483,agent,GOOD,2026-08-06T01:23:38.249549,CURRENT
TEL-713e2045c442,CTRL-EDR,AST-00207,2026-05-12T14:23:38.249549,61.2,67.3,HEALTHY,22,cloud_api,DEGRADED,2026-05-12T14:23:38.249549,BASELINE
TEL-9b7b0f75012d,CTRL-EDR,AST-00207,2026-08-03T03:23:38.249549,83.3,98.8,DEGRADED,85,syslog,GOOD,2026-08-03T03:23:38.249549,CURRENT
TEL-1d2e6566465c,CTRL-EDR,AST-00195,2026-05-15T14:23:38.249549,63.8,58.9,HEALTHY,424,syslog,DEGRADED,2026-05-15T14:23:38.249549,BASELINE
TEL-143f8d62ff5e,CTRL-EDR,AST-00195,2026-08-04T02:23:38.249549,84.1,78.1,DEGRADED,36,syslog,GOOD,2026-08-04T02:23:38.249549,CURRENT
TEL-6b6a8f53e2b4,CTRL-EDR,AST-00015,2026-05-11T14:23:38.249549,45.7,41.1,HEALTHY,420,agent,DEGRADED,2026-05-11T14:23:38.249549,BASELINE
TEL-94b6b04a014f,CTRL-EDR,AST-00015,2026-07-31T03:23:38.249549,78.6,57.6,HEALTHY,161,agent,GOOD,2026-07-31T03:23:38.249549,CURRENT
TEL-70c532ccfc64,CTRL-EDR,AST-00008,2026-05-15T14:23:38.249549,,61.6,HEALTHY,257,agent,GOOD,2026-05-15T14:23:38.249549,BASELINE
TEL-6c0b9cd4ef4c,CTRL-EDR,AST-00008,2026-08-02T09:23:38.249549,63.7,77.9,HEALTHY,474,cloud_api,GOOD,2026-08-02T09:23:38.249549,CURRENT
TEL-77de57ff3229,CTRL-EDR,AST-00121,2026-05-15T14:23:38.249549,69.7,44.7,DEGRADED,151,syslog,GOOD,2026-05-15T14:23:38.249549,BASELINE
TEL-58e35e71ab98,CTRL-EDR,AST-00121,2026-08-04T10:23:38.249549,85.4,64.1,HEALTHY,373,syslog,GOOD,2026-08-04T10:23:38.249549,CURRENT
TEL-1510a1aa0ee8,CTRL-EDR,AST-00065,2026-05-10T14:23:38.249549,73.5,56.7,HEALTHY,484,agent,GOOD,2026-05-10T14:23:38.249549,BASELINE
TEL-2567c50cd8bc,CTRL-EDR,AST-00065,2026-08-02T12:23:38.249549,100,74.1,HEALTHY,211,syslog,DEGRADED,2026-08-02T12:23:38.249549,CURRENT
TEL-175a193ee1d6,CTRL-EDR,AST-00026,2026-05-10T14:23:38.249549,49.3,58.5,HEALTHY,27,syslog,GOOD,2026-05-10T14:23:38.249549,BASELINE
TEL-09a945cb9a6b,CTRL-EDR,AST-00026,2026-08-06T16:23:38.249549,68.9,78.6,HEALTHY,50,agent,GOOD,2026-08-06T16:23:38.249549,CURRENT
TEL-c4a459ac3422,CTRL-EDR,AST-00074,2026-05-10T14:23:38.249549,59.6,43.8,DEGRADED,162,cloud_api,GOOD,2026-05-10T14:23:38.249549,BASELINE
TEL-5e3181daeab9,CTRL-EDR,AST-00074,2026-08-05T14:23:38.249549,82.9,72.0,HEALTHY,289,syslog,GOOD,2026-08-05T14:23:38.249549,CURRENT
TEL-3fdd81f1475a,CTRL-EDR,AST-00141,2026-05-11T14:23:38.249549,54.5,40.1,HEALTHY,430,cloud_api,GOOD,2026-05-11T14:23:38.249549,BASELINE
TEL-1ccc1fbf5785,CTRL-EDR,AST-00141,2026-08-01T00:23:38.249549,80.2,60.1,HEALTHY,183,cloud_api,GOOD,2026-08-01T00:23:38.249549,CURRENT
TEL-397da9dc998e,CTRL-EDR,AST-00020,2026-05-11T14:23:38.249549,48.3,42.5,HEALTHY,453,syslog,GOOD,2026-05-11T14:23:38.249549,BASELINE
TEL-b853c0a9584a,CTRL-EDR,AST-00020,2026-07-30T02:23:38.249549,79.4,63.1,HEALTHY,416,syslog,GOOD,2026-07-15T14:23:38.249549,CURRENT
TEL-0a3e34337aa5,CTRL-EDR,AST-00022,2026-05-14T14:23:38.249549,68.1,41.1,HEALTHY,200,agent,DEGRADED,2026-05-14T14:23:38.249549,BASELINE
TEL-7bb82a2a95f8,CTRL-EDR,AST-00022,2026-08-03T14:23:38.249549,88.4,61.3,HEALTHY,256,syslog,GOOD,2026-08-03T14:23:38.249549,CURRENT
TEL-9f1ff0d48f88,CTRL-EDR,AST-00182,2026-05-14T14:23:38.249549,55.9,47.2,HEALTHY,228,agent,GOOD,2026-05-14T14:23:38.249549,BASELINE
TEL-d9d7ab0ab97a,CTRL-EDR,AST-00182,2026-08-01T07:23:38.249549,71.2,81.4,FAILED,376,syslog,GOOD,2026-08-01T07:23:38.249549,CURRENT
TEL-ec9377277bd9,CTRL-EDR,AST-00174,2026-05-12T14:23:38.249549,,54.6,HEALTHY,405,cloud_api,GOOD,2026-05-12T14:23:38.249549,BASELINE
TEL-c6deb3f6f88b,CTRL-EDR,AST-00174,2026-08-06T03:23:38.249549,76.2,70.9,HEALTHY,332,cloud_api,GOOD,2026-08-06T03:23:38.249549,CURRENT
TEL-60a7cda3c30a,CTRL-EDR,AST-00131,2026-05-14T14:23:38.249549,74.1,48.2,HEALTHY,193,cloud_api,GOOD,2026-05-14T14:23:38.249549,BASELINE
TEL-c0f36d373a9e,CTRL-EDR,AST-00131,2026-08-02T19:23:38.249549,100,78.0,HEALTHY,498,agent,GOOD,2026-08-02T19:23:38.249549,CURRENT
TEL-187bd535cf6c,CTRL-EDR,AST-00112,2026-05-14T14:23:38.249549,55.6,54.6,HEALTHY,84,agent,GOOD,2026-05-14T14:23:38.249549,BASELINE
TEL-fe76f14826e5,CTRL-EDR,AST-00112,2026-08-08T13:23:38.249549,92.3,79.2,HEALTHY,185,syslog,GOOD,2026-08-08T13:23:38.249549,CURRENT
TEL-cc0466de6042,CTRL-EDR,AST-00027,2026-05-13T14:23:38.249549,48.5,64.3,HEALTHY,82,syslog,GOOD,2026-05-13T14:23:38.249549,BASELINE
TEL-2261fe453ff5,CTRL-EDR,AST-00027,2026-08-01T10:23:38.249549,,93.7,HEALTHY,68,syslog,GOOD,2026-08-01T10:23:38.249549,CURRENT
TEL-38975b1144dc,CTRL-EDR,AST-00203,2026-05-14T14:23:38.249549,71.7,45.0,HEALTHY,9,syslog,GOOD,2026-05-14T14:23:38.249549,BASELINE
TEL-219b10882a84,CTRL-EDR,AST-00203,2026-08-04T07:23:38.249549,90.4,78.4,HEALTHY,310,cloud_api,DEGRADED,2026-08-04T07:23:38.249549,CURRENT
TEL-e6837c97b162,CTRL-EDR,AST-00063,2026-05-11T14:23:38.249549,50.1,58.0,HEALTHY,370,syslog,GOOD,2026-05-11T14:23:38.249549,BASELINE
TEL-ddd085a6a3a9,CTRL-EDR,AST-00063,2026-08-01T23:23:38.249549,85.9,88.9,HEALTHY,197,agent,GOOD,2026-08-01T23:23:38.249549,CURRENT
TEL-3dfefbd8a477,CTRL-EDR,AST-00012,2026-05-11T14:23:38.249549,51.1,55.1,HEALTHY,314,syslog,GOOD,2026-05-11T14:23:38.249549,BASELINE
TEL-f03701d3b957,CTRL-EDR,AST-00012,2026-08-02T03:23:38.249549,87.6,78.5,HEALTHY,246,syslog,GOOD,2026-08-02T03:23:38.249549,CURRENT
TEL-3756a18d7c7f,CTRL-EDR,AST-00179,2026-05-15T14:23:38.249549,63.1,66.9,HEALTHY,22,syslog,GOOD,2026-05-15T14:23:38.249549,BASELINE
TEL-f296e75396af,CTRL-EDR,AST-00179,2026-08-04T00:23:38.249549,98.8,97.4,HEALTHY,195,cloud_api,GOOD,2026-08-04T00:23:38.249549,CURRENT
TEL-5ebac816282d,CTRL-EDR,AST-00138,2026-05-11T14:23:38.249549,67.2,60.9,HEALTHY,439,agent,GOOD,2026-05-11T14:23:38.249549,BASELINE
TEL-65b13b9696cd,CTRL-EDR,AST-00138,2026-08-05T21:23:38.249549,100,77.9,HEALTHY,363,syslog,GOOD,2026-08-05T21:23:38.249549,CURRENT
TEL-787b41b3ae0f,CTRL-EDR,AST-00109,2026-05-15T14:23:38.249549,62.3,40.2,HEALTHY,79,cloud_api,GOOD,2026-05-15T14:23:38.249549,BASELINE
TEL-4d14cd23b54b,CTRL-EDR,AST-00109,2026-07-31T01:23:38.249549,80.3,68.3,HEALTHY,187,syslog,GOOD,2026-07-31T01:23:38.249549,CURRENT
TEL-6c14cdc0e193,CTRL-EDR,AST-00215,2026-05-13T14:23:38.249549,65.4,52.4,HEALTHY,129,cloud_api,GOOD,2026-05-13T14:23:38.249549,BASELINE
TEL-9fb66002b2bc,CTRL-EDR,AST-00215,2026-08-06T17:23:38.249549,99.3,83.1,HEALTHY,442,syslog,GOOD,2026-08-06T17:23:38.249549,CURRENT
TEL-ca30ac25d34e,CTRL-EDR,AST-00017,2026-05-14T14:23:38.249549,51.9,68.5,DEGRADED,314,syslog,GOOD,2026-05-14T14:23:38.249549,BASELINE
TEL-548ea7caa2bd,CTRL-EDR,AST-00017,2026-08-04T08:23:38.249549,1086.5,85.5,DEGRADED,241,syslog,GOOD,2026-07-29T14:23:38.249549,CURRENT
TEL-7f2123115e87,CTRL-EDR,AST-00081,2026-05-13T14:23:38.249549,46.9,42.4,HEALTHY,266,cloud_api,GOOD,2026-05-13T14:23:38.249549,BASELINE
TEL-ca86bdc08fe9,CTRL-EDR,AST-00081,2026-07-29T16:23:38.249549,67.5,58.2,DEGRADED,327,cloud_api,GOOD,2026-07-29T16:23:38.249549,CURRENT
TEL-03a89dc49721,CTRL-EDR,AST-00216,2026-05-10T14:23:38.249549,51.1,64.1,HEALTHY,118,syslog,GOOD,2026-05-10T14:23:38.249549,BASELINE
TEL-f6cfd5fa0141,CTRL-EDR,AST-00216,2026-07-31T06:23:38.249549,,84.8,FAILED,44,cloud_api,GOOD,2026-07-31T06:23:38.249549,CURRENT
TEL-b41d2007095e,CTRL-EDR,AST-00125,2026-05-15T14:23:38.249549,55.6,57.6,HEALTHY,145,syslog,GOOD,2026-05-15T14:23:38.249549,BASELINE
TEL-ba45d2318e7b,CTRL-EDR,AST-00125,2026-08-01T02:23:38.249549,80.5,82.9,FAILED,141,agent,GOOD,2026-08-01T02:23:38.249549,CURRENT
TEL-c354b1301ec1,CTRL-EDR,AST-00154,2026-05-13T14:23:38.249549,50.8,57.2,HEALTHY,150,cloud_api,DEGRADED,2026-05-13T14:23:38.249549,BASELINE
TEL-e0b8b42ef583,CTRL-EDR,AST-00154,2026-08-03T05:23:38.249549,89.1,77.5,DEGRADED,416,syslog,GOOD,2026-08-03T05:23:38.249549,CURRENT
TEL-658ebf0425db,CTRL-EDR,AST-00204,2026-05-12T14:23:38.249549,58.3,54.5,HEALTHY,300,agent,GOOD,2026-05-12T14:23:38.249549,BASELINE
TEL-364991f030b1,CTRL-EDR,AST-00204,2026-07-31T08:23:38.249549,82.7,74.4,HEALTHY,112,syslog,GOOD,2026-07-31T08:23:38.249549,CURRENT
TEL-a3ee93aec75c,CTRL-EDR,AST-00217,2026-05-15T14:23:38.249549,69.0,50.6,HEALTHY,204,syslog,GOOD,2026-05-15T14:23:38.249549,BASELINE
TEL-93d658bc97d5,CTRL-EDR,AST-00217,2026-07-30T17:23:38.249549,94.3,76.3,HEALTHY,160,cloud_api,GOOD,2026-07-30T17:23:38.249549,CURRENT
TEL-48a835000bb5,CTRL-EDR,AST-00128,2026-05-11T14:23:38.249549,62.2,62.4,HEALTHY,123,cloud_api,GOOD,2026-05-11T14:23:38.249549,BASELINE
TEL-1235b640b1b5,CTRL-EDR,AST-00128,2026-08-03T07:23:38.249549,81.8,96.0,HEALTHY,79,agent,GOOD,2026-08-03T07:23:38.249549,CURRENT
TEL-d7c8c16d1f52,CTRL-EDR,AST-00148,2026-05-14T14:23:38.249549,47.4,54.8,HEALTHY,161,cloud_api,DEGRADED,2026-05-14T14:23:38.249549,BASELINE
TEL-728466da1f08,CTRL-EDR,AST-00148,2026-08-08T04:23:38.249549,86.2,69.9,HEALTHY,93,syslog,GOOD,2026-08-08T04:23:38.249549,CURRENT
TEL-606150d85f2a,CTRL-EDR,AST-00051,2026-05-13T14:23:38.249549,51.7,41.6,HEALTHY,201,syslog,GOOD,2026-05-13T14:23:38.249549,BASELINE
TEL-6dde00f48752,CTRL-EDR,AST-00051,2026-07-29T14:23:38.249549,81.1,72.6,HEALTHY,161,syslog,GOOD,2026-07-29T14:23:38.249549,CURRENT
TEL-d02b3591e9f1,CTRL-EDR,AST-00033,2026-05-12T14:23:38.249549,65.2,43.0,HEALTHY,241,syslog,GOOD,2026-05-12T14:23:38.249549,BASELINE
TEL-a1091ab48da2,CTRL-EDR,AST-00033,2026-08-06T15:23:38.249549,89.7,65.3,HEALTHY,385,cloud_api,GOOD,2026-08-06T15:23:38.249549,CURRENT
TEL-df9b1418fba4,CTRL-EDR,AST-00001,2026-05-15T14:23:38.249549,57.0,57.1,HEALTHY,411,agent,GOOD,2026-05-15T14:23:38.249549,BASELINE
TEL-3ae91c1110d3,CTRL-EDR,AST-00001,2026-08-06T04:23:38.249549,83.3,91.7,DEGRADED,378,agent,GOOD,2026-08-06T04:23:38.249549,CURRENT
TEL-258aec08cb07,CTRL-EDR,AST-00113,2026-05-15T14:23:38.249549,45.3,44.0,HEALTHY,249,cloud_api,GOOD,2026-05-15T14:23:38.249549,BASELINE
TEL-ef924c362d81,CTRL-EDR,AST-00113,2026-08-03T02:23:38.249549,70.8,76.9,HEALTHY,30,agent,GOOD,2026-07-28T14:23:38.249549,CURRENT
TEL-8914f65f6dc6,CTRL-EDR,AST-00100,2026-05-12T14:23:38.249549,59.3,53.5,DEGRADED,131,cloud_api,GOOD,2026-05-12T14:23:38.249549,BASELINE
TEL-7e8c045757b0,CTRL-EDR,AST-00100,2026-08-04T18:23:38.249549,90.0,75.2,FAILED,101,syslog,GOOD,2026-08-04T18:23:38.249549,CURRENT
TEL-bed44309f8ad,CTRL-EDR,AST-00092,2026-05-15T14:23:38.249549,64.5,63.4,HEALTHY,455,agent,GOOD,2026-05-15T14:23:38.249549,BASELINE
TEL-4b7e182cde0f,CTRL-EDR,AST-00092,2026-08-03T04:23:38.249549,83.8,85.5,HEALTHY,85,syslog,GOOD,2026-08-03T04:23:38.249549,CURRENT
TEL-34e05f107d2c,CTRL-EDR,AST-00133,2026-05-10T14:23:38.249549,55.1,57.1,HEALTHY,162,syslog,GOOD,2026-05-10T14:23:38.249549,BASELINE
TEL-ea631265f07d,CTRL-EDR,AST-00133,2026-08-07T18:23:38.249549,85.9,89.1,HEALTHY,227,cloud_api,GOOD,2026-08-07T18:23:38.249549,CURRENT
TEL-c63b35cef2e9,CTRL-EDR,AST-00169,2026-05-11T14:23:38.249549,60.6,45.0,HEALTHY,380,syslog,GOOD,2026-05-11T14:23:38.249549,BASELINE
TEL-f137ddffcab4,CTRL-EDR,AST-00169,2026-07-31T20:23:38.249549,86.9,77.1,HEALTHY,479,cloud_api,GOOD,2026-07-31T20:23:38.249549,CURRENT
TEL-b700333f1f2e,CTRL-EDR,AST-00171,2026-05-12T14:23:38.249549,45.8,62.9,HEALTHY,453,cloud_api,GOOD,2026-05-12T14:23:38.249549,BASELINE
TEL-dda08111a793,CTRL-EDR,AST-00171,2026-08-02T00:23:38.249549,70.7,79.6,HEALTHY,67,syslog,GOOD,2026-08-02T00:23:38.249549,CURRENT
TEL-23a68dce67bd,CTRL-EDR,AST-00005,2026-05-13T14:23:38.249549,45.9,65.8,HEALTHY,139,syslog,GOOD,2026-05-13T14:23:38.249549,BASELINE
TEL-66648bfe4c96,CTRL-EDR,AST-00005,2026-08-03T15:23:38.249549,77.4,87.3,HEALTHY,305,cloud_api,GOOD,2026-08-03T15:23:38.249549,CURRENT
TEL-c487776a7645,CTRL-EDR,AST-00188,2026-05-12T14:23:38.249549,64.1,55.7,HEALTHY,412,agent,GOOD,2026-05-12T14:23:38.249549,BASELINE
TEL-f7c2db22dbcb,CTRL-EDR,AST-00188,2026-07-29T22:23:38.249549,93.2,83.5,HEALTHY,0,syslog,GOOD,2026-07-29T22:23:38.249549,CURRENT
TEL-b4ac64641644,CTRL-EDR,AST-00177,2026-05-13T14:23:38.249549,70.4,54.1,HEALTHY,220,cloud_api,GOOD,2026-05-13T14:23:38.249549,BASELINE
TEL-2def87362aff,CTRL-EDR,AST-00177,2026-07-31T13:23:38.249549,94.0,69.2,HEALTHY,451,syslog,GOOD,2026-07-31T13:23:38.249549,CURRENT
TEL-57ad3759a182,CTRL-EDR,AST-00145,2026-05-11T14:23:38.249549,52.5,59.4,HEALTHY,264,syslog,GOOD,2026-05-11T14:23:38.249549,BASELINE
TEL-0f4cf8371340,CTRL-EDR,AST-00145,2026-08-05T19:23:38.249549,85.4,90.9,HEALTHY,414,cloud_api,GOOD,2026-08-05T19:23:38.249549,CURRENT
TEL-fee6a093fd64,CTRL-EDR,AST-00191,2026-05-14T14:23:38.249549,70.6,48.7,HEALTHY,96,cloud_api,GOOD,2026-05-14T14:23:38.249549,BASELINE
TEL-7f7c0f0c04eb,CTRL-EDR,AST-00191,2026-08-03T19:23:38.249549,2026-06-28T14:23:38.249549,76.4,HEALTHY,137,agent,GOOD,2026-08-03T19:23:38.249549,CURRENT
TEL-e282ab62adac,CTRL-EDR,AST-00158,2026-05-12T14:23:38.249549,66.8,44.5,HEALTHY,190,cloud_api,GOOD,2026-05-12T14:23:38.249549,BASELINE
TEL-e5807a08dd8b,CTRL-EDR,AST-00158,2026-08-04T03:23:38.249549,,69.4,FAILED,28,cloud_api,GOOD,2026-08-04T03:23:38.249549,CURRENT
TEL-a8dab7a361eb,CTRL-EDR,AST-00019,2026-05-13T14:23:38.249549,2026-03-04T14:23:38.249549,45.8,HEALTHY,499,cloud_api,GOOD,2026-05-13T14:23:38.249549,BASELINE
TEL-71cee3dab079,CTRL-EDR,AST-00019,2026-07-30T18:23:38.249549,73.9,77.6,HEALTHY,48,syslog,GOOD,2026-07-30T18:23:38.249549,CURRENT
TEL-389036eddeec,CTRL-EDR,AST-00150,2026-05-11T14:23:38.249549,51.3,68.8,HEALTHY,281,syslog,GOOD,2026-05-11T14:23:38.249549,BASELINE
TEL-562fc7e46ec9,CTRL-EDR,AST-00150,2026-08-01T21:23:38.249549,76.0,100,HEALTHY,26,syslog,GOOD,2026-08-01T21:23:38.249549,CURRENT
TEL-8d0e6ee67f4d,CTRL-EDR,AST-00082,2026-05-12T14:23:38.249549,48.4,49.7,HEALTHY,4,agent,GOOD,2026-05-12T14:23:38.249549,BASELINE
TEL-1cef683f3482,CTRL-EDR,AST-00082,2026-08-02T09:23:38.249549,79.2,68.1,HEALTHY,394,agent,GOOD,2026-08-02T09:23:38.249549,CURRENT
TEL-41fb5bd6419d,CTRL-EDR,AST-00172,2026-05-15T14:23:38.249549,2026-04-22T14:23:38.249549,50.2,HEALTHY,405,agent,GOOD,2026-05-15T14:23:38.249549,BASELINE
TEL-b5ec63cb4948,CTRL-EDR,AST-00172,2026-08-07T23:23:38.249549,92.1,84.5,HEALTHY,387,cloud_api,GOOD,2026-08-07T23:23:38.249549,CURRENT
TEL-3e198a761747,CTRL-EDR,AST-00009,2026-05-11T14:23:38.249549,58.2,60.7,HEALTHY,224,syslog,GOOD,2026-05-11T14:23:38.249549,BASELINE
TEL-d7d6692edd10,CTRL-EDR,AST-00009,2026-08-05T22:23:38.249549,78.0,82.8,HEALTHY,178,cloud_api,GOOD,2026-08-05T22:23:38.249549,CURRENT
TEL-4e813c7a6edc,CTRL-EDR,AST-00089,2026-05-10T14:23:38.249549,53.3,67.4,HEALTHY,134,syslog,GOOD,2026-05-10T14:23:38.249549,BASELINE
TEL-3ecbf9eca4b7,CTRL-EDR,AST-00089,2026-08-02T23:23:38.249549,2025-10-23T14:23:38.249549,93.5,HEALTHY,9,syslog,DEGRADED,2026-08-02T23:23:38.249549,CURRENT
TEL-776a14e5d581,CTRL-EDR,AST-00211,2026-05-14T14:23:38.249549,68.3,61.6,HEALTHY,254,syslog,GOOD,2026-05-14T14:23:38.249549,BASELINE
TEL-a5f849321819,CTRL-EDR,AST-00211,2026-07-30T21:23:38.249549,89.3,89.8,HEALTHY,49,syslog,GOOD,2026-07-30T21:23:38.249549,CURRENT
TEL-c5380b458ad5,CTRL-EDR,AST-00124,2026-05-10T14:23:38.249549,46.3,45.4,HEALTHY,328,cloud_api,GOOD,2026-05-10T14:23:38.249549,BASELINE
TEL-717cbce2ed20,CTRL-EDR,AST-00124,2026-08-03T10:23:38.249549,84.8,61.0,HEALTHY,187,agent,GOOD,2026-08-03T10:23:38.249549,CURRENT
TEL-82651505a216,CTRL-EDR,AST-00052,2026-05-10T14:23:38.249549,47.1,46.3,HEALTHY,285,syslog,DEGRADED,2026-05-10T14:23:38.249549,BASELINE
TEL-d4153f6ebd90,CTRL-EDR,AST-00052,2026-08-03T15:23:38.249549,85.4,71.1,HEALTHY,421,syslog,GOOD,2026-08-03T15:23:38.249549,CURRENT
TEL-d55c08a0cdc5,CTRL-EDR,AST-00024,2026-05-14T14:23:38.249549,46.2,49.1,HEALTHY,197,agent,GOOD,2026-05-14T14:23:38.249549,BASELINE
TEL-eab3879e5e61,CTRL-EDR,AST-00024,2026-08-07T14:23:38.249549,63.0,83.0,DEGRADED,285,syslog,GOOD,2026-08-07T14:23:38.249549,CURRENT
TEL-b572149ac1f4,CTRL-EDR,AST-00162,2026-05-15T14:23:38.249549,67.4,57.3,HEALTHY,405,agent,GOOD,2026-05-15T14:23:38.249549,BASELINE
TEL-abf13b198edd,CTRL-EDR,AST-00162,2026-08-01T12:23:38.249549,100,85.8,HEALTHY,307,cloud_api,DEGRADED,2026-08-01T12:23:38.249549,CURRENT
TEL-5db9008685f7,CTRL-EDR,AST-00184,2026-05-13T14:23:38.249549,72.1,69.9,DEGRADED,165,syslog,GOOD,2026-05-13T14:23:38.249549,BASELINE
TEL-e62eee44682a,CTRL-EDR,AST-00184,2026-07-31T11:23:38.249549,100,100,HEALTHY,381,cloud_api,GOOD,2026-07-31T11:23:38.249549,CURRENT
TEL-927fbbe4e73f,CTRL-EDR,AST-00043,2026-05-12T14:23:38.249549,,40.0,FAILED,154,agent,GOOD,2026-05-12T14:23:38.249549,BASELINE
TEL-6bc607e80e70,CTRL-EDR,AST-00043,2026-08-02T06:23:38.249549,97.6,55.7,HEALTHY,420,syslog,GOOD,2026-08-02T06:23:38.249549,CURRENT
TEL-7cd0ed30e094,CTRL-EDR,AST-00139,2026-05-10T14:23:38.249549,72.6,57.1,HEALTHY,135,cloud_api,DEGRADED,2026-05-10T14:23:38.249549,BASELINE
TEL-4b5310d628e1,CTRL-EDR,AST-00139,2026-08-08T05:23:38.249549,100,83.6,HEALTHY,292,cloud_api,GOOD,2026-08-08T05:23:38.249549,CURRENT
TEL-099d93249e67,CTRL-EDR,AST-00006,2026-05-13T14:23:38.249549,51.5,49.7,HEALTHY,419,agent,GOOD,2026-05-13T14:23:38.249549,BASELINE
TEL-d379a0588f93,CTRL-EDR,AST-00006,2026-07-30T19:23:38.249549,68.5,74.4,HEALTHY,40,agent,DEGRADED,2026-07-30T19:23:38.249549,CURRENT
TEL-bbc83ee22ce7,CTRL-EDR,AST-00136,2026-05-10T14:23:38.249549,55.0,53.0,HEALTHY,434,syslog,DEGRADED,2026-05-10T14:23:38.249549,BASELINE
TEL-3b77c0637f80,CTRL-EDR,AST-00136,2026-07-30T08:23:38.249549,92.0,86.6,HEALTHY,268,agent,GOOD,2026-07-30T08:23:38.249549,CURRENT
TEL-e73956eaa7b5,CTRL-EDR,AST-00049,2026-05-15T14:23:38.249549,61.9,60.9,FAILED,385,syslog,GOOD,2026-05-15T14:23:38.249549,BASELINE
TEL-d83985bcd4b0,CTRL-EDR,AST-00049,2026-07-31T19:23:38.249549,85.1,79.0,HEALTHY,75,agent,GOOD,2026-07-31T19:23:38.249549,CURRENT
TEL-c6e0af95e323,CTRL-EDR,AST-00119,2026-05-13T14:23:38.249549,59.3,56.4,HEALTHY,390,agent,GOOD,2026-05-13T14:23:38.249549,BASELINE
TEL-05cbf0822c3a,CTRL-EDR,AST-00119,2026-08-03T06:23:38.249549,92.9,76.7,HEALTHY,287,syslog,BAD,2026-08-03T06:23:38.249549,CURRENT
TEL-a14e6fc26aaa,CTRL-EDR,AST-00072,2026-05-15T14:23:38.249549,60.7,48.0,HEALTHY,211,cloud_api,GOOD,2026-05-15T14:23:38.249549,BASELINE
TEL-6ed64fef897c,CTRL-EDR,AST-00072,2026-07-29T18:23:38.249549,81.8,71.6,HEALTHY,394,cloud_api,GOOD,2026-07-29T18:23:38.249549,CURRENT
TEL-ba3c5bdf9aa8,CTRL-EDR,AST-00116,2026-05-13T14:23:38.249549,55.5,64.1,HEALTHY,350,cloud_api,GOOD,2026-05-13T14:23:38.249549,BASELINE
TEL-ff5cf84ad964,CTRL-EDR,AST-00116,2026-08-08T03:23:38.249549,91.0,91.5,HEALTHY,124,syslog,DEGRADED,2026-08-08T03:23:38.249549,CURRENT
TEL-9ef7e9a59293,CTRL-EDR,AST-00094,2026-05-10T14:23:38.249549,71.1,40.4,HEALTHY,107,syslog,GOOD,2026-05-10T14:23:38.249549,BASELINE
TEL-3da1819e15f9,CTRL-EDR,AST-00094,2026-08-05T08:23:38.249549,100,69.3,HEALTHY,247,syslog,GOOD,2026-08-05T08:23:38.249549,CURRENT
TEL-11666b932d04,CTRL-EDR,AST-00037,2026-05-15T14:23:38.249549,,40.6,HEALTHY,102,syslog,GOOD,2026-05-15T14:23:38.249549,BASELINE
TEL-84ace2138ae6,CTRL-EDR,AST-00037,2026-08-03T00:23:38.249549,2026-07-05T14:23:38.249549,67.2,HEALTHY,339,syslog,GOOD,2026-08-03T00:23:38.249549,CURRENT
TEL-7a914dcbb1e9,CTRL-EDR,AST-00044,2026-05-13T14:23:38.249549,48.2,66.5,HEALTHY,161,cloud_api,DEGRADED,2026-05-13T14:23:38.249549,BASELINE
TEL-e556c2db3964,CTRL-EDR,AST-00044,2026-08-03T04:23:38.249549,70.5,89.2,HEALTHY,234,syslog,DEGRADED,2026-08-03T04:23:38.249549,CURRENT
TEL-55623bc53c53,CTRL-EDR,AST-00038,2026-05-13T14:23:38.249549,45.6,55.9,HEALTHY,180,cloud_api,GOOD,2026-05-13T14:23:38.249549,BASELINE
TEL-50a798c1cbde,CTRL-EDR,AST-00038,2026-07-31T16:23:38.249549,66.8,77.6,HEALTHY,415,agent,GOOD,2026-07-31T16:23:38.249549,CURRENT
TEL-f5aa0487c50b,CTRL-EDR,AST-00126,2026-05-14T14:23:38.249549,71.4,64.4,HEALTHY,201,syslog,GOOD,2026-05-14T14:23:38.249549,BASELINE
TEL-7db2c8433200,CTRL-EDR,AST-00126,2026-08-05T15:23:38.249549,100,80.0,HEALTHY,446,syslog,GOOD,2026-08-05T15:23:38.249549,CURRENT
TEL-4249494c410a,CTRL-EDR,AST-00134,2026-05-14T14:23:38.249549,57.5,52.8,HEALTHY,334,agent,GOOD,2026-05-14T14:23:38.249549,BASELINE
TEL-6f1f0662b770,CTRL-EDR,AST-00134,2026-08-05T02:23:38.249549,86.8,74.0,HEALTHY,352,syslog,DEGRADED,2026-08-05T02:23:38.249549,CURRENT
TEL-e7816650cf6c,CTRL-EDR,AST-00214,2026-05-15T14:23:38.249549,72.3,67.3,HEALTHY,34,syslog,GOOD,2026-05-15T14:23:38.249549,BASELINE
TEL-6131e93034ff,CTRL-EDR,AST-00214,2026-07-29T16:23:38.249549,98.0,97.7,DEGRADED,74,syslog,GOOD,2026-07-29T16:23:38.249549,CURRENT
TEL-fd52898bfe52,CTRL-EDR,AST-00062,2026-05-15T14:23:38.249549,54.6,68.8,HEALTHY,378,cloud_api,GOOD,2026-05-15T14:23:38.249549,BASELINE
TEL-376885ddd110,CTRL-EDR,AST-00062,2026-07-29T15:23:38.249549,93.9,89.9,HEALTHY,313,syslog,GOOD,2026-07-29T15:23:38.249549,CURRENT
TEL-ce6049360e79,CTRL-EDR,AST-00170,2026-05-12T14:23:38.249549,62.0,47.0,HEALTHY,257,syslog,GOOD,2026-05-12T14:23:38.249549,BASELINE
TEL-f4085fb4adf5,CTRL-EDR,AST-00170,2026-08-07T18:23:38.249549,82.8,75.7,HEALTHY,242,agent,GOOD,2026-08-07T18:23:38.249549,CURRENT
TEL-320a2aa508bc,CTRL-EDR,AST-00152,2026-05-13T14:23:38.249549,51.8,69.1,FAILED,387,agent,GOOD,2026-05-13T14:23:38.249549,BASELINE
TEL-d5d70fc3048d,CTRL-EDR,AST-00152,2026-08-06T06:23:38.249549,77.0,100,DEGRADED,250,syslog,GOOD,2026-08-06T06:23:38.249549,CURRENT
TEL-8ad01649c0ea,CTRL-EDR,AST-00122,2026-05-15T14:23:38.249549,58.7,52.1,HEALTHY,313,syslog,GOOD,2026-05-15T14:23:38.249549,BASELINE
TEL-ebd3a9c61b4c,CTRL-EDR,AST-00122,2026-07-30T19:23:38.249549,79.9,68.0,HEALTHY,19,syslog,GOOD,2026-07-30T19:23:38.249549,CURRENT
TEL-48c5f24c9323,CTRL-EDR,AST-00018,2026-05-14T14:23:38.249549,58.7,66.3,HEALTHY,198,syslog,GOOD,2026-05-14T14:23:38.249549,BASELINE
TEL-8b193dd35080,CTRL-EDR,AST-00018,2026-08-04T09:23:38.249549,95.7,86.2,HEALTHY,452,cloud_api,GOOD,2026-08-04T09:23:38.249549,CURRENT
TEL-aca254d0de78,CTRL-EDR,AST-00014,2026-05-15T14:23:38.249549,53.6,48.8,HEALTHY,330,cloud_api,GOOD,2026-05-15T14:23:38.249549,BASELINE
TEL-a9a626e3b0b7,CTRL-EDR,AST-00014,2026-08-03T02:23:38.249549,72.7,82.2,HEALTHY,457,syslog,GOOD,2026-08-03T02:23:38.249549,CURRENT
TEL-7339401f5c3c,CTRL-MFA,AST-00083,2026-05-10T14:23:38.249549,71.5,48.7,HEALTHY,377,agent,GOOD,2026-05-10T14:23:38.249549,BASELINE
TEL-d06349c42a76,CTRL-MFA,AST-00083,2026-08-08T08:23:38.249549,92.3,67.6,HEALTHY,286,syslog,GOOD,2026-08-08T08:23:38.249549,CURRENT
TEL-1066697e17d5,CTRL-MFA,AST-00116,2026-05-12T14:23:38.249549,64.2,47.6,HEALTHY,58,syslog,GOOD,2026-05-12T14:23:38.249549,BASELINE
TEL-4b6673b5246f,CTRL-MFA,AST-00116,2026-08-03T05:23:38.249549,96.5,64.0,FAILED,426,agent,GOOD,2026-08-03T05:23:38.249549,CURRENT
TEL-310ac7148d56,CTRL-MFA,AST-00007,2026-05-10T14:23:38.249549,70.0,54.4,HEALTHY,235,syslog,DEGRADED,2026-05-10T14:23:38.249549,BASELINE
TEL-067389cd0732,CTRL-MFA,AST-00007,2026-08-01T17:23:38.249549,100,78.9,DEGRADED,28,syslog,GOOD,2026-08-01T17:23:38.249549,CURRENT
TEL-ccd84aa56230,CTRL-MFA,AST-00046,2026-05-15T14:23:38.249549,66.7,56.1,DEGRADED,181,agent,DEGRADED,2026-05-15T14:23:38.249549,BASELINE
TEL-aae832756a48,CTRL-MFA,AST-00046,2026-08-05T02:23:38.249549,89.6,75.2,HEALTHY,431,agent,GOOD,2026-07-19T14:23:38.249549,CURRENT
TEL-cfca01d4dd9c,CTRL-MFA,AST-00117,2026-05-15T14:23:38.249549,56.7,65.9,HEALTHY,211,agent,GOOD,2026-05-15T14:23:38.249549,BASELINE
TEL-c33bcc221a17,CTRL-MFA,AST-00117,2026-07-30T11:23:38.249549,86.6,96.0,FAILED,110,syslog,GOOD,2026-07-30T11:23:38.249549,CURRENT
TEL-af6d46148581,CTRL-MFA,AST-00152,2026-05-13T14:23:38.249549,1048.4,63.3,HEALTHY,174,cloud_api,GOOD,2026-05-13T14:23:38.249549,BASELINE
TEL-97adf1ced67c,CTRL-MFA,AST-00152,2026-08-03T05:23:38.249549,83.0,96.6,HEALTHY,446,agent,GOOD,2026-08-03T05:23:38.249549,CURRENT
TEL-d9309fa9e6a9,CTRL-MFA,AST-00183,2026-05-13T14:23:38.249549,73.1,44.0,HEALTHY,2,cloud_api,DEGRADED,2026-05-13T14:23:38.249549,BASELINE
TEL-f0d1ba78ef75,CTRL-MFA,AST-00183,2026-08-04T11:23:38.249549,100,73.5,HEALTHY,239,agent,GOOD,2026-08-04T11:23:38.249549,CURRENT
TEL-774688879c73,CTRL-MFA,AST-00052,2026-05-15T14:23:38.249549,68.0,40.7,HEALTHY,146,cloud_api,GOOD,2026-05-15T14:23:38.249549,BASELINE
TEL-e777f10f88b6,CTRL-MFA,AST-00052,2026-07-30T02:23:38.249549,100,70.8,HEALTHY,80,cloud_api,GOOD,2026-07-30T02:23:38.249549,CURRENT
TEL-54013410615a,CTRL-MFA,AST-00216,2026-05-14T14:23:38.249549,73.7,43.1,DEGRADED,411,cloud_api,GOOD,2026-05-14T14:23:38.249549,BASELINE
TEL-396dab831968,CTRL-MFA,AST-00216,2026-08-05T05:23:38.249549,100,68.9,DEGRADED,276,cloud_api,GOOD,2026-08-05T05:23:38.249549,CURRENT
TEL-2b42ac596776,CTRL-MFA,AST-00024,2026-05-10T14:23:38.249549,45.9,41.5,HEALTHY,456,syslog,GOOD,2026-05-10T14:23:38.249549,BASELINE
TEL-a323215e2815,CTRL-MFA,AST-00024,2026-08-04T01:23:38.249549,83.5,64.2,HEALTHY,170,agent,GOOD,2026-08-04T01:23:38.249549,CURRENT
TEL-c91cc4e3e79d,CTRL-MFA,AST-00065,2026-05-13T14:23:38.249549,65.1,69.2,DEGRADED,470,syslog,GOOD,2026-05-13T14:23:38.249549,BASELINE
TEL-fbfbd91b551e,CTRL-MFA,AST-00065,2026-08-02T13:23:38.249549,93.5,99.3,HEALTHY,238,cloud_api,GOOD,2026-08-02T13:23:38.249549,CURRENT
TEL-23b9d98e197f,CTRL-MFA,AST-00220,2026-05-13T14:23:38.249549,51.7,58.5,HEALTHY,403,cloud_api,GOOD,2026-05-13T14:23:38.249549,BASELINE
TEL-6bd09fc59a7c,CTRL-MFA,AST-00220,2026-08-06T16:23:38.249549,-88.2,91.8,DEGRADED,144,cloud_api,GOOD,2026-08-06T16:23:38.249549,CURRENT
TEL-9c1913852cb0,CTRL-MFA,AST-00178,2026-05-12T14:23:38.249549,48.8,64.5,HEALTHY,272,cloud_api,GOOD,2026-05-12T14:23:38.249549,BASELINE
TEL-3cb9699d8706,CTRL-MFA,AST-00178,2026-08-02T16:23:38.249549,66.4,95.5,HEALTHY,498,cloud_api,GOOD,2026-08-02T16:23:38.249549,CURRENT
TEL-17c37c186f57,CTRL-MFA,AST-00167,2026-05-13T14:23:38.249549,55.2,57.7,HEALTHY,120,agent,GOOD,2026-05-13T14:23:38.249549,BASELINE
TEL-18971546fc4b,CTRL-MFA,AST-00167,2026-08-02T13:23:38.249549,90.6,88.4,HEALTHY,249,agent,GOOD,2026-08-02T13:23:38.249549,CURRENT
TEL-6b1065f765ef,CTRL-MFA,AST-00214,2026-05-13T14:23:38.249549,58.9,64.7,HEALTHY,305,cloud_api,GOOD,2026-05-13T14:23:38.249549,BASELINE
TEL-51219714229b,CTRL-MFA,AST-00214,2026-08-07T21:23:38.249549,87.8,83.2,HEALTHY,71,syslog,DEGRADED,2026-08-07T21:23:38.249549,CURRENT
TEL-95bdad579fdd,CTRL-MFA,AST-00204,2026-05-14T14:23:38.249549,64.1,44.4,HEALTHY,100,agent,GOOD,2026-05-14T14:23:38.249549,BASELINE
TEL-204ee2c00c4b,CTRL-MFA,AST-00204,2026-08-05T12:23:38.249549,79.1,62.4,DEGRADED,155,cloud_api,GOOD,2026-08-05T12:23:38.249549,CURRENT
TEL-d6eb86f55f47,CTRL-MFA,AST-00042,2026-05-14T14:23:38.249549,72.5,57.5,DEGRADED,31,cloud_api,DEGRADED,2026-05-14T14:23:38.249549,BASELINE
TEL-b68e106d19fc,CTRL-MFA,AST-00042,2026-08-04T07:23:38.249549,100,84.7,DEGRADED,183,agent,DEGRADED,2026-07-14T14:23:38.249549,CURRENT
TEL-d5308430a8a5,CTRL-MFA,AST-00184,2026-05-12T14:23:38.249549,71.0,61.1,HEALTHY,279,agent,GOOD,2026-05-12T14:23:38.249549,BASELINE
TEL-d770740256a8,CTRL-MFA,AST-00184,2026-08-01T00:23:38.249549,91.9,84.0,HEALTHY,473,cloud_api,GOOD,2026-08-01T00:23:38.249549,CURRENT
TEL-a458c9b3e690,CTRL-MFA,AST-00188,2026-05-10T14:23:38.249549,2025-11-02T14:23:38.249549,60.1,HEALTHY,499,agent,GOOD,2026-05-10T14:23:38.249549,BASELINE
TEL-133b257b0353,CTRL-MFA,AST-00188,2026-08-01T17:23:38.249549,89.6,77.8,HEALTHY,403,syslog,GOOD,2026-08-01T17:23:38.249549,CURRENT
TEL-652eac545e62,CTRL-MFA,AST-00032,2026-05-13T14:23:38.249549,57.8,55.3,HEALTHY,309,agent,GOOD,2026-05-13T14:23:38.249549,BASELINE
TEL-4fa73b6c6074,CTRL-MFA,AST-00032,2026-08-04T12:23:38.249549,77.3,81.3,HEALTHY,210,syslog,GOOD,2026-08-04T12:23:38.249549,CURRENT
TEL-2c6369921951,CTRL-MFA,AST-00211,2026-05-14T14:23:38.249549,46.0,54.5,HEALTHY,373,syslog,GOOD,2026-05-14T14:23:38.249549,BASELINE
TEL-872ecebc2759,CTRL-MFA,AST-00211,2026-08-03T11:23:38.249549,62.0,76.9,HEALTHY,264,agent,GOOD,2026-08-03T11:23:38.249549,CURRENT
TEL-dffadeb79931,CTRL-MFA,AST-00030,2026-05-15T14:23:38.249549,63.3,58.9,HEALTHY,296,cloud_api,GOOD,2026-05-15T14:23:38.249549,BASELINE
TEL-f0c590c3693d,CTRL-MFA,AST-00030,2026-08-07T19:23:38.249549,84.4,87.2,HEALTHY,232,syslog,DEGRADED,2026-08-07T19:23:38.249549,CURRENT
TEL-19c8a6bb9a67,CTRL-MFA,AST-00181,2026-05-12T14:23:38.249549,62.2,50.6,HEALTHY,305,syslog,GOOD,2026-05-12T14:23:38.249549,BASELINE
TEL-5c987566946f,CTRL-MFA,AST-00181,2026-08-05T12:23:38.249549,85.5,85.1,HEALTHY,296,agent,GOOD,2026-08-05T12:23:38.249549,CURRENT
TEL-14fb7d28bd2f,CTRL-MFA,AST-00219,2026-05-13T14:23:38.249549,64.7,62.1,HEALTHY,401,cloud_api,GOOD,2026-05-13T14:23:38.249549,BASELINE
TEL-24828f6a468f,CTRL-MFA,AST-00219,2026-08-07T17:23:38.249549,87.0,77.7,HEALTHY,379,agent,GOOD,2026-08-07T17:23:38.249549,CURRENT
TEL-801bbd3ce466,CTRL-MFA,AST-00163,2026-05-11T14:23:38.249549,72.3,59.8,HEALTHY,92,syslog,DEGRADED,2026-05-11T14:23:38.249549,BASELINE
TEL-0fa00f88a8bc,CTRL-MFA,AST-00163,2026-08-05T20:23:38.249549,100,82.2,HEALTHY,478,agent,GOOD,2026-08-05T20:23:38.249549,CURRENT
TEL-0d8d59ec4d3c,CTRL-MFA,AST-00093,2026-05-15T14:23:38.249549,67.6,51.5,HEALTHY,431,cloud_api,GOOD,2026-05-15T14:23:38.249549,BASELINE
TEL-52adf0d8d829,CTRL-MFA,AST-00093,2026-08-01T19:23:38.249549,92.9,79.7,HEALTHY,237,cloud_api,GOOD,2026-08-01T19:23:38.249549,CURRENT
TEL-700a4f177eb8,CTRL-MFA,AST-00022,2026-05-15T14:23:38.249549,59.3,67.7,HEALTHY,271,cloud_api,GOOD,2026-05-15T14:23:38.249549,BASELINE
TEL-ed8c56ce2a9f,CTRL-MFA,AST-00022,2026-08-01T02:23:38.249549,98.0,87.3,HEALTHY,492,syslog,GOOD,2026-08-01T02:23:38.249549,CURRENT
TEL-c00b5c381a8e,CTRL-MFA,AST-00135,2026-05-13T14:23:38.249549,46.2,59.1,DEGRADED,171,cloud_api,GOOD,2026-05-13T14:23:38.249549,BASELINE
TEL-31aa2df779fc,CTRL-MFA,AST-00135,2026-08-02T02:23:38.249549,84.2,93.2,HEALTHY,395,syslog,GOOD,2026-08-02T02:23:38.249549,CURRENT
TEL-293a81df4edf,CTRL-MFA,AST-00182,2026-05-15T14:23:38.249549,67.0,45.8,HEALTHY,4,agent,GOOD,2026-05-15T14:23:38.249549,BASELINE
TEL-a38d310cae9d,CTRL-MFA,AST-00182,2026-08-06T16:23:38.249549,96.7,67.6,HEALTHY,112,syslog,GOOD,2026-08-06T16:23:38.249549,CURRENT
TEL-495838eeb42c,CTRL-MFA,AST-00099,2026-05-15T14:23:38.249549,50.8,42.8,FAILED,326,agent,GOOD,2026-05-15T14:23:38.249549,BASELINE
TEL-29fe69af93a5,CTRL-MFA,AST-00099,2026-07-30T02:23:38.249549,66.4,76.5,HEALTHY,336,syslog,GOOD,2026-07-30T02:23:38.249549,CURRENT
TEL-f80662d81d37,CTRL-MFA,AST-00187,2026-05-13T14:23:38.249549,74.0,60.9,HEALTHY,472,cloud_api,GOOD,2026-05-13T14:23:38.249549,BASELINE
TEL-95c935bb859c,CTRL-MFA,AST-00187,2026-08-01T13:23:38.249549,100,80.9,HEALTHY,131,agent,GOOD,2026-08-01T13:23:38.249549,CURRENT
TEL-b1be35236394,CTRL-MFA,AST-00131,2026-05-12T14:23:38.249549,53.3,51.7,HEALTHY,251,agent,GOOD,2026-05-12T14:23:38.249549,BASELINE
TEL-786af43dd15b,CTRL-MFA,AST-00131,2026-07-30T22:23:38.249549,69.9,86.6,HEALTHY,393,cloud_api,GOOD,2026-07-30T22:23:38.249549,CURRENT
TEL-2dca876d2757,CTRL-MFA,AST-00157,2026-05-10T14:23:38.249549,64.3,61.5,HEALTHY,228,agent,DEGRADED,2026-05-10T14:23:38.249549,BASELINE
TEL-d5c08b7c20c0,CTRL-MFA,AST-00157,2026-08-07T20:23:38.249549,100,78.5,DEGRADED,340,cloud_api,GOOD,2026-08-07T20:23:38.249549,CURRENT
TEL-904832262fe3,CTRL-MFA,AST-00041,2026-05-13T14:23:38.249549,66.0,57.2,DEGRADED,399,agent,GOOD,2026-05-13T14:23:38.249549,BASELINE
TEL-1e15321ed677,CTRL-MFA,AST-00041,2026-08-03T12:23:38.249549,2025-11-05T14:23:38.249549,82.5,HEALTHY,183,cloud_api,GOOD,2026-08-03T12:23:38.249549,CURRENT
TEL-eea37a6c2001,CTRL-MFA,AST-00097,2026-05-14T14:23:38.249549,57.0,68.8,HEALTHY,235,cloud_api,GOOD,2026-05-14T14:23:38.249549,BASELINE
TEL-ba5dc4696fad,CTRL-MFA,AST-00097,2026-07-30T12:23:38.249549,87.8,85.6,HEALTHY,153,syslog,GOOD,2026-07-19T14:23:38.249549,CURRENT
TEL-12dbad47443a,CTRL-MFA,AST-00141,2026-05-13T14:23:38.249549,48.2,54.6,HEALTHY,12,syslog,BAD,2026-05-13T14:23:38.249549,BASELINE
TEL-7ffcd511fdc7,CTRL-MFA,AST-00141,2026-07-31T18:23:38.249549,80.4,87.3,HEALTHY,329,cloud_api,GOOD,2026-07-31T18:23:38.249549,CURRENT
TEL-0bbd4f8d3566,CTRL-MFA,AST-00098,2026-05-12T14:23:38.249549,73.9,69.0,HEALTHY,207,agent,GOOD,2026-05-12T14:23:38.249549,BASELINE
TEL-0bc6d1c46b2a,CTRL-MFA,AST-00098,2026-08-08T00:23:38.249549,100,84.3,DEGRADED,445,syslog,GOOD,2026-08-08T00:23:38.249549,CURRENT
TEL-0a5be223a09a,CTRL-MFA,AST-00012,2026-05-15T14:23:38.249549,62.4,41.1,DEGRADED,23,agent,GOOD,2026-05-15T14:23:38.249549,BASELINE
TEL-89e51239f89f,CTRL-MFA,AST-00012,2026-08-08T10:23:38.249549,100,58.9,HEALTHY,157,agent,GOOD,2026-08-08T10:23:38.249549,CURRENT
TEL-3e0a99bf8f80,CTRL-MFA,AST-00044,2026-05-13T14:23:38.249549,50.1,64.5,HEALTHY,411,agent,GOOD,2026-05-13T14:23:38.249549,BASELINE
TEL-e120082986db,CTRL-MFA,AST-00044,2026-08-02T06:23:38.249549,79.9,81.7,HEALTHY,166,agent,BAD,2026-08-02T06:23:38.249549,CURRENT
TEL-1e729116654d,CTRL-MFA,AST-00086,2026-05-10T14:23:38.249549,62.3,65.1,HEALTHY,140,agent,GOOD,2026-05-10T14:23:38.249549,BASELINE
TEL-e6bd16046d1b,CTRL-MFA,AST-00086,2026-08-02T07:23:38.249549,80.7,96.0,HEALTHY,124,syslog,GOOD,2026-08-02T07:23:38.249549,CURRENT
TEL-0e767caf653d,CTRL-MFA,AST-00145,2026-05-10T14:23:38.249549,48.0,58.4,HEALTHY,91,agent,GOOD,2026-05-10T14:23:38.249549,BASELINE
TEL-1cf8c280b600,CTRL-MFA,AST-00145,2026-07-30T05:23:38.249549,84.2,88.9,HEALTHY,405,cloud_api,GOOD,2026-07-30T05:23:38.249549,CURRENT
TEL-739184cdb746,CTRL-MFA,AST-00169,2026-05-11T14:23:38.249549,51.2,55.7,HEALTHY,367,cloud_api,GOOD,2026-05-11T14:23:38.249549,BASELINE
TEL-dc0f169e5fc8,CTRL-MFA,AST-00169,2026-08-02T02:23:38.249549,82.2,78.9,HEALTHY,214,agent,GOOD,2026-08-02T02:23:38.249549,CURRENT
TEL-5f6402f80c51,CTRL-MFA,AST-00039,2026-05-14T14:23:38.249549,50.8,69.3,HEALTHY,337,agent,GOOD,2026-05-14T14:23:38.249549,BASELINE
TEL-ea913f12d592,CTRL-MFA,AST-00039,2026-08-03T05:23:38.249549,90.4,96.7,HEALTHY,495,cloud_api,GOOD,2026-08-03T05:23:38.249549,CURRENT
TEL-0f19e869cb73,CTRL-MFA,AST-00205,2026-05-11T14:23:38.249549,49.8,41.6,HEALTHY,455,cloud_api,GOOD,2026-05-11T14:23:38.249549,BASELINE
TEL-21c3827d21cb,CTRL-MFA,AST-00205,2026-08-03T23:23:38.249549,87.9,63.9,HEALTHY,402,agent,GOOD,2026-08-03T23:23:38.249549,CURRENT
TEL-839815304609,CTRL-MFA,AST-00038,2026-05-12T14:23:38.249549,48.5,61.6,HEALTHY,166,agent,GOOD,2026-05-12T14:23:38.249549,BASELINE
TEL-05f7c52c3ce6,CTRL-MFA,AST-00038,2026-08-04T03:23:38.249549,85.9,88.5,HEALTHY,445,agent,GOOD,2026-08-04T03:23:38.249549,CURRENT
TEL-db0e4ca8c3fc,CTRL-MFA,AST-00217,2026-05-11T14:23:38.249549,51.6,54.5,HEALTHY,198,cloud_api,GOOD,2026-05-11T14:23:38.249549,BASELINE
TEL-44bc827ad112,CTRL-MFA,AST-00217,2026-08-06T07:23:38.249549,78.4,87.3,FAILED,103,cloud_api,GOOD,2026-08-06T07:23:38.249549,CURRENT
TEL-392780bf658c,CTRL-MFA,AST-00014,2026-05-13T14:23:38.249549,65.8,44.1,HEALTHY,453,cloud_api,GOOD,2026-05-13T14:23:38.249549,BASELINE
TEL-a0966195f6f5,CTRL-MFA,AST-00014,2026-08-04T03:23:38.249549,82.3,76.1,HEALTHY,87,syslog,BAD,2026-08-04T03:23:38.249549,CURRENT
TEL-4dbaff9f0131,CTRL-MFA,AST-00108,2026-05-11T14:23:38.249549,70.7,65.7,HEALTHY,7,syslog,GOOD,2026-05-11T14:23:38.249549,BASELINE
TEL-4e2afe8e8f5d,CTRL-MFA,AST-00108,2026-08-02T07:23:38.249549,87.8,90.5,HEALTHY,113,syslog,DEGRADED,2026-08-02T07:23:38.249549,CURRENT
TEL-fd0616646892,CTRL-MFA,AST-00079,2026-05-13T14:23:38.249549,72.4,52.5,HEALTHY,271,cloud_api,GOOD,2026-05-13T14:23:38.249549,BASELINE
TEL-30c48aa14012,CTRL-MFA,AST-00079,2026-07-31T19:23:38.249549,100,68.4,HEALTHY,123,agent,GOOD,2026-07-31T19:23:38.249549,CURRENT
TEL-0c8101060414,CTRL-MFA,AST-00080,2026-05-12T14:23:38.249549,45.4,68.5,HEALTHY,245,syslog,GOOD,2026-05-12T14:23:38.249549,BASELINE
TEL-ce929e9421fd,CTRL-MFA,AST-00080,2026-08-06T01:23:38.249549,78.7,86.2,HEALTHY,12,cloud_api,GOOD,2026-08-06T01:23:38.249549,CURRENT
TEL-ecf31232cba5,CTRL-MFA,AST-00115,2026-05-15T14:23:38.249549,49.2,45.5,HEALTHY,321,agent,GOOD,2026-05-15T14:23:38.249549,BASELINE
TEL-3232ac621b4f,CTRL-MFA,AST-00115,2026-08-03T16:23:38.249549,81.7,78.0,HEALTHY,385,cloud_api,GOOD,2026-08-03T16:23:38.249549,CURRENT
TEL-1b25b6ac6f6b,CTRL-MFA,AST-00074,2026-05-14T14:23:38.249549,63.4,46.2,DEGRADED,263,syslog,GOOD,2026-05-14T14:23:38.249549,BASELINE
TEL-87a1736f9eda,CTRL-MFA,AST-00074,2026-07-30T05:23:38.249549,-92.8,74.9,HEALTHY,89,syslog,GOOD,2026-07-30T05:23:38.249549,CURRENT
TEL-2df14702896e,CTRL-MFA,AST-00161,2026-05-11T14:23:38.249549,47.0,46.1,HEALTHY,480,syslog,DEGRADED,2026-05-11T14:23:38.249549,BASELINE
TEL-5ec05c949fd1,CTRL-MFA,AST-00161,2026-08-02T20:23:38.249549,79.7,80.8,HEALTHY,164,cloud_api,DEGRADED,2026-08-02T20:23:38.249549,CURRENT
TEL-5eafc189ddde,CTRL-MFA,AST-00047,2026-05-13T14:23:38.249549,60.1,41.6,DEGRADED,240,syslog,GOOD,2026-05-13T14:23:38.249549,BASELINE
TEL-a9b250b8aa27,CTRL-MFA,AST-00047,2026-08-03T10:23:38.249549,85.7,64.1,HEALTHY,188,syslog,DEGRADED,2026-08-03T10:23:38.249549,CURRENT
TEL-1ac0aa14f8cc,CTRL-MFA,AST-00031,2026-05-13T14:23:38.249549,69.3,42.0,DEGRADED,147,agent,GOOD,2026-05-13T14:23:38.249549,BASELINE
TEL-429af747f4f7,CTRL-MFA,AST-00031,2026-08-07T16:23:38.249549,100,74.8,HEALTHY,447,agent,GOOD,2026-08-07T16:23:38.249549,CURRENT
TEL-788c27a42ad2,CTRL-MFA,AST-00034,2026-05-11T14:23:38.249549,63.8,69.1,HEALTHY,330,agent,GOOD,2026-05-11T14:23:38.249549,BASELINE
TEL-20f0b9b2c54c,CTRL-MFA,AST-00034,2026-08-03T13:23:38.249549,86.1,94.9,HEALTHY,485,syslog,GOOD,2026-08-03T13:23:38.249549,CURRENT
TEL-5872becd235a,CTRL-MFA,AST-00213,2026-05-14T14:23:38.249549,57.4,59.4,DEGRADED,227,cloud_api,GOOD,2026-05-14T14:23:38.249549,BASELINE
TEL-d2c99e199de0,CTRL-MFA,AST-00213,2026-08-01T12:23:38.249549,80.9,80.9,HEALTHY,133,agent,GOOD,2026-08-01T12:23:38.249549,CURRENT
TEL-61d954cba9c1,CTRL-MFA,AST-00001,2026-05-13T14:23:38.249549,74.1,41.4,HEALTHY,274,cloud_api,GOOD,2026-05-13T14:23:38.249549,BASELINE
TEL-f43186cdca70,CTRL-MFA,AST-00001,2026-08-06T20:23:38.249549,100,63.5,DEGRADED,406,agent,GOOD,2026-08-06T20:23:38.249549,CURRENT
TEL-c85ade330821,CTRL-MFA,AST-00160,2026-05-12T14:23:38.249549,48.5,57.2,HEALTHY,340,cloud_api,BAD,2026-05-12T14:23:38.249549,BASELINE
TEL-0f582d80fcdc,CTRL-MFA,AST-00160,2026-08-06T15:23:38.249549,88.4,81.1,FAILED,273,cloud_api,GOOD,2026-08-06T15:23:38.249549,CURRENT
TEL-efe4c39ba63d,CTRL-MFA,AST-00210,2026-05-12T14:23:38.249549,2025-10-03T14:23:38.249549,63.1,FAILED,169,syslog,GOOD,2026-05-12T14:23:38.249549,BASELINE
TEL-0d8606b964ff,CTRL-MFA,AST-00210,2026-08-06T23:23:38.249549,84.0,97.0,DEGRADED,293,syslog,GOOD,2026-08-06T23:23:38.249549,CURRENT
TEL-6a2e1d251791,CTRL-MFA,AST-00004,2026-05-15T14:23:38.249549,62.0,53.3,HEALTHY,282,agent,GOOD,2026-05-15T14:23:38.249549,BASELINE
TEL-41628e78192f,CTRL-MFA,AST-00004,2026-08-03T12:23:38.249549,99.6,82.0,HEALTHY,47,cloud_api,GOOD,2026-08-03T12:23:38.249549,CURRENT
TEL-1fb4bda0223c,CTRL-MFA,AST-00118,2026-05-12T14:23:38.249549,2025-11-23T14:23:38.249549,46.7,HEALTHY,490,agent,BAD,2026-05-12T14:23:38.249549,BASELINE
TEL-7117f2dc7827,CTRL-MFA,AST-00118,2026-08-06T12:23:38.249549,93.8,80.4,HEALTHY,261,agent,DEGRADED,2026-08-06T12:23:38.249549,CURRENT
TEL-56fbcb94d1e7,CTRL-MFA,AST-00128,2026-05-12T14:23:38.249549,55.8,65.6,HEALTHY,500,cloud_api,DEGRADED,2026-05-12T14:23:38.249549,BASELINE
TEL-fe585fa9fce5,CTRL-MFA,AST-00128,2026-08-08T11:23:38.249549,74.5,88.0,HEALTHY,212,cloud_api,GOOD,2026-08-08T11:23:38.249549,CURRENT
TEL-eace0f1f8f84,CTRL-MFA,AST-00158,2026-05-11T14:23:38.249549,69.2,52.7,HEALTHY,106,cloud_api,GOOD,2026-05-11T14:23:38.249549,BASELINE
TEL-fbb3c0cecbc2,CTRL-MFA,AST-00158,2026-07-30T17:23:38.249549,100,85.6,HEALTHY,491,syslog,GOOD,2026-07-30T17:23:38.249549,CURRENT
TEL-66d21b7e1dcd,CTRL-MFA,AST-00140,2026-05-14T14:23:38.249549,47.7,67.4,HEALTHY,70,agent,GOOD,2026-05-14T14:23:38.249549,BASELINE
TEL-61313acf291f,CTRL-MFA,AST-00140,2026-08-03T16:23:38.249549,72.9,90.7,HEALTHY,423,cloud_api,GOOD,2026-08-03T16:23:38.249549,CURRENT
TEL-834d2217d693,CTRL-MFA,AST-00002,2026-05-10T14:23:38.249549,54.1,53.9,FAILED,427,syslog,GOOD,2026-05-10T14:23:38.249549,BASELINE
TEL-fa4a14e067a4,CTRL-MFA,AST-00002,2026-08-06T23:23:38.249549,83.1,69.4,HEALTHY,251,syslog,GOOD,2026-08-06T23:23:38.249549,CURRENT
TEL-b3f1f9cf59f6,CTRL-MFA,AST-00127,2026-05-14T14:23:38.249549,45.9,54.8,HEALTHY,223,cloud_api,GOOD,2026-05-14T14:23:38.249549,BASELINE
TEL-cd49159eb2ac,CTRL-MFA,AST-00127,2026-07-31T16:23:38.249549,80.0,89.2,HEALTHY,262,syslog,GOOD,2026-07-31T16:23:38.249549,CURRENT
TEL-e20e16e83d21,CTRL-MFA,AST-00061,2026-05-15T14:23:38.249549,70.4,41.8,HEALTHY,184,cloud_api,GOOD,2026-05-15T14:23:38.249549,BASELINE
TEL-38f73b29e64f,CTRL-MFA,AST-00061,2026-08-07T04:23:38.249549,89.4,63.1,HEALTHY,479,agent,GOOD,2026-07-22T14:23:38.249549,CURRENT
TEL-9bf681d4da11,CTRL-MFA,AST-00056,2026-05-14T14:23:38.249549,68.0,42.8,DEGRADED,350,cloud_api,GOOD,2026-05-14T14:23:38.249549,BASELINE
TEL-b9d1452bcc89,CTRL-MFA,AST-00056,2026-08-05T04:23:38.249549,87.6,72.9,HEALTHY,180,agent,GOOD,2026-08-05T04:23:38.249549,CURRENT
TEL-cbe58be88eac,CTRL-MFA,AST-00151,2026-05-11T14:23:38.249549,60.5,54.5,HEALTHY,425,agent,GOOD,2026-05-11T14:23:38.249549,BASELINE
TEL-2713e70c22e8,CTRL-MFA,AST-00151,2026-08-07T12:23:38.249549,84.9,76.4,FAILED,433,syslog,GOOD,2026-08-07T12:23:38.249549,CURRENT
TEL-58cd7a8253b9,CTRL-MFA,AST-00122,2026-05-10T14:23:38.249549,66.1,52.5,HEALTHY,178,cloud_api,GOOD,2026-05-10T14:23:38.249549,BASELINE
TEL-61a7e9493660,CTRL-MFA,AST-00122,2026-07-30T21:23:38.249549,100,85.8,FAILED,267,cloud_api,GOOD,2026-07-30T21:23:38.249549,CURRENT
TEL-b737a1623af8,CTRL-MFA,AST-00212,2026-05-15T14:23:38.249549,54.1,43.6,HEALTHY,107,agent,BAD,2026-05-15T14:23:38.249549,BASELINE
TEL-cfd7d995c529,CTRL-MFA,AST-00212,2026-08-07T02:23:38.249549,87.8,61.1,HEALTHY,9,cloud_api,GOOD,2026-08-07T02:23:38.249549,CURRENT
TEL-22ac8f163857,CTRL-MFA,AST-00105,2026-05-10T14:23:38.249549,46.3,63.8,HEALTHY,33,cloud_api,GOOD,2026-05-10T14:23:38.249549,BASELINE
TEL-c5b30f6e8814,CTRL-MFA,AST-00105,2026-08-03T14:23:38.249549,64.0,89.1,DEGRADED,105,syslog,DEGRADED,2026-08-03T14:23:38.249549,CURRENT
TEL-310ed5903792,CTRL-MFA,AST-00114,2026-05-12T14:23:38.249549,50.5,42.7,HEALTHY,256,syslog,GOOD,2026-05-12T14:23:38.249549,BASELINE
TEL-ff128568556c,CTRL-MFA,AST-00114,2026-08-02T10:23:38.249549,74.3,74.6,DEGRADED,390,agent,GOOD,2026-08-02T10:23:38.249549,CURRENT
TEL-f326ce3b628a,CTRL-MFA,AST-00021,2026-05-10T14:23:38.249549,66.5,45.2,HEALTHY,258,syslog,GOOD,2026-05-10T14:23:38.249549,BASELINE
TEL-8bd8bfbae65c,CTRL-MFA,AST-00021,2026-07-31T21:23:38.249549,100,75.2,HEALTHY,54,agent,GOOD,2026-07-31T21:23:38.249549,CURRENT
TEL-2261bdbe2c8d,CTRL-MFA,AST-00155,2026-05-12T14:23:38.249549,74.4,55.4,HEALTHY,253,cloud_api,GOOD,2026-05-12T14:23:38.249549,BASELINE
TEL-1aa24126b06c,CTRL-MFA,AST-00155,2026-08-07T07:23:38.249549,100,78.6,HEALTHY,197,cloud_api,GOOD,2026-07-21T14:23:38.249549,CURRENT
TEL-9740b8b14719,CTRL-MFA,AST-00063,2026-05-13T14:23:38.249549,67.1,65.2,HEALTHY,438,agent,DEGRADED,2026-05-13T14:23:38.249549,BASELINE
TEL-499178577fa0,CTRL-MFA,AST-00063,2026-08-05T12:23:38.249549,99.3,84.8,HEALTHY,6,syslog,GOOD,2026-08-05T12:23:38.249549,CURRENT
TEL-80eb315e9dfe,CTRL-MFA,AST-00185,2026-05-11T14:23:38.249549,48.2,59.8,HEALTHY,52,syslog,DEGRADED,2026-05-11T14:23:38.249549,BASELINE
TEL-2091b816b97e,CTRL-MFA,AST-00185,2026-08-04T09:23:38.249549,74.1,76.5,FAILED,173,agent,GOOD,2026-08-04T09:23:38.249549,CURRENT
TEL-e9bc65e8c10e,CTRL-MFA,AST-00072,2026-05-12T14:23:38.249549,74.7,65.1,HEALTHY,139,syslog,DEGRADED,2026-05-12T14:23:38.249549,BASELINE
TEL-e9e6f14fbe40,CTRL-MFA,AST-00072,2026-07-31T11:23:38.249549,92.8,94.6,FAILED,248,syslog,GOOD,2026-07-31T11:23:38.249549,CURRENT
TEL-2035bb3ae714,CTRL-MFA,AST-00054,2026-05-15T14:23:38.249549,2026-06-12T14:23:38.249549,47.5,DEGRADED,255,syslog,GOOD,2026-05-15T14:23:38.249549,BASELINE
TEL-b071a2eaf071,CTRL-MFA,AST-00054,2026-08-07T04:23:38.249549,85.7,72.5,HEALTHY,155,syslog,GOOD,2026-08-07T04:23:38.249549,CURRENT
TEL-fa3b16f978f4,CTRL-MFA,AST-00013,2026-05-13T14:23:38.249549,67.8,55.6,HEALTHY,258,cloud_api,GOOD,2026-05-13T14:23:38.249549,BASELINE
TEL-e7772de2c062,CTRL-MFA,AST-00013,2026-08-06T11:23:38.249549,99.3,80.4,HEALTHY,391,agent,BAD,2026-08-06T11:23:38.249549,CURRENT
TEL-aa19871afd78,CTRL-MFA,AST-00048,2026-05-13T14:23:38.249549,,53.5,HEALTHY,440,cloud_api,DEGRADED,2026-05-13T14:23:38.249549,BASELINE
TEL-dae11a1de2e3,CTRL-MFA,AST-00048,2026-08-03T17:23:38.249549,89.4,85.6,HEALTHY,199,cloud_api,GOOD,2026-08-03T17:23:38.249549,CURRENT
TEL-cb95d31ffc08,CTRL-MFA,AST-00176,2026-05-13T14:23:38.249549,62.1,56.6,HEALTHY,28,cloud_api,GOOD,2026-05-13T14:23:38.249549,BASELINE
TEL-bb360badbfce,CTRL-MFA,AST-00176,2026-08-03T13:23:38.249549,89.3,82.4,HEALTHY,392,cloud_api,GOOD,2026-08-03T13:23:38.249549,CURRENT
TEL-1d5029c07b0f,CTRL-MFA,AST-00015,2026-05-15T14:23:38.249549,2026-01-16T14:23:38.249549,65.1,HEALTHY,219,cloud_api,BAD,2026-05-15T14:23:38.249549,BASELINE
TEL-527f4417ab8f,CTRL-MFA,AST-00015,2026-08-02T09:23:38.249549,62.0,87.1,HEALTHY,120,syslog,GOOD,2026-08-02T09:23:38.249549,CURRENT
TEL-5b0c1e57583d,CTRL-MFA,AST-00090,2026-05-11T14:23:38.249549,47.5,66.1,HEALTHY,336,cloud_api,GOOD,2026-05-11T14:23:38.249549,BASELINE
TEL-3604a5de8f20,CTRL-MFA,AST-00090,2026-08-08T09:23:38.249549,79.7,83.4,HEALTHY,301,agent,BAD,2026-08-08T09:23:38.249549,CURRENT
TEL-766ef073c184,CTRL-MFA,AST-00010,2026-05-10T14:23:38.249549,56.3,57.2,HEALTHY,257,syslog,GOOD,2026-05-10T14:23:38.249549,BASELINE
TEL-e0b46297ba7c,CTRL-MFA,AST-00010,2026-08-01T06:23:38.249549,81.1,88.3,HEALTHY,254,syslog,GOOD,2026-08-01T06:23:38.249549,CURRENT
TEL-e48f6715fe95,CTRL-MFA,AST-00138,2026-05-10T14:23:38.249549,68.6,56.1,HEALTHY,115,syslog,GOOD,2026-05-10T14:23:38.249549,BASELINE
TEL-fb02d0229526,CTRL-MFA,AST-00138,2026-08-05T10:23:38.249549,100,76.8,HEALTHY,172,cloud_api,GOOD,2026-08-05T10:23:38.249549,CURRENT
TEL-4004b3556bb2,CTRL-MFA,AST-00009,2026-05-15T14:23:38.249549,69.0,46.3,DEGRADED,221,syslog,GOOD,2026-05-15T14:23:38.249549,BASELINE
TEL-8f4308d42fe6,CTRL-MFA,AST-00009,2026-07-30T20:23:38.249549,95.9,77.2,HEALTHY,232,syslog,GOOD,2026-07-30T20:23:38.249549,CURRENT
TEL-8ead4dc28976,CTRL-MFA,AST-00077,2026-05-14T14:23:38.249549,50.4,61.1,FAILED,380,cloud_api,GOOD,2026-05-14T14:23:38.249549,BASELINE
TEL-0dbd150322aa,CTRL-MFA,AST-00077,2026-08-03T07:23:38.249549,65.9,93.4,DEGRADED,464,cloud_api,DEGRADED,2026-08-03T07:23:38.249549,CURRENT
TEL-81e604c273f1,CTRL-MFA,AST-00085,2026-05-11T14:23:38.249549,66.8,46.0,HEALTHY,432,cloud_api,GOOD,2026-05-11T14:23:38.249549,BASELINE
TEL-2af76a6955ca,CTRL-MFA,AST-00085,2026-08-07T00:23:38.249549,83.3,70.3,HEALTHY,433,cloud_api,GOOD,2026-08-07T00:23:38.249549,CURRENT
TEL-051def036f1b,CTRL-MFA,AST-00023,2026-05-11T14:23:38.249549,53.6,60.6,HEALTHY,408,cloud_api,GOOD,2026-05-11T14:23:38.249549,BASELINE
TEL-dcc25d505be3,CTRL-MFA,AST-00023,2026-08-07T09:23:38.249549,72.6,80.3,HEALTHY,18,agent,GOOD,2026-08-07T09:23:38.249549,CURRENT
TEL-3d08871b31c9,CTRL-MFA,AST-00156,2026-05-11T14:23:38.249549,49.1,64.1,FAILED,248,agent,GOOD,2026-05-11T14:23:38.249549,BASELINE
TEL-934ba9801f87,CTRL-MFA,AST-00156,2026-08-01T18:23:38.249549,70.6,92.3,HEALTHY,32,cloud_api,DEGRADED,2026-08-01T18:23:38.249549,CURRENT
TEL-0df6245abb42,CTRL-MFA,AST-00028,2026-05-11T14:23:38.249549,65.2,51.9,HEALTHY,477,agent,GOOD,2026-05-11T14:23:38.249549,BASELINE
TEL-ce5d77cd25ed,CTRL-MFA,AST-00028,2026-08-06T02:23:38.249549,100,83.7,DEGRADED,128,cloud_api,DEGRADED,2026-08-06T02:23:38.249549,CURRENT
TEL-8d897a76605a,CTRL-MFA,AST-00143,2026-05-14T14:23:38.249549,52.1,64.2,HEALTHY,120,cloud_api,GOOD,2026-05-14T14:23:38.249549,BASELINE
TEL-a83e12153e5e,CTRL-MFA,AST-00143,2026-07-31T18:23:38.249549,70.2,85.8,HEALTHY,209,cloud_api,DEGRADED,2026-07-31T18:23:38.249549,CURRENT
TEL-17fc31a8aa8a,CTRL-MFA,AST-00130,2026-05-14T14:23:38.249549,46.7,61.0,HEALTHY,142,agent,GOOD,2026-05-14T14:23:38.249549,BASELINE
TEL-91c7922ed53f,CTRL-MFA,AST-00130,2026-08-04T02:23:38.249549,75.0,78.2,HEALTHY,495,syslog,GOOD,2026-08-04T02:23:38.249549,CURRENT
TEL-6bfb26fde6ce,CTRL-MFA,AST-00146,2026-05-15T14:23:38.249549,67.2,41.6,HEALTHY,327,syslog,GOOD,2026-05-15T14:23:38.249549,BASELINE
TEL-a823f7744b19,CTRL-MFA,AST-00146,2026-08-06T01:23:38.249549,100,75.0,DEGRADED,439,cloud_api,GOOD,2026-08-06T01:23:38.249549,CURRENT
TEL-701c810facf2,CTRL-MFA,AST-00087,2026-05-10T14:23:38.249549,72.3,69.3,HEALTHY,107,agent,DEGRADED,2026-05-10T14:23:38.249549,BASELINE
TEL-cfbe98699805,CTRL-MFA,AST-00087,2026-07-29T15:23:38.249549,97.1,89.5,HEALTHY,208,agent,GOOD,2026-07-29T15:23:38.249549,CURRENT
TEL-1d7d81e7658d,CTRL-MFA,AST-00037,2026-05-12T14:23:38.249549,47.4,54.8,DEGRADED,51,agent,GOOD,2026-05-12T14:23:38.249549,BASELINE
TEL-1665d8776d31,CTRL-MFA,AST-00037,2026-07-31T23:23:38.249549,81.9,84.5,HEALTHY,416,syslog,GOOD,2026-07-31T23:23:38.249549,CURRENT
TEL-d890e7491ca1,CTRL-MFA,AST-00172,2026-05-15T14:23:38.249549,58.6,41.6,HEALTHY,205,agent,GOOD,2026-05-15T14:23:38.249549,BASELINE
TEL-c376ac49939e,CTRL-MFA,AST-00172,2026-08-03T21:23:38.249549,74.3,69.4,HEALTHY,264,syslog,DEGRADED,2026-08-03T21:23:38.249549,CURRENT
TEL-7e0267f0bd8c,CTRL-MFA,AST-00189,2026-05-12T14:23:38.249549,69.9,65.4,HEALTHY,133,agent,GOOD,2026-05-12T14:23:38.249549,BASELINE
TEL-e92f3e61c4c4,CTRL-MFA,AST-00189,2026-08-03T19:23:38.249549,100,94.1,HEALTHY,212,cloud_api,GOOD,2026-08-03T19:23:38.249549,CURRENT
TEL-142b3527f0ef,CTRL-MFA,AST-00089,2026-05-10T14:23:38.249549,71.3,66.5,HEALTHY,117,agent,BAD,2026-05-10T14:23:38.249549,BASELINE
TEL-ee12ecf7a890,CTRL-MFA,AST-00089,2026-07-29T18:23:38.249549,100,86.0,HEALTHY,205,syslog,GOOD,2026-07-29T18:23:38.249549,CURRENT
TEL-13a089be29d8,CTRL-MFA,AST-00136,2026-05-10T14:23:38.249549,52.8,51.0,HEALTHY,471,cloud_api,GOOD,2026-05-10T14:23:38.249549,BASELINE
TEL-676ed09606cf,CTRL-MFA,AST-00136,2026-08-08T11:23:38.249549,70.0,85.0,HEALTHY,484,cloud_api,GOOD,2026-08-08T11:23:38.249549,CURRENT
TEL-612061baed20,CTRL-MFA,AST-00132,2026-05-12T14:23:38.249549,59.8,65.7,HEALTHY,209,agent,GOOD,2026-05-12T14:23:38.249549,BASELINE
TEL-26025c1ce5bf,CTRL-MFA,AST-00132,2026-07-31T20:23:38.249549,78.1,92.7,HEALTHY,127,cloud_api,GOOD,2026-07-31T20:23:38.249549,CURRENT
TEL-e1a107efd269,CTRL-MFA,AST-00179,2026-05-15T14:23:38.249549,64.4,54.1,HEALTHY,362,cloud_api,GOOD,2026-05-15T14:23:38.249549,BASELINE
TEL-ad968791fd49,CTRL-MFA,AST-00179,2026-08-04T09:23:38.249549,81.6,86.5,HEALTHY,170,agent,GOOD,2026-08-04T09:23:38.249549,CURRENT
TEL-9e80725d695c,CTRL-MFA,AST-00101,2026-05-15T14:23:38.249549,55.6,60.1,HEALTHY,258,syslog,GOOD,2026-05-15T14:23:38.249549,BASELINE
TEL-96bd722138ba,CTRL-MFA,AST-00101,2026-07-31T15:23:38.249549,85.8,91.2,HEALTHY,456,syslog,GOOD,2026-07-31T15:23:38.249549,CURRENT
TEL-2b047bda5cd7,CTRL-MFA,AST-00142,2026-05-13T14:23:38.249549,50.4,54.8,HEALTHY,221,agent,GOOD,2026-05-13T14:23:38.249549,BASELINE
TEL-34922fb3d495,CTRL-MFA,AST-00142,2026-08-07T05:23:38.249549,69.6,76.6,HEALTHY,498,cloud_api,GOOD,2026-08-07T05:23:38.249549,CURRENT
TEL-6db48e1839cf,CTRL-MFA,AST-00126,2026-05-12T14:23:38.249549,72.8,66.3,DEGRADED,161,syslog,BAD,2026-05-12T14:23:38.249549,BASELINE
TEL-4a5edf1aacb3,CTRL-MFA,AST-00126,2026-08-03T02:23:38.249549,94.9,93.6,DEGRADED,336,syslog,GOOD,2026-08-03T02:23:38.249549,CURRENT
TEL-89d3dfcc1884,CTRL-MFA,AST-00059,2026-05-12T14:23:38.249549,46.6,46.9,HEALTHY,458,cloud_api,GOOD,2026-05-12T14:23:38.249549,BASELINE
TEL-759fba7216cd,CTRL-MFA,AST-00059,2026-08-06T21:23:38.249549,65.3,62.6,HEALTHY,252,agent,GOOD,2026-08-06T21:23:38.249549,CURRENT
TEL-17b31574dcb5,CTRL-MFA,AST-00096,2026-05-11T14:23:38.249549,71.0,42.8,HEALTHY,139,syslog,DEGRADED,2026-05-11T14:23:38.249549,BASELINE
TEL-6301ae94fe5b,CTRL-MFA,AST-00096,2026-07-30T17:23:38.249549,89.1,75.2,FAILED,269,syslog,GOOD,2026-07-30T17:23:38.249549,CURRENT
TEL-84f652a239e0,CTRL-MFA,AST-00075,2026-05-12T14:23:38.249549,72.6,54.9,FAILED,62,cloud_api,GOOD,2026-05-12T14:23:38.249549,BASELINE
TEL-ff336bbb6e7f,CTRL-MFA,AST-00075,2026-08-08T08:23:38.249549,93.8,71.8,HEALTHY,14,agent,GOOD,2026-08-08T08:23:38.249549,CURRENT
TEL-6fcf4db1b3be,CTRL-MFA,AST-00207,2026-05-15T14:23:38.249549,66.2,58.9,HEALTHY,318,cloud_api,GOOD,2026-05-15T14:23:38.249549,BASELINE
TEL-9e448b2b7fd2,CTRL-MFA,AST-00207,2026-08-08T13:23:38.249549,93.2,79.2,FAILED,291,agent,GOOD,2026-08-08T13:23:38.249549,CURRENT
TEL-cdaa009780dd,CTRL-MFA,AST-00005,2026-05-10T14:23:38.249549,46.5,49.7,HEALTHY,204,cloud_api,GOOD,2026-05-10T14:23:38.249549,BASELINE
TEL-7ea1063e3f06,CTRL-MFA,AST-00005,2026-08-02T18:23:38.249549,77.6,65.8,HEALTHY,436,agent,GOOD,2026-08-02T18:23:38.249549,CURRENT
TEL-8ab7d08a3ce8,CTRL-MFA,AST-00206,2026-05-10T14:23:38.249549,68.4,62.6,HEALTHY,412,cloud_api,DEGRADED,2026-05-10T14:23:38.249549,BASELINE
TEL-581ef334b3e7,CTRL-MFA,AST-00206,2026-08-05T10:23:38.249549,90.5,90.7,HEALTHY,188,syslog,GOOD,2026-08-05T10:23:38.249549,CURRENT
TEL-d248d2258cce,CTRL-MFA,AST-00191,2026-05-10T14:23:38.249549,58.4,48.1,HEALTHY,95,cloud_api,GOOD,2026-05-10T14:23:38.249549,BASELINE
TEL-b336aef3832a,CTRL-MFA,AST-00191,2026-07-31T13:23:38.249549,83.1,75.1,FAILED,346,agent,GOOD,2026-07-31T13:23:38.249549,CURRENT
TEL-8a4c605903fc,CTRL-MFA,AST-00208,2026-05-10T14:23:38.249549,66.4,55.8,HEALTHY,410,cloud_api,GOOD,2026-05-10T14:23:38.249549,BASELINE
TEL-d261e3befe3a,CTRL-MFA,AST-00208,2026-08-05T12:23:38.249549,100,83.8,HEALTHY,127,syslog,GOOD,2026-08-05T12:23:38.249549,CURRENT
TEL-c913559b4cac,CTRL-MFA,AST-00177,2026-05-14T14:23:38.249549,62.1,67.5,HEALTHY,368,syslog,GOOD,2026-05-14T14:23:38.249549,BASELINE
TEL-b9c75200dcbc,CTRL-MFA,AST-00177,2026-08-04T02:23:38.249549,90.8,92.8,HEALTHY,8,agent,GOOD,2026-08-04T02:23:38.249549,CURRENT
TEL-17d325c3200b,CTRL-MFA,AST-00139,2026-05-13T14:23:38.249549,58.9,65.3,HEALTHY,370,cloud_api,GOOD,2026-05-13T14:23:38.249549,BASELINE
TEL-3c151d26f3f1,CTRL-MFA,AST-00139,2026-07-30T06:23:38.249549,93.5,81.2,HEALTHY,470,agent,GOOD,2026-07-30T06:23:38.249549,CURRENT
TEL-99df52af0e71,CTRL-MFA,AST-00049,2026-05-13T14:23:38.249549,-47.3,47.8,HEALTHY,244,cloud_api,GOOD,2026-05-13T14:23:38.249549,BASELINE
TEL-91b26bb8ff54,CTRL-MFA,AST-00049,2026-08-02T22:23:38.249549,86.9,76.2,HEALTHY,249,cloud_api,GOOD,2026-08-02T22:23:38.249549,CURRENT
TEL-7ad96e2b020d,CTRL-MFA,AST-00133,2026-05-13T14:23:38.249549,74.2,60.2,HEALTHY,7,agent,GOOD,2026-05-13T14:23:38.249549,BASELINE
TEL-a21638dcd8a6,CTRL-MFA,AST-00133,2026-07-31T01:23:38.249549,,89.0,HEALTHY,332,agent,GOOD,2026-07-31T01:23:38.249549,CURRENT
TEL-c6a1bdc7d226,CTRL-MFA,AST-00203,2026-05-12T14:23:38.249549,58.1,63.7,HEALTHY,11,agent,GOOD,2026-05-12T14:23:38.249549,BASELINE
TEL-df8c33c1a08e,CTRL-MFA,AST-00203,2026-07-31T09:23:38.249549,88.7,82.5,FAILED,241,agent,DEGRADED,2026-07-31T09:23:38.249549,CURRENT
TEL-8a72dac5ebda,CTRL-MFA,AST-00055,2026-05-10T14:23:38.249549,2025-07-09T14:23:38.249549,57.1,HEALTHY,212,cloud_api,GOOD,2026-05-10T14:23:38.249549,BASELINE
TEL-071f8ffb3c43,CTRL-MFA,AST-00055,2026-08-05T01:23:38.249549,82.6,88.8,HEALTHY,249,cloud_api,GOOD,2026-08-05T01:23:38.249549,CURRENT
TEL-218a28bbcc0c,CTRL-MFA,AST-00071,2026-05-13T14:23:38.249549,62.7,60.4,HEALTHY,216,syslog,GOOD,2026-05-13T14:23:38.249549,BASELINE
TEL-8bc0b4bbcf19,CTRL-MFA,AST-00071,2026-08-06T03:23:38.249549,93.0,91.7,HEALTHY,242,agent,GOOD,2026-08-06T03:23:38.249549,CURRENT
TEL-f0bf27f7d33a,CTRL-MFA,AST-00102,2026-05-12T14:23:38.249549,73.2,60.9,HEALTHY,118,syslog,GOOD,2026-05-12T14:23:38.249549,BASELINE
TEL-8bcdd0322c80,CTRL-MFA,AST-00102,2026-07-31T21:23:38.249549,96.8,76.3,HEALTHY,431,syslog,GOOD,2026-07-31T21:23:38.249549,CURRENT
TEL-476d3d960fa1,CTRL-MFA,AST-00134,2026-05-15T14:23:38.249549,48.9,61.3,HEALTHY,409,agent,GOOD,2026-05-15T14:23:38.249549,BASELINE
TEL-b50308874a1f,CTRL-MFA,AST-00134,2026-08-01T15:23:38.249549,71.3,95.5,HEALTHY,66,agent,GOOD,2026-08-01T15:23:38.249549,CURRENT
TEL-9bae52a95905,CTRL-MFA,AST-00153,2026-05-12T14:23:38.249549,63.2,52.5,HEALTHY,9,cloud_api,DEGRADED,2026-05-12T14:23:38.249549,BASELINE
TEL-d60b78cd8d49,CTRL-MFA,AST-00153,2026-08-06T02:23:38.249549,80.7,87.4,DEGRADED,457,syslog,GOOD,2026-08-06T02:23:38.249549,CURRENT
TEL-343c846fcb6a,CTRL-MFA,AST-00018,2026-05-11T14:23:38.249549,46.9,58.5,HEALTHY,181,agent,GOOD,2026-05-11T14:23:38.249549,BASELINE
TEL-b5f75e0c4098,CTRL-MFA,AST-00018,2026-08-03T10:23:38.249549,72.7,75.9,DEGRADED,447,syslog,GOOD,2026-08-03T10:23:38.249549,CURRENT
TEL-3f5cca1fecd3,CTRL-MFA,AST-00016,2026-05-10T14:23:38.249549,48.1,68.4,HEALTHY,439,agent,GOOD,2026-05-10T14:23:38.249549,BASELINE
TEL-54a7d290fca5,CTRL-MFA,AST-00016,2026-08-07T11:23:38.249549,,99.4,HEALTHY,105,cloud_api,GOOD,2026-08-07T11:23:38.249549,CURRENT
TEL-b9ba8ae6b531,CTRL-MFA,AST-00120,2026-05-10T14:23:38.249549,53.8,55.2,HEALTHY,70,agent,GOOD,2026-05-10T14:23:38.249549,BASELINE
TEL-fa3503425e1b,CTRL-MFA,AST-00120,2026-08-06T23:23:38.249549,79.8,84.8,HEALTHY,125,cloud_api,GOOD,2026-08-06T23:23:38.249549,CURRENT
TEL-d1a31746d813,CTRL-MFA,AST-00036,2026-05-12T14:23:38.249549,60.2,51.2,HEALTHY,385,syslog,GOOD,2026-05-12T14:23:38.249549,BASELINE
TEL-79a88d23647b,CTRL-MFA,AST-00036,2026-08-01T21:23:38.249549,77.3,81.3,HEALTHY,209,cloud_api,DEGRADED,2026-08-01T21:23:38.249549,CURRENT
TEL-29b482674191,CTRL-MFA,AST-00043,2026-05-10T14:23:38.249549,60.5,68.3,DEGRADED,43,cloud_api,GOOD,2026-05-10T14:23:38.249549,BASELINE
TEL-1a6144babd5a,CTRL-MFA,AST-00043,2026-07-31T23:23:38.249549,92.5,92.2,HEALTHY,388,agent,GOOD,2026-07-31T23:23:38.249549,CURRENT
TEL-1a4555abf4c3,CTRL-MFA,AST-00068,2026-05-15T14:23:38.249549,64.2,41.7,HEALTHY,151,cloud_api,GOOD,2026-05-15T14:23:38.249549,BASELINE
TEL-e2cabd764612,CTRL-MFA,AST-00068,2026-07-31T02:23:38.249549,100,69.4,HEALTHY,380,cloud_api,DEGRADED,2026-07-31T02:23:38.249549,CURRENT
TEL-f869b617b7e7,CTRL-MFA,AST-00053,2026-05-15T14:23:38.249549,45.2,55.8,HEALTHY,278,syslog,GOOD,2026-05-15T14:23:38.249549,BASELINE
TEL-40cf744291b8,CTRL-MFA,AST-00053,2026-08-04T07:23:38.249549,67.2,89.2,DEGRADED,400,syslog,GOOD,2026-08-04T07:23:38.249549,CURRENT
TEL-a0dbdc2c2eb0,CTRL-MFA,AST-00119,2026-05-15T14:23:38.249549,50.9,41.1,HEALTHY,276,cloud_api,GOOD,2026-05-15T14:23:38.249549,BASELINE
TEL-1a3e81eaf676,CTRL-MFA,AST-00119,2026-07-31T22:23:38.249549,73.5,62.8,HEALTHY,325,agent,GOOD,2026-07-31T22:23:38.249549,CURRENT
TEL-d06eff2f4a7b,CTRL-MFA,AST-00027,2026-05-12T14:23:38.249549,71.7,47.8,HEALTHY,374,agent,GOOD,2026-05-12T14:23:38.249549,BASELINE
TEL-8ea79bdf6ab8,CTRL-MFA,AST-00027,2026-07-31T21:23:38.249549,100,79.4,HEALTHY,387,syslog,DEGRADED,2026-07-31T21:23:38.249549,CURRENT
TEL-02e826cda3a3,CTRL-MFA,AST-00124,2026-05-11T14:23:38.249549,58.5,40.2,HEALTHY,365,syslog,GOOD,2026-05-11T14:23:38.249549,BASELINE
TEL-0ef8397859ae,CTRL-MFA,AST-00124,2026-07-31T00:23:38.249549,87.8,61.9,HEALTHY,341,syslog,GOOD,2026-07-31T00:23:38.249549,CURRENT
TEL-b39c90530c50,CTRL-MFA,AST-00150,2026-05-14T14:23:38.249549,49.2,62.1,HEALTHY,232,agent,GOOD,2026-05-14T14:23:38.249549,BASELINE
TEL-5280d9f0f3c6,CTRL-MFA,AST-00150,2026-08-02T09:23:38.249549,73.6,79.2,HEALTHY,217,agent,GOOD,2026-08-02T09:23:38.249549,CURRENT
TEL-f86e04a7357d,CTRL-MFA,AST-00008,2026-05-14T14:23:38.249549,58.4,55.8,HEALTHY,255,syslog,GOOD,2026-05-14T14:23:38.249549,BASELINE
TEL-78cb43b01606,CTRL-MFA,AST-00008,2026-07-31T07:23:38.249549,82.6,82.6,HEALTHY,498,cloud_api,GOOD,2026-07-31T07:23:38.249549,CURRENT
TEL-11985c6c517c,CTRL-MFA,AST-00174,2026-05-15T14:23:38.249549,49.3,61.3,HEALTHY,108,cloud_api,GOOD,2026-05-15T14:23:38.249549,BASELINE
TEL-d676e4da562d,CTRL-MFA,AST-00174,2026-08-03T03:23:38.249549,67.5,78.9,HEALTHY,487,agent,GOOD,2026-08-03T03:23:38.249549,CURRENT
TEL-bc09c9acda26,CTRL-MFA,AST-00149,2026-05-11T14:23:38.249549,57.3,57.2,FAILED,155,cloud_api,GOOD,2026-05-11T14:23:38.249549,BASELINE
TEL-cd942798615f,CTRL-MFA,AST-00149,2026-08-07T08:23:38.249549,75.3,73.0,HEALTHY,24,cloud_api,DEGRADED,2026-08-07T08:23:38.249549,CURRENT
TEL-07d9cd17976d,CTRL-MFA,AST-00081,2026-05-12T14:23:38.249549,51.5,54.7,HEALTHY,293,cloud_api,GOOD,2026-05-12T14:23:38.249549,BASELINE
TEL-236fd8f64123,CTRL-MFA,AST-00081,2026-08-07T21:23:38.249549,86.9,72.1,HEALTHY,368,syslog,GOOD,2026-08-07T21:23:38.249549,CURRENT
TEL-fb00d67250b1,CTRL-MFA,AST-00088,2026-05-11T14:23:38.249549,49.2,62.9,HEALTHY,319,syslog,GOOD,2026-05-11T14:23:38.249549,BASELINE
TEL-53bfd6a81e19,CTRL-MFA,AST-00088,2026-07-30T09:23:38.249549,80.1,91.2,HEALTHY,23,syslog,DEGRADED,2026-07-30T09:23:38.249549,CURRENT
TEL-628efc437d33,CTRL-MFA,AST-00173,2026-05-14T14:23:38.249549,67.1,66.0,HEALTHY,287,syslog,GOOD,2026-05-14T14:23:38.249549,BASELINE
TEL-1ba435e6907a,CTRL-MFA,AST-00173,2026-08-01T21:23:38.249549,98.2,95.1,HEALTHY,295,agent,DEGRADED,2026-08-01T21:23:38.249549,CURRENT
TEL-2f5ad4a5ab98,CTRL-MFA,AST-00062,2026-05-15T14:23:38.249549,60.7,55.1,FAILED,140,agent,GOOD,2026-05-15T14:23:38.249549,BASELINE
TEL-3a838bdd11f7,CTRL-MFA,AST-00062,2026-07-29T15:23:38.249549,94.4,70.5,HEALTHY,413,syslog,GOOD,2026-07-29T15:23:38.249549,CURRENT
TEL-b79ad31ce723,CTRL-MFA,AST-00123,2026-05-13T14:23:38.249549,57.1,65.9,DEGRADED,162,cloud_api,GOOD,2026-05-13T14:23:38.249549,BASELINE
TEL-48b875ab4db5,CTRL-MFA,AST-00123,2026-08-06T16:23:38.249549,73.2,81.3,HEALTHY,73,agent,GOOD,2026-08-06T16:23:38.249549,CURRENT
TEL-69e89033cab4,CTRL-MFA,AST-00100,2026-05-14T14:23:38.249549,47.7,52.2,HEALTHY,152,cloud_api,GOOD,2026-05-14T14:23:38.249549,BASELINE
TEL-682b861f0805,CTRL-MFA,AST-00100,2026-08-05T03:23:38.249549,70.4,70.6,HEALTHY,482,agent,GOOD,2026-08-05T03:23:38.249549,CURRENT
TEL-f8ee92c6dc95,CTRL-MFA,AST-00190,2026-05-14T14:23:38.249549,52.2,47.1,HEALTHY,162,cloud_api,GOOD,2026-05-14T14:23:38.249549,BASELINE
TEL-456d0c0c61df,CTRL-MFA,AST-00190,2026-08-04T12:23:38.249549,82.1,72.3,HEALTHY,453,agent,GOOD,2026-07-11T14:23:38.249549,CURRENT
TEL-de2d56865b8b,CTRL-MFA,AST-00165,2026-05-11T14:23:38.249549,73.9,47.4,HEALTHY,433,syslog,GOOD,2026-05-11T14:23:38.249549,BASELINE
TEL-d037298fd158,CTRL-MFA,AST-00165,2026-08-05T09:23:38.249549,100,73.5,HEALTHY,86,agent,GOOD,2026-08-05T09:23:38.249549,CURRENT
TEL-d7356f09acaa,CTRL-MFA,AST-00171,2026-05-13T14:23:38.249549,57.7,53.6,HEALTHY,85,agent,GOOD,2026-05-13T14:23:38.249549,BASELINE
TEL-5f26ff4bf9df,CTRL-MFA,AST-00171,2026-07-30T18:23:38.249549,95.5,68.6,HEALTHY,348,cloud_api,BAD,2026-07-30T18:23:38.249549,CURRENT
TEL-b4fb91266da7,CTRL-MFA,AST-00175,2026-05-11T14:23:38.249549,70.3,65.2,HEALTHY,45,cloud_api,GOOD,2026-05-11T14:23:38.249549,BASELINE
TEL-cd6e0a681256,CTRL-MFA,AST-00175,2026-07-31T17:23:38.249549,90.6,85.8,FAILED,449,cloud_api,GOOD,2026-07-31T17:23:38.249549,CURRENT
TEL-99f32418882c,CTRL-MFA,AST-00017,2026-05-15T14:23:38.249549,60.1,66.5,HEALTHY,139,agent,GOOD,2026-05-15T14:23:38.249549,BASELINE
TEL-df2cb941a408,CTRL-MFA,AST-00017,2026-08-05T20:23:38.249549,95.2,100,FAILED,168,agent,DEGRADED,2026-08-05T20:23:38.249549,CURRENT
TEL-3e6f6e4391c7,CTRL-MFA,AST-00064,2026-05-10T14:23:38.249549,49.0,58.3,HEALTHY,356,syslog,GOOD,2026-05-10T14:23:38.249549,BASELINE
TEL-45965f1197f6,CTRL-MFA,AST-00064,2026-08-01T10:23:38.249549,87.1,73.3,DEGRADED,333,agent,GOOD,2026-08-01T10:23:38.249549,CURRENT
TEL-0ff6e1273b11,CTRL-MFA,AST-00067,2026-05-13T14:23:38.249549,71.8,53.4,HEALTHY,429,syslog,BAD,2026-05-13T14:23:38.249549,BASELINE
TEL-c509672c054a,CTRL-MFA,AST-00067,2026-07-30T19:23:38.249549,100,70.8,HEALTHY,4,agent,GOOD,2026-07-30T19:23:38.249549,CURRENT
TEL-3490b4944aa4,CTRL-MFA,AST-00070,2026-05-14T14:23:38.249549,67.8,61.3,HEALTHY,119,cloud_api,DEGRADED,2026-05-14T14:23:38.249549,BASELINE
TEL-60d00f51e097,CTRL-MFA,AST-00070,2026-08-01T22:23:38.249549,1099.8,80.1,HEALTHY,100,syslog,GOOD,2026-08-01T22:23:38.249549,CURRENT
TEL-e8e69b112664,CTRL-MFA,AST-00073,2026-05-15T14:23:38.249549,71.1,54.8,HEALTHY,289,agent,GOOD,2026-05-15T14:23:38.249549,BASELINE
TEL-61354dd0f0a7,CTRL-MFA,AST-00073,2026-07-31T17:23:38.249549,100,80.9,HEALTHY,291,agent,DEGRADED,2026-07-31T17:23:38.249549,CURRENT
TEL-8f138869b595,CTRL-MFA,AST-00200,2026-05-15T14:23:38.249549,66.9,65.4,HEALTHY,286,cloud_api,GOOD,2026-05-15T14:23:38.249549,BASELINE
TEL-9af05e388b31,CTRL-MFA,AST-00200,2026-08-01T09:23:38.249549,88.7,80.9,HEALTHY,437,cloud_api,GOOD,2026-08-01T09:23:38.249549,CURRENT
TEL-f27fa9b559ea,CTRL-PATCH,AST-00071,2026-05-12T14:23:38.249549,48.5,45.8,HEALTHY,145,agent,GOOD,2026-05-12T14:23:38.249549,BASELINE
TEL-246783ceb2c2,CTRL-PATCH,AST-00071,2026-08-08T03:23:38.249549,70.7,72.5,DEGRADED,125,agent,GOOD,2026-08-08T03:23:38.249549,CURRENT
TEL-d031d8744bfc,CTRL-PATCH,AST-00032,2026-05-11T14:23:38.249549,50.3,43.0,DEGRADED,173,agent,GOOD,2026-05-11T14:23:38.249549,BASELINE
TEL-12f4fb488dff,CTRL-PATCH,AST-00032,2026-08-04T13:23:38.249549,71.8,74.7,HEALTHY,481,syslog,BAD,2026-08-04T13:23:38.249549,CURRENT
TEL-ffe4fb24995c,CTRL-PATCH,AST-00175,2026-05-11T14:23:38.249549,74.9,66.4,HEALTHY,98,syslog,GOOD,2026-05-11T14:23:38.249549,BASELINE
TEL-cbaef228d82d,CTRL-PATCH,AST-00175,2026-07-30T05:23:38.249549,100,82.7,FAILED,125,agent,GOOD,2026-07-30T05:23:38.249549,CURRENT
TEL-e08becb434c0,CTRL-PATCH,AST-00133,2026-05-11T14:23:38.249549,62.6,48.8,HEALTHY,64,syslog,DEGRADED,2026-05-11T14:23:38.249549,BASELINE
TEL-408d3e891883,CTRL-PATCH,AST-00133,2026-08-08T01:23:38.249549,99.0,66.8,HEALTHY,240,syslog,GOOD,2026-08-08T01:23:38.249549,CURRENT
TEL-ee18b91fa56e,CTRL-PATCH,AST-00120,2026-05-12T14:23:38.249549,50.0,66.5,HEALTHY,364,cloud_api,GOOD,2026-05-12T14:23:38.249549,BASELINE
TEL-ce9fb5c76962,CTRL-PATCH,AST-00120,2026-08-03T07:23:38.249549,74.7,96.5,HEALTHY,297,cloud_api,GOOD,2026-08-03T07:23:38.249549,CURRENT
TEL-9d02b9ad4644,CTRL-PATCH,AST-00127,2026-05-13T14:23:38.249549,68.7,46.2,HEALTHY,217,cloud_api,GOOD,2026-05-13T14:23:38.249549,BASELINE
TEL-62d1e9a380da,CTRL-PATCH,AST-00127,2026-07-30T10:23:38.249549,100.0,79.1,HEALTHY,68,agent,GOOD,2026-07-30T10:23:38.249549,CURRENT
TEL-de0d1955e373,CTRL-PATCH,AST-00093,2026-05-12T14:23:38.249549,60.6,41.2,HEALTHY,188,cloud_api,GOOD,2026-05-12T14:23:38.249549,BASELINE
TEL-35d5623dd2e4,CTRL-PATCH,AST-00093,2026-08-04T01:23:38.249549,81.3,66.5,HEALTHY,330,agent,GOOD,2026-08-04T01:23:38.249549,CURRENT
TEL-494b1e0a7788,CTRL-PATCH,AST-00217,2026-05-12T14:23:38.249549,47.5,55.4,HEALTHY,184,agent,GOOD,2026-05-12T14:23:38.249549,BASELINE
TEL-8b29ec919af1,CTRL-PATCH,AST-00217,2026-07-29T17:23:38.249549,83.5,83.3,HEALTHY,381,syslog,GOOD,2026-07-29T17:23:38.249549,CURRENT
TEL-6265dc7cb597,CTRL-PATCH,AST-00195,2026-05-15T14:23:38.249549,50.7,44.1,HEALTHY,394,cloud_api,GOOD,2026-05-15T14:23:38.249549,BASELINE
TEL-b2c8edda21e5,CTRL-PATCH,AST-00195,2026-07-31T17:23:38.249549,80.8,76.2,DEGRADED,420,syslog,GOOD,2026-07-31T17:23:38.249549,CURRENT
TEL-6bcd12edb7d6,CTRL-PATCH,AST-00012,2026-05-13T14:23:38.249549,45.4,69.7,HEALTHY,242,agent,GOOD,2026-05-13T14:23:38.249549,BASELINE
TEL-81dc4b800144,CTRL-PATCH,AST-00012,2026-08-06T04:23:38.249549,76.7,100,HEALTHY,236,cloud_api,GOOD,2026-08-06T04:23:38.249549,CURRENT
TEL-3a342a38a538,CTRL-PATCH,AST-00185,2026-05-11T14:23:38.249549,54.4,63.1,HEALTHY,191,agent,GOOD,2026-05-11T14:23:38.249549,BASELINE
TEL-57e3a006e70b,CTRL-PATCH,AST-00185,2026-08-03T22:23:38.249549,74.1,92.1,HEALTHY,414,syslog,GOOD,2026-08-03T22:23:38.249549,CURRENT
TEL-0b3b1798742a,CTRL-PATCH,AST-00058,2026-05-15T14:23:38.249549,55.2,60.6,HEALTHY,290,agent,DEGRADED,2026-05-15T14:23:38.249549,BASELINE
TEL-0c486cbc54fc,CTRL-PATCH,AST-00058,2026-08-02T21:23:38.249549,80.7,83.6,HEALTHY,322,syslog,DEGRADED,2026-08-02T21:23:38.249549,CURRENT
TEL-75ee5a829491,CTRL-PATCH,AST-00013,2026-05-10T14:23:38.249549,62.2,51.4,HEALTHY,168,syslog,DEGRADED,2026-05-10T14:23:38.249549,BASELINE
TEL-ca9c99b14801,CTRL-PATCH,AST-00013,2026-08-02T22:23:38.249549,87.0,85.4,HEALTHY,345,syslog,GOOD,2026-08-02T22:23:38.249549,CURRENT
TEL-172de61f126e,CTRL-PATCH,AST-00072,2026-05-13T14:23:38.249549,69.8,40.8,HEALTHY,268,agent,GOOD,2026-05-13T14:23:38.249549,BASELINE
TEL-90f80ddb1298,CTRL-PATCH,AST-00072,2026-08-05T14:23:38.249549,99.9,59.8,DEGRADED,210,cloud_api,GOOD,2026-07-21T14:23:38.249549,CURRENT
TEL-6d0c79c558d2,CTRL-PATCH,AST-00108,2026-05-11T14:23:38.249549,48.3,54.3,HEALTHY,418,syslog,GOOD,2026-05-11T14:23:38.249549,BASELINE
TEL-bbddedfc0db4,CTRL-PATCH,AST-00108,2026-08-07T05:23:38.249549,76.7,70.7,HEALTHY,103,syslog,GOOD,2026-08-07T05:23:38.249549,CURRENT
TEL-81231d4c665b,CTRL-PATCH,AST-00137,2026-05-13T14:23:38.249549,58.8,69.7,HEALTHY,466,syslog,DEGRADED,2026-05-13T14:23:38.249549,BASELINE
TEL-eb84838b3db2,CTRL-PATCH,AST-00137,2026-08-02T04:23:38.249549,78.8,93.6,HEALTHY,147,syslog,DEGRADED,2026-08-02T04:23:38.249549,CURRENT
TEL-16d1519c7609,CTRL-PATCH,AST-00115,2026-05-14T14:23:38.249549,58.7,61.3,HEALTHY,127,agent,DEGRADED,2026-05-14T14:23:38.249549,BASELINE
TEL-68f394cfebed,CTRL-PATCH,AST-00115,2026-07-30T20:23:38.249549,91.2,82.3,DEGRADED,93,syslog,GOOD,2026-07-30T20:23:38.249549,CURRENT
TEL-bf949e7642fa,CTRL-PATCH,AST-00081,2026-05-12T14:23:38.249549,56.8,47.2,HEALTHY,469,agent,GOOD,2026-05-12T14:23:38.249549,BASELINE
TEL-111456d811c1,CTRL-PATCH,AST-00081,2026-07-30T05:23:38.249549,95.4,79.6,HEALTHY,390,syslog,GOOD,2026-07-30T05:23:38.249549,CURRENT
TEL-73be94aeaf0b,CTRL-PATCH,AST-00002,2026-05-13T14:23:38.249549,56.1,55.1,HEALTHY,22,cloud_api,GOOD,2026-05-13T14:23:38.249549,BASELINE
TEL-c1f60ed3e0c0,CTRL-PATCH,AST-00002,2026-08-03T19:23:38.249549,89.9,85.7,HEALTHY,175,syslog,GOOD,2026-08-03T19:23:38.249549,CURRENT
TEL-f0130ede8e0f,CTRL-PATCH,AST-00101,2026-05-11T14:23:38.249549,50.8,47.5,HEALTHY,236,agent,GOOD,2026-05-11T14:23:38.249549,BASELINE
TEL-3d5345dd3276,CTRL-PATCH,AST-00101,2026-08-05T03:23:38.249549,66.8,76.7,HEALTHY,241,cloud_api,GOOD,2026-08-05T03:23:38.249549,CURRENT
TEL-b587010321d8,CTRL-PATCH,AST-00050,2026-05-14T14:23:38.249549,50.1,43.0,HEALTHY,390,agent,GOOD,2026-05-14T14:23:38.249549,BASELINE
TEL-1a924fc988ec,CTRL-PATCH,AST-00050,2026-07-31T17:23:38.249549,65.6,63.9,HEALTHY,17,syslog,GOOD,2026-07-31T17:23:38.249549,CURRENT
TEL-4cb41d3e10f9,CTRL-PATCH,AST-00086,2026-05-15T14:23:38.249549,58.3,59.0,HEALTHY,353,cloud_api,GOOD,2026-05-15T14:23:38.249549,BASELINE
TEL-0889cde6347f,CTRL-PATCH,AST-00086,2026-07-31T23:23:38.249549,74.5,84.5,HEALTHY,475,agent,GOOD,2026-07-19T14:23:38.249549,CURRENT
TEL-e80949a5d3ee,CTRL-PATCH,AST-00021,2026-05-12T14:23:38.249549,52.2,52.7,HEALTHY,112,agent,GOOD,2026-05-12T14:23:38.249549,BASELINE
TEL-fd07eeec165c,CTRL-PATCH,AST-00021,2026-07-30T20:23:38.249549,69.4,87.4,HEALTHY,212,syslog,GOOD,2026-07-30T20:23:38.249549,CURRENT
TEL-da5eddf411d5,CTRL-PATCH,AST-00147,2026-05-14T14:23:38.249549,54.8,45.7,HEALTHY,109,agent,GOOD,2026-05-14T14:23:38.249549,BASELINE
TEL-f8f3cf15b4e4,CTRL-PATCH,AST-00147,2026-08-04T09:23:38.249549,83.9,64.8,HEALTHY,199,agent,GOOD,2026-08-04T09:23:38.249549,CURRENT
TEL-a1e4508a565a,CTRL-PATCH,AST-00007,2026-05-10T14:23:38.249549,47.0,59.5,HEALTHY,306,cloud_api,BAD,2026-05-10T14:23:38.249549,BASELINE
TEL-048f225ba668,CTRL-PATCH,AST-00007,2026-07-30T04:23:38.249549,82.4,81.9,FAILED,435,syslog,GOOD,2026-07-30T04:23:38.249549,CURRENT
TEL-68d791fc87ac,CTRL-PATCH,AST-00189,2026-05-15T14:23:38.249549,73.8,69.4,HEALTHY,170,agent,GOOD,2026-05-15T14:23:38.249549,BASELINE
TEL-9cc2182258b5,CTRL-PATCH,AST-00189,2026-07-29T18:23:38.249549,100,98.4,DEGRADED,246,agent,GOOD,2026-07-29T18:23:38.249549,CURRENT
TEL-d5547a90f0ff,CTRL-PATCH,AST-00209,2026-05-11T14:23:38.249549,63.3,51.5,FAILED,119,agent,GOOD,2026-05-11T14:23:38.249549,BASELINE
TEL-684fa63d27f6,CTRL-PATCH,AST-00209,2026-08-03T06:23:38.249549,92.9,79.3,HEALTHY,387,agent,GOOD,2026-08-03T06:23:38.249549,CURRENT
TEL-841407dec527,CTRL-PATCH,AST-00177,2026-05-11T14:23:38.249549,2025-09-06T14:23:38.249549,48.9,FAILED,227,syslog,DEGRADED,2026-05-11T14:23:38.249549,BASELINE
TEL-213314807453,CTRL-PATCH,AST-00177,2026-08-01T18:23:38.249549,71.2,66.9,HEALTHY,20,syslog,GOOD,2026-08-01T18:23:38.249549,CURRENT
TEL-d8f386444584,CTRL-PATCH,AST-00109,2026-05-15T14:23:38.249549,57.4,62.5,HEALTHY,27,syslog,BAD,2026-05-15T14:23:38.249549,BASELINE
TEL-b88f8d87d8a5,CTRL-PATCH,AST-00109,2026-08-05T02:23:38.249549,92.8,82.1,HEALTHY,446,cloud_api,GOOD,2026-08-05T02:23:38.249549,CURRENT
TEL-4ee8e13b6999,CTRL-PATCH,AST-00020,2026-05-11T14:23:38.249549,50.5,41.9,HEALTHY,104,agent,GOOD,2026-05-11T14:23:38.249549,BASELINE
TEL-75f8e355b79a,CTRL-PATCH,AST-00020,2026-08-08T01:23:38.249549,81.3,66.8,DEGRADED,120,syslog,GOOD,2026-08-08T01:23:38.249549,CURRENT
TEL-46d052621257,CTRL-PATCH,AST-00064,2026-05-11T14:23:38.249549,66.7,61.7,HEALTHY,229,syslog,GOOD,2026-05-11T14:23:38.249549,BASELINE
TEL-2549bb20d5db,CTRL-PATCH,AST-00064,2026-08-02T03:23:38.249549,89.5,81.5,FAILED,184,cloud_api,GOOD,2026-08-02T03:23:38.249549,CURRENT
TEL-5e856da4dad2,CTRL-PATCH,AST-00051,2026-05-11T14:23:38.249549,59.1,58.3,HEALTHY,390,cloud_api,GOOD,2026-05-11T14:23:38.249549,BASELINE
TEL-cbad9b5d5427,CTRL-PATCH,AST-00051,2026-07-30T21:23:38.249549,84.7,82.0,HEALTHY,275,agent,GOOD,2026-07-30T21:23:38.249549,CURRENT
TEL-897928dec3a7,CTRL-PATCH,AST-00043,2026-05-14T14:23:38.249549,50.3,49.2,HEALTHY,366,cloud_api,GOOD,2026-05-14T14:23:38.249549,BASELINE
TEL-5ca86a90948b,CTRL-PATCH,AST-00043,2026-08-02T03:23:38.249549,74.8,69.8,HEALTHY,191,cloud_api,GOOD,2026-07-15T14:23:38.249549,CURRENT
TEL-f4f2abf1b1d7,CTRL-PATCH,AST-00085,2026-05-12T14:23:38.249549,57.5,62.3,HEALTHY,453,agent,BAD,2026-05-12T14:23:38.249549,BASELINE
TEL-406be3e7e33f,CTRL-PATCH,AST-00085,2026-08-01T18:23:38.249549,82.3,84.9,HEALTHY,390,cloud_api,DEGRADED,2026-08-01T18:23:38.249549,CURRENT
TEL-c5c1b8880598,CTRL-PATCH,AST-00080,2026-05-15T14:23:38.249549,68.1,50.5,HEALTHY,197,cloud_api,GOOD,2026-05-15T14:23:38.249549,BASELINE
TEL-d0966ddf49b0,CTRL-PATCH,AST-00080,2026-08-01T06:23:38.249549,100,79.6,HEALTHY,346,agent,GOOD,2026-07-20T14:23:38.249549,CURRENT
TEL-9d2a7801e9bc,CTRL-PATCH,AST-00017,2026-05-12T14:23:38.249549,64.4,53.7,FAILED,430,agent,GOOD,2026-05-12T14:23:38.249549,BASELINE
TEL-a5c723bc87ed,CTRL-PATCH,AST-00017,2026-08-05T23:23:38.249549,85.9,82.3,DEGRADED,203,syslog,GOOD,2026-08-05T23:23:38.249549,CURRENT
TEL-f3f5827a1986,CTRL-PATCH,AST-00161,2026-05-13T14:23:38.249549,72.0,45.7,HEALTHY,272,syslog,DEGRADED,2026-05-13T14:23:38.249549,BASELINE
TEL-d93a6c939ce8,CTRL-PATCH,AST-00161,2026-08-05T22:23:38.249549,100.0,69.1,HEALTHY,473,syslog,DEGRADED,2026-08-05T22:23:38.249549,CURRENT
TEL-d987e942646d,CTRL-PATCH,AST-00184,2026-05-12T14:23:38.249549,48.3,63.9,HEALTHY,357,cloud_api,GOOD,2026-05-12T14:23:38.249549,BASELINE
TEL-7cc53b93487d,CTRL-PATCH,AST-00184,2026-07-31T15:23:38.249549,77.6,95.2,HEALTHY,396,syslog,GOOD,2026-07-31T15:23:38.249549,CURRENT
TEL-e722717fff9e,CTRL-PATCH,AST-00025,2026-05-11T14:23:38.249549,57.5,52.9,HEALTHY,257,agent,GOOD,2026-05-11T14:23:38.249549,BASELINE
TEL-8b2b089f0c64,CTRL-PATCH,AST-00025,2026-08-01T02:23:38.249549,79.7,71.5,HEALTHY,93,agent,GOOD,2026-08-01T02:23:38.249549,CURRENT
TEL-a812fbee334a,CTRL-PATCH,AST-00008,2026-05-15T14:23:38.249549,72.1,58.8,HEALTHY,63,cloud_api,GOOD,2026-05-15T14:23:38.249549,BASELINE
TEL-a8fc07bb09ac,CTRL-PATCH,AST-00008,2026-08-06T20:23:38.249549,,86.3,HEALTHY,51,agent,GOOD,2026-08-06T20:23:38.249549,CURRENT
TEL-1eb01a95354a,CTRL-PATCH,AST-00123,2026-05-10T14:23:38.249549,67.6,57.5,HEALTHY,308,syslog,BAD,2026-05-10T14:23:38.249549,BASELINE
TEL-2594c8f74aa2,CTRL-PATCH,AST-00123,2026-08-06T08:23:38.249549,82.7,92.2,HEALTHY,172,syslog,GOOD,2026-08-06T08:23:38.249549,CURRENT
TEL-218edb279699,CTRL-PATCH,AST-00111,2026-05-12T14:23:38.249549,56.1,70.0,HEALTHY,499,cloud_api,DEGRADED,2026-05-12T14:23:38.249549,BASELINE
TEL-826afda9766c,CTRL-PATCH,AST-00111,2026-08-01T12:23:38.249549,93.4,100,HEALTHY,427,agent,GOOD,2026-07-09T14:23:38.249549,CURRENT
TEL-0b86a7ad4537,CTRL-PATCH,AST-00196,2026-05-11T14:23:38.249549,48.7,68.5,HEALTHY,445,cloud_api,GOOD,2026-05-11T14:23:38.249549,BASELINE
TEL-0674d5b5c973,CTRL-PATCH,AST-00196,2026-08-04T16:23:38.249549,77.0,98.6,FAILED,416,cloud_api,GOOD,2026-07-11T14:23:38.249549,CURRENT
TEL-fb65ac0590ed,CTRL-PATCH,AST-00152,2026-05-13T14:23:38.249549,55.8,64.2,HEALTHY,313,agent,GOOD,2026-05-13T14:23:38.249549,BASELINE
TEL-92ee0df8d828,CTRL-PATCH,AST-00152,2026-08-06T03:23:38.249549,72.0,85.7,HEALTHY,337,syslog,DEGRADED,2026-08-06T03:23:38.249549,CURRENT
TEL-0c35f1b85ec4,CTRL-PATCH,AST-00183,2026-05-14T14:23:38.249549,67.0,45.9,DEGRADED,258,agent,GOOD,2026-05-14T14:23:38.249549,BASELINE
TEL-d68a7c14c1df,CTRL-PATCH,AST-00183,2026-07-30T06:23:38.249549,89.4,63.7,HEALTHY,280,cloud_api,GOOD,2026-07-30T06:23:38.249549,CURRENT
TEL-579d4857acd6,CTRL-PATCH,AST-00199,2026-05-11T14:23:38.249549,58.4,59.9,HEALTHY,45,agent,GOOD,2026-05-11T14:23:38.249549,BASELINE
TEL-c15225b2e7af,CTRL-PATCH,AST-00199,2026-08-06T19:23:38.249549,76.3,79.7,DEGRADED,462,cloud_api,GOOD,2026-08-06T19:23:38.249549,CURRENT
TEL-fe364d19aedd,CTRL-PATCH,AST-00065,2026-05-10T14:23:38.249549,51.6,54.3,HEALTHY,371,cloud_api,GOOD,2026-05-10T14:23:38.249549,BASELINE
TEL-ef3a689505e7,CTRL-PATCH,AST-00065,2026-08-01T12:23:38.249549,73.1,87.2,DEGRADED,392,syslog,GOOD,2026-08-01T12:23:38.249549,CURRENT
TEL-1ccfef348ee0,CTRL-PATCH,AST-00190,2026-05-15T14:23:38.249549,55.3,62.3,FAILED,223,agent,GOOD,2026-05-15T14:23:38.249549,BASELINE
TEL-e36ff2261c70,CTRL-PATCH,AST-00190,2026-08-01T18:23:38.249549,93.1,91.8,HEALTHY,379,syslog,DEGRADED,2026-08-01T18:23:38.249549,CURRENT
TEL-6c5f1cb22500,CTRL-PATCH,AST-00028,2026-05-13T14:23:38.249549,67.3,51.0,HEALTHY,302,syslog,GOOD,2026-05-13T14:23:38.249549,BASELINE
TEL-f21f134e5be2,CTRL-PATCH,AST-00028,2026-08-02T11:23:38.249549,85.2,83.1,HEALTHY,408,syslog,DEGRADED,2026-08-02T11:23:38.249549,CURRENT
TEL-6c4e210dcc0c,CTRL-PATCH,AST-00122,2026-05-10T14:23:38.249549,48.8,57.7,HEALTHY,417,cloud_api,GOOD,2026-05-10T14:23:38.249549,BASELINE
TEL-729c2035d4da,CTRL-PATCH,AST-00122,2026-08-02T21:23:38.249549,80.4,74.9,HEALTHY,74,syslog,GOOD,2026-08-02T21:23:38.249549,CURRENT
TEL-0f86f122afa1,CTRL-PATCH,AST-00062,2026-05-15T14:23:38.249549,69.0,58.0,DEGRADED,293,cloud_api,GOOD,2026-05-15T14:23:38.249549,BASELINE
TEL-04c805d17040,CTRL-PATCH,AST-00062,2026-08-07T07:23:38.249549,100,79.1,FAILED,30,cloud_api,GOOD,2026-08-07T07:23:38.249549,CURRENT
TEL-16dfeba1fbbd,CTRL-PATCH,AST-00088,2026-05-15T14:23:38.249549,66.5,68.0,HEALTHY,438,cloud_api,GOOD,2026-05-15T14:23:38.249549,BASELINE
TEL-83c00e26bdb9,CTRL-PATCH,AST-00088,2026-08-08T01:23:38.249549,100,87.5,DEGRADED,81,agent,GOOD,2026-08-08T01:23:38.249549,CURRENT
TEL-acfc0a400748,CTRL-PATCH,AST-00014,2026-05-13T14:23:38.249549,55.1,69.7,HEALTHY,356,agent,GOOD,2026-05-13T14:23:38.249549,BASELINE
TEL-95cf755b99a6,CTRL-PATCH,AST-00014,2026-08-07T20:23:38.249549,87.1,99.9,HEALTHY,405,syslog,DEGRADED,2026-08-07T20:23:38.249549,CURRENT
TEL-4ab6c9730143,CTRL-PATCH,AST-00218,2026-05-14T14:23:38.249549,46.6,49.1,HEALTHY,459,agent,GOOD,2026-05-14T14:23:38.249549,BASELINE
TEL-d8be831e7682,CTRL-PATCH,AST-00218,2026-08-07T03:23:38.249549,85.0,77.2,HEALTHY,185,syslog,DEGRADED,2026-08-07T03:23:38.249549,CURRENT
TEL-6f4b5a3cbb56,CTRL-PATCH,AST-00134,2026-05-13T14:23:38.249549,48.1,65.8,DEGRADED,49,cloud_api,BAD,2026-05-13T14:23:38.249549,BASELINE
TEL-625f34e88d47,CTRL-PATCH,AST-00134,2026-08-01T09:23:38.249549,82.7,88.3,FAILED,332,cloud_api,GOOD,2026-08-01T09:23:38.249549,CURRENT
TEL-d4ccb053e65d,CTRL-PATCH,AST-00061,2026-05-11T14:23:38.249549,74.1,52.1,HEALTHY,488,agent,GOOD,2026-05-11T14:23:38.249549,BASELINE
TEL-6363441a2543,CTRL-PATCH,AST-00061,2026-08-04T09:23:38.249549,100,67.8,HEALTHY,337,agent,GOOD,2026-08-04T09:23:38.249549,CURRENT
TEL-437e078ac174,CTRL-PATCH,AST-00019,2026-05-12T14:23:38.249549,70.9,48.3,HEALTHY,250,syslog,GOOD,2026-05-12T14:23:38.249549,BASELINE
TEL-8f9a8c7f4fd9,CTRL-PATCH,AST-00019,2026-08-08T12:23:38.249549,100,76.3,FAILED,245,cloud_api,GOOD,2026-07-13T14:23:38.249549,CURRENT
TEL-9e5423110424,CTRL-PATCH,AST-00154,2026-05-15T14:23:38.249549,47.8,51.5,HEALTHY,166,agent,GOOD,2026-05-15T14:23:38.249549,BASELINE
TEL-b5ee424e119e,CTRL-PATCH,AST-00154,2026-08-03T23:23:38.249549,77.7,86.5,HEALTHY,358,agent,GOOD,2026-08-03T23:23:38.249549,CURRENT
TEL-ce557aeb916e,CTRL-PATCH,AST-00159,2026-05-14T14:23:38.249549,69.5,55.9,HEALTHY,63,agent,DEGRADED,2026-05-14T14:23:38.249549,BASELINE
TEL-86e9bb8be8b4,CTRL-PATCH,AST-00159,2026-08-02T21:23:38.249549,100,72.2,HEALTHY,92,agent,GOOD,2026-08-02T21:23:38.249549,CURRENT
TEL-0d511ad449e1,CTRL-PATCH,AST-00113,2026-05-11T14:23:38.249549,69.0,43.9,DEGRADED,17,agent,BAD,2026-05-11T14:23:38.249549,BASELINE
TEL-98a3053fd6da,CTRL-PATCH,AST-00113,2026-08-07T16:23:38.249549,87.1,63.0,HEALTHY,216,syslog,GOOD,2026-08-07T16:23:38.249549,CURRENT
TEL-8d1bdcd91e9a,CTRL-PATCH,AST-00182,2026-05-15T14:23:38.249549,54.0,55.6,HEALTHY,355,cloud_api,GOOD,2026-05-15T14:23:38.249549,BASELINE
TEL-76697611dbd7,CTRL-PATCH,AST-00182,2026-08-02T22:23:38.249549,92.7,86.2,HEALTHY,107,syslog,GOOD,2026-08-02T22:23:38.249549,CURRENT
TEL-f04eeea37585,CTRL-PATCH,AST-00204,2026-05-11T14:23:38.249549,69.6,45.6,HEALTHY,183,cloud_api,GOOD,2026-05-11T14:23:38.249549,BASELINE
TEL-6301ab6608d3,CTRL-PATCH,AST-00204,2026-08-07T04:23:38.249549,90.5,66.6,HEALTHY,195,syslog,DEGRADED,2026-08-07T04:23:38.249549,CURRENT
TEL-7dd48a60d2f7,CTRL-PATCH,AST-00149,2026-05-15T14:23:38.249549,57.0,47.6,HEALTHY,375,cloud_api,BAD,2026-05-15T14:23:38.249549,BASELINE
TEL-2438b106de2b,CTRL-PATCH,AST-00149,2026-08-07T02:23:38.249549,74.1,71.1,HEALTHY,336,syslog,GOOD,2026-08-07T02:23:38.249549,CURRENT
TEL-592aa9e61fd5,CTRL-PATCH,AST-00219,2026-05-13T14:23:38.249549,2026-03-05T14:23:38.249549,44.6,HEALTHY,63,syslog,GOOD,2026-05-13T14:23:38.249549,BASELINE
TEL-3c5c3ca0c47f,CTRL-PATCH,AST-00219,2026-08-04T13:23:38.249549,88.6,79.5,HEALTHY,185,cloud_api,GOOD,2026-08-04T13:23:38.249549,CURRENT
TEL-cee1f1807beb,CTRL-PATCH,AST-00022,2026-05-11T14:23:38.249549,49.4,48.2,HEALTHY,63,agent,GOOD,2026-05-11T14:23:38.249549,BASELINE
TEL-1af3d12a0dc2,CTRL-PATCH,AST-00022,2026-08-04T14:23:38.249549,84.3,65.2,DEGRADED,48,syslog,GOOD,2026-08-04T14:23:38.249549,CURRENT
TEL-dd69affcfcee,CTRL-PATCH,AST-00016,2026-05-10T14:23:38.249549,62.2,48.1,HEALTHY,92,cloud_api,GOOD,2026-05-10T14:23:38.249549,BASELINE
TEL-d33c756282ca,CTRL-PATCH,AST-00016,2026-08-06T19:23:38.249549,84.2,65.1,HEALTHY,451,cloud_api,GOOD,2026-08-06T19:23:38.249549,CURRENT
TEL-bb3b2d33befe,CTRL-PATCH,AST-00009,2026-05-11T14:23:38.249549,48.8,55.4,HEALTHY,27,syslog,GOOD,2026-05-11T14:23:38.249549,BASELINE
TEL-37acfe4d6bd1,CTRL-PATCH,AST-00009,2026-08-07T02:23:38.249549,64.1,73.5,HEALTHY,214,syslog,GOOD,2026-08-07T02:23:38.249549,CURRENT
TEL-01a928e30083,CTRL-PATCH,AST-00097,2026-05-13T14:23:38.249549,58.2,54.1,DEGRADED,416,agent,GOOD,2026-05-13T14:23:38.249549,BASELINE
TEL-e8e59bf1d678,CTRL-PATCH,AST-00097,2026-08-03T01:23:38.249549,82.0,74.8,HEALTHY,160,agent,GOOD,2026-08-03T01:23:38.249549,CURRENT
TEL-1f78f630c30c,CTRL-PATCH,AST-00203,2026-05-10T14:23:38.249549,47.3,42.8,DEGRADED,413,agent,DEGRADED,2026-05-10T14:23:38.249549,BASELINE
TEL-c39882774228,CTRL-PATCH,AST-00203,2026-07-31T16:23:38.249549,68.3,69.3,HEALTHY,245,cloud_api,GOOD,2026-07-31T16:23:38.249549,CURRENT
TEL-0f0099f5106d,CTRL-PATCH,AST-00210,2026-05-14T14:23:38.249549,74.9,60.9,HEALTHY,365,cloud_api,GOOD,2026-05-14T14:23:38.249549,BASELINE
TEL-96145e19be39,CTRL-PATCH,AST-00210,2026-08-06T14:23:38.249549,100,84.0,HEALTHY,486,syslog,GOOD,2026-08-06T14:23:38.249549,CURRENT
TEL-2e3dfd8c9cd3,CTRL-PATCH,AST-00033,2026-05-14T14:23:38.249549,46.3,45.1,HEALTHY,429,agent,GOOD,2026-05-14T14:23:38.249549,BASELINE
TEL-e9630fb2807d,CTRL-PATCH,AST-00033,2026-07-29T23:23:38.249549,72.5,78.7,HEALTHY,191,agent,GOOD,2026-07-29T23:23:38.249549,CURRENT
TEL-8b51aa867db6,CTRL-PATCH,AST-00155,2026-05-12T14:23:38.249549,65.4,65.5,HEALTHY,1,syslog,GOOD,2026-05-12T14:23:38.249549,BASELINE
TEL-66aadaadac30,CTRL-PATCH,AST-00155,2026-08-05T10:23:38.249549,100,97.7,DEGRADED,491,syslog,GOOD,2026-08-05T10:23:38.249549,CURRENT
TEL-8455a44c4d2e,CTRL-PATCH,AST-00114,2026-05-10T14:23:38.249549,-71.8,66.8,HEALTHY,2,cloud_api,DEGRADED,2026-05-10T14:23:38.249549,BASELINE
TEL-fa0486b9a669,CTRL-PATCH,AST-00114,2026-08-04T19:23:38.249549,100,98.7,HEALTHY,251,agent,GOOD,2026-08-04T19:23:38.249549,CURRENT
TEL-582a9edd916e,CTRL-PATCH,AST-00015,2026-05-11T14:23:38.249549,60.4,43.7,HEALTHY,202,cloud_api,GOOD,2026-05-11T14:23:38.249549,BASELINE
TEL-af9d6dbd38e5,CTRL-PATCH,AST-00015,2026-07-31T10:23:38.249549,79.3,68.5,DEGRADED,55,cloud_api,GOOD,2026-07-31T10:23:38.249549,CURRENT
TEL-00047e0c9d40,CTRL-PATCH,AST-00078,2026-05-15T14:23:38.249549,58.2,62.4,HEALTHY,68,cloud_api,GOOD,2026-05-15T14:23:38.249549,BASELINE
TEL-662b3a162250,CTRL-PATCH,AST-00078,2026-08-06T12:23:38.249549,76.7,77.5,HEALTHY,245,syslog,BAD,2026-07-10T14:23:38.249549,CURRENT
TEL-7a9d8fbdbe61,CTRL-PATCH,AST-00179,2026-05-11T14:23:38.249549,48.6,54.9,HEALTHY,204,syslog,GOOD,2026-05-11T14:23:38.249549,BASELINE
TEL-e76eb3a74327,CTRL-PATCH,AST-00179,2026-08-05T03:23:38.249549,75.8,83.5,HEALTHY,490,agent,GOOD,2026-08-05T03:23:38.249549,CURRENT
TEL-9a2abaae9f02,CTRL-PATCH,AST-00151,2026-05-10T14:23:38.249549,48.8,40.4,HEALTHY,305,syslog,GOOD,2026-05-10T14:23:38.249549,BASELINE
TEL-c8fb72cb9f49,CTRL-PATCH,AST-00151,2026-08-01T09:23:38.249549,72.4,69.1,HEALTHY,219,agent,GOOD,2026-08-01T09:23:38.249549,CURRENT
TEL-071613449fad,CTRL-PATCH,AST-00027,2026-05-12T14:23:38.249549,66.9,48.4,DEGRADED,101,cloud_api,GOOD,2026-05-12T14:23:38.249549,BASELINE
TEL-050979a9162e,CTRL-PATCH,AST-00027,2026-08-01T03:23:38.249549,86.5,65.7,HEALTHY,92,agent,BAD,2026-08-01T03:23:38.249549,CURRENT
TEL-1faf6f7e16e7,CTRL-PATCH,AST-00197,2026-05-10T14:23:38.249549,62.7,46.9,DEGRADED,218,agent,GOOD,2026-05-10T14:23:38.249549,BASELINE
TEL-2a7e638785cd,CTRL-PATCH,AST-00197,2026-08-05T16:23:38.249549,93.6,64.5,HEALTHY,156,syslog,GOOD,2026-08-05T16:23:38.249549,CURRENT
TEL-5d8f02bc4f33,CTRL-PATCH,AST-00168,2026-05-15T14:23:38.249549,51.9,54.4,HEALTHY,143,cloud_api,GOOD,2026-05-15T14:23:38.249549,BASELINE
TEL-231efa1300c3,CTRL-PATCH,AST-00168,2026-08-08T01:23:38.249549,75.3,79.6,HEALTHY,0,agent,GOOD,2026-08-08T01:23:38.249549,CURRENT
TEL-daa2b69e23ef,CTRL-PATCH,AST-00076,2026-05-13T14:23:38.249549,54.6,48.4,HEALTHY,171,cloud_api,GOOD,2026-05-13T14:23:38.249549,BASELINE
TEL-39cf7ece559e,CTRL-PATCH,AST-00076,2026-08-06T15:23:38.249549,76.8,75.5,HEALTHY,66,cloud_api,GOOD,2026-08-06T15:23:38.249549,CURRENT
TEL-1751d927ce81,CTRL-PATCH,AST-00098,2026-05-11T14:23:38.249549,69.3,57.7,HEALTHY,44,agent,GOOD,2026-05-11T14:23:38.249549,BASELINE
TEL-7a613350fa01,CTRL-PATCH,AST-00098,2026-08-01T16:23:38.249549,100,84.8,HEALTHY,467,syslog,GOOD,2026-08-01T16:23:38.249549,CURRENT
TEL-ccbcc3525dca,CTRL-PATCH,AST-00103,2026-05-14T14:23:38.249549,50.8,43.0,HEALTHY,389,agent,GOOD,2026-05-14T14:23:38.249549,BASELINE
TEL-33def883eb3b,CTRL-PATCH,AST-00103,2026-08-04T23:23:38.249549,76.9,76.8,HEALTHY,364,cloud_api,DEGRADED,2026-08-04T23:23:38.249549,CURRENT
TEL-54aa99f4d929,CTRL-PATCH,AST-00160,2026-05-12T14:23:38.249549,67.8,56.8,HEALTHY,223,agent,GOOD,2026-05-12T14:23:38.249549,BASELINE
TEL-0080533959ec,CTRL-PATCH,AST-00160,2026-08-03T20:23:38.249549,100,78.8,HEALTHY,85,syslog,GOOD,2026-08-03T20:23:38.249549,CURRENT
TEL-01885a064b37,CTRL-PATCH,AST-00106,2026-05-15T14:23:38.249549,74.0,68.7,HEALTHY,350,syslog,DEGRADED,2026-05-15T14:23:38.249549,BASELINE
TEL-84181df21e3d,CTRL-PATCH,AST-00106,2026-08-06T14:23:38.249549,96.3,84.9,HEALTHY,196,syslog,GOOD,2026-08-06T14:23:38.249549,CURRENT
TEL-671c79661b69,CTRL-PATCH,AST-00060,2026-05-11T14:23:38.249549,57.0,45.5,DEGRADED,404,syslog,GOOD,2026-05-11T14:23:38.249549,BASELINE
TEL-4572d02b7e97,CTRL-PATCH,AST-00060,2026-08-02T07:23:38.249549,78.8,63.7,HEALTHY,112,cloud_api,GOOD,2026-08-02T07:23:38.249549,CURRENT
TEL-5546159b370b,CTRL-PATCH,AST-00003,2026-05-10T14:23:38.249549,61.6,41.4,DEGRADED,474,agent,GOOD,2026-05-10T14:23:38.249549,BASELINE
TEL-5694ab525322,CTRL-PATCH,AST-00003,2026-08-01T19:23:38.249549,80.8,61.1,HEALTHY,421,agent,GOOD,2026-08-01T19:23:38.249549,CURRENT
TEL-afc5c3e4944a,CTRL-PATCH,AST-00117,2026-05-10T14:23:38.249549,45.0,58.2,HEALTHY,68,cloud_api,DEGRADED,2026-05-10T14:23:38.249549,BASELINE
TEL-83abf14c1e41,CTRL-PATCH,AST-00117,2026-08-01T02:23:38.249549,68.7,80.5,HEALTHY,5,cloud_api,GOOD,2026-08-01T02:23:38.249549,CURRENT
TEL-3f723a9744f1,CTRL-PATCH,AST-00099,2026-05-14T14:23:38.249549,74.0,69.1,HEALTHY,484,syslog,GOOD,2026-05-14T14:23:38.249549,BASELINE
TEL-cd79d81a1f15,CTRL-PATCH,AST-00099,2026-08-07T11:23:38.249549,93.4,94.9,HEALTHY,226,agent,GOOD,2026-08-07T11:23:38.249549,CURRENT
TEL-a9d253a20751,CTRL-PATCH,AST-00119,2026-05-13T14:23:38.249549,51.1,65.7,HEALTHY,75,cloud_api,GOOD,2026-05-13T14:23:38.249549,BASELINE
TEL-c8d4c1cfcde5,CTRL-PATCH,AST-00119,2026-08-06T03:23:38.249549,81.9,88.7,DEGRADED,96,syslog,GOOD,2026-08-06T03:23:38.249549,CURRENT
TEL-442adec15bab,CTRL-PATCH,AST-00110,2026-05-11T14:23:38.249549,66.9,40.6,HEALTHY,35,agent,GOOD,2026-05-11T14:23:38.249549,BASELINE
TEL-4b40cc358ac5,CTRL-PATCH,AST-00110,2026-07-30T21:23:38.249549,98.1,58.9,FAILED,51,syslog,GOOD,2026-07-30T21:23:38.249549,CURRENT
TEL-a14b3cb05c26,CTRL-PATCH,AST-00026,2026-05-10T14:23:38.249549,66.8,58.1,HEALTHY,329,agent,GOOD,2026-05-10T14:23:38.249549,BASELINE
TEL-5fdb55d45f4d,CTRL-PATCH,AST-00026,2026-08-07T10:23:38.249549,100,80.7,DEGRADED,307,agent,GOOD,2026-08-07T10:23:38.249549,CURRENT
TEL-eaf2459ac0ec,CTRL-PATCH,AST-00087,2026-05-15T14:23:38.249549,45.3,56.3,HEALTHY,288,cloud_api,GOOD,2026-05-15T14:23:38.249549,BASELINE
TEL-1b2b2d6d3c12,CTRL-PATCH,AST-00087,2026-08-07T17:23:38.249549,80.1,87.6,HEALTHY,278,syslog,GOOD,2026-08-07T17:23:38.249549,CURRENT
TEL-46aa4ab7a5a6,CTRL-PATCH,AST-00084,2026-05-10T14:23:38.249549,61.3,41.3,HEALTHY,0,agent,GOOD,2026-05-10T14:23:38.249549,BASELINE
TEL-4ed3d7df1ba4,CTRL-PATCH,AST-00084,2026-08-03T04:23:38.249549,76.8,67.2,HEALTHY,115,syslog,GOOD,2026-08-03T04:23:38.249549,CURRENT
TEL-bc40416c81fc,CTRL-PATCH,AST-00121,2026-05-10T14:23:38.249549,71.5,43.4,FAILED,182,agent,GOOD,2026-05-10T14:23:38.249549,BASELINE
TEL-d975b90014fb,CTRL-PATCH,AST-00121,2026-08-06T05:23:38.249549,100,61.8,DEGRADED,458,agent,GOOD,2026-08-06T05:23:38.249549,CURRENT
TEL-f54406231a26,CTRL-PATCH,AST-00128,2026-05-11T14:23:38.249549,50.3,58.0,HEALTHY,418,cloud_api,GOOD,2026-05-11T14:23:38.249549,BASELINE
TEL-7d61ad8b29bb,CTRL-PATCH,AST-00128,2026-07-30T02:23:38.249549,78.6,86.6,HEALTHY,477,cloud_api,GOOD,2026-07-30T02:23:38.249549,CURRENT
TEL-d6bacb40747e,CTRL-PATCH,AST-00201,2026-05-11T14:23:38.249549,66.3,40.1,HEALTHY,199,cloud_api,GOOD,2026-05-11T14:23:38.249549,BASELINE
TEL-339349264b92,CTRL-PATCH,AST-00201,2026-07-31T07:23:38.249549,83.2,73.7,HEALTHY,295,cloud_api,DEGRADED,2026-07-31T07:23:38.249549,CURRENT
TEL-8beee3d6eff9,CTRL-PATCH,AST-00004,2026-05-13T14:23:38.249549,53.4,69.8,HEALTHY,355,cloud_api,GOOD,2026-05-13T14:23:38.249549,BASELINE
TEL-942914d61797,CTRL-PATCH,AST-00004,2026-08-04T20:23:38.249549,70.6,88.5,DEGRADED,471,agent,GOOD,2026-08-04T20:23:38.249549,CURRENT
TEL-3e33243db9e2,CTRL-PATCH,AST-00059,2026-05-11T14:23:38.249549,61.5,54.8,HEALTHY,269,syslog,GOOD,2026-05-11T14:23:38.249549,BASELINE
TEL-90122853a8c0,CTRL-PATCH,AST-00059,2026-08-04T12:23:38.249549,89.9,80.5,HEALTHY,185,agent,GOOD,2026-08-04T12:23:38.249549,CURRENT
TEL-0cc422896fde,CTRL-PATCH,AST-00067,2026-05-10T14:23:38.249549,70.5,54.2,HEALTHY,434,agent,GOOD,2026-05-10T14:23:38.249549,BASELINE
TEL-485e02d3cf71,CTRL-PATCH,AST-00067,2026-08-07T23:23:38.249549,94.6,71.9,FAILED,467,cloud_api,GOOD,2026-08-07T23:23:38.249549,CURRENT
TEL-52ebebfb51da,CTRL-PATCH,AST-00188,2026-05-15T14:23:38.249549,69.8,44.1,HEALTHY,494,cloud_api,GOOD,2026-05-15T14:23:38.249549,BASELINE
TEL-6224e45bb260,CTRL-PATCH,AST-00188,2026-08-07T02:23:38.249549,86.2,78.4,HEALTHY,428,syslog,DEGRADED,2026-08-07T02:23:38.249549,CURRENT
TEL-ba639ef6cd48,CTRL-PATCH,AST-00140,2026-05-14T14:23:38.249549,45.9,42.4,HEALTHY,93,cloud_api,GOOD,2026-05-14T14:23:38.249549,BASELINE
TEL-47818b4c32b2,CTRL-PATCH,AST-00140,2026-07-30T18:23:38.249549,70.0,58.9,HEALTHY,210,syslog,GOOD,2026-07-30T18:23:38.249549,CURRENT
TEL-c1f532915fc6,CTRL-PATCH,AST-00205,2026-05-15T14:23:38.249549,68.4,48.6,HEALTHY,82,agent,GOOD,2026-05-15T14:23:38.249549,BASELINE
TEL-f4721a813a43,CTRL-PATCH,AST-00205,2026-08-08T06:23:38.249549,100,66.7,HEALTHY,364,cloud_api,DEGRADED,2026-08-08T06:23:38.249549,CURRENT
TEL-aadb16408453,CTRL-PATCH,AST-00141,2026-05-10T14:23:38.249549,60.1,52.7,FAILED,380,agent,GOOD,2026-05-10T14:23:38.249549,BASELINE
TEL-a8ad1cb9591d,CTRL-PATCH,AST-00141,2026-08-03T01:23:38.249549,-92.8,70.8,HEALTHY,430,agent,GOOD,2026-08-03T01:23:38.249549,CURRENT
TEL-52131b100a3e,CTRL-PATCH,AST-00213,2026-05-11T14:23:38.249549,59.1,59.3,HEALTHY,99,cloud_api,GOOD,2026-05-11T14:23:38.249549,BASELINE
TEL-bfcb39eff7c7,CTRL-PATCH,AST-00213,2026-08-08T01:23:38.249549,81.9,90.8,DEGRADED,14,agent,GOOD,2026-08-08T01:23:38.249549,CURRENT
TEL-9c00811012a7,CTRL-PATCH,AST-00202,2026-05-12T14:23:38.249549,61.2,57.9,HEALTHY,16,agent,GOOD,2026-05-12T14:23:38.249549,BASELINE
TEL-c23b86b1de9a,CTRL-PATCH,AST-00202,2026-08-06T14:23:38.249549,77.9,88.0,HEALTHY,404,cloud_api,GOOD,2026-08-06T14:23:38.249549,CURRENT
TEL-c94940e21ccd,CTRL-PATCH,AST-00077,2026-05-12T14:23:38.249549,54.4,40.3,HEALTHY,200,syslog,GOOD,2026-05-12T14:23:38.249549,BASELINE
TEL-86df0722bc68,CTRL-PATCH,AST-00077,2026-08-04T09:23:38.249549,93.0,62.4,HEALTHY,459,syslog,GOOD,2026-08-04T09:23:38.249549,CURRENT
TEL-056499a806b8,CTRL-PATCH,AST-00092,2026-05-13T14:23:38.249549,60.1,40.7,HEALTHY,82,agent,GOOD,2026-05-13T14:23:38.249549,BASELINE
TEL-b89c228f9d63,CTRL-PATCH,AST-00092,2026-08-02T08:23:38.249549,94.4,71.6,FAILED,118,agent,GOOD,2026-08-02T08:23:38.249549,CURRENT
TEL-b75e3104eb99,CTRL-PATCH,AST-00163,2026-05-14T14:23:38.249549,64.6,44.8,HEALTHY,393,cloud_api,GOOD,2026-05-14T14:23:38.249549,BASELINE
TEL-c0aa94110ddb,CTRL-PATCH,AST-00163,2026-07-31T20:23:38.249549,98.8,79.1,HEALTHY,481,cloud_api,GOOD,2026-07-31T20:23:38.249549,CURRENT
TEL-56062e9ebde3,CTRL-PATCH,AST-00131,2026-05-14T14:23:38.249549,66.4,47.2,HEALTHY,254,agent,GOOD,2026-05-14T14:23:38.249549,BASELINE
TEL-3d4958d0b58c,CTRL-PATCH,AST-00131,2026-08-07T19:23:38.249549,98.5,82.1,HEALTHY,496,agent,GOOD,2026-08-07T19:23:38.249549,CURRENT
TEL-9d520832ea42,CTRL-PATCH,AST-00102,2026-05-14T14:23:38.249549,58.6,48.9,HEALTHY,363,cloud_api,GOOD,2026-05-14T14:23:38.249549,BASELINE
TEL-45749802b64e,CTRL-PATCH,AST-00102,2026-08-04T17:23:38.249549,77.9,65.2,DEGRADED,332,agent,DEGRADED,2026-08-04T17:23:38.249549,CURRENT
TEL-4b013f776c23,CTRL-PATCH,AST-00206,2026-05-13T14:23:38.249549,74.2,50.9,HEALTHY,225,cloud_api,GOOD,2026-05-13T14:23:38.249549,BASELINE
TEL-506baf4491d1,CTRL-PATCH,AST-00206,2026-07-30T11:23:38.249549,100,71.6,HEALTHY,211,syslog,GOOD,2026-07-30T11:23:38.249549,CURRENT
TEL-a7a4a8c532b0,CTRL-PATCH,AST-00118,2026-05-10T14:23:38.249549,71.3,41.3,HEALTHY,287,agent,GOOD,2026-05-10T14:23:38.249549,BASELINE
TEL-7d28d7d47cbd,CTRL-PATCH,AST-00118,2026-07-31T17:23:38.249549,100,75.8,HEALTHY,437,agent,GOOD,2026-07-31T17:23:38.249549,CURRENT
TEL-064341f8b63f,CTRL-PATCH,AST-00074,2026-05-14T14:23:38.249549,71.2,50.5,HEALTHY,92,syslog,GOOD,2026-05-14T14:23:38.249549,BASELINE
TEL-99002373b061,CTRL-PATCH,AST-00074,2026-07-30T00:23:38.249549,100,74.8,HEALTHY,205,cloud_api,GOOD,2026-07-30T00:23:38.249549,CURRENT
TEL-0fc4f02aa926,CTRL-PATCH,AST-00144,2026-05-10T14:23:38.249549,55.3,46.4,HEALTHY,485,cloud_api,GOOD,2026-05-10T14:23:38.249549,BASELINE
TEL-9d3dfdbcd872,CTRL-PATCH,AST-00144,2026-08-05T15:23:38.249549,85.4,76.2,FAILED,396,cloud_api,GOOD,2026-08-05T15:23:38.249549,CURRENT
TEL-f7ed9cf998b8,CTRL-PATCH,AST-00082,2026-05-11T14:23:38.249549,2025-12-05T14:23:38.249549,69.4,HEALTHY,325,agent,GOOD,2026-05-11T14:23:38.249549,BASELINE
TEL-fd1608dbb1dd,CTRL-PATCH,AST-00082,2026-07-30T08:23:38.249549,100,88.6,HEALTHY,364,cloud_api,DEGRADED,2026-07-30T08:23:38.249549,CURRENT
TEL-4351d6a75f9f,CTRL-PATCH,AST-00066,2026-05-10T14:23:38.249549,60.7,47.8,HEALTHY,385,cloud_api,GOOD,2026-05-10T14:23:38.249549,BASELINE
TEL-f97b9062dbd9,CTRL-PATCH,AST-00066,2026-07-30T01:23:38.249549,92.5,79.4,HEALTHY,352,agent,DEGRADED,2026-07-30T01:23:38.249549,CURRENT
TEL-f024784f3c77,CTRL-PATCH,AST-00150,2026-05-14T14:23:38.249549,58.1,57.1,HEALTHY,370,syslog,GOOD,2026-05-14T14:23:38.249549,BASELINE
TEL-7b090bd552ff,CTRL-PATCH,AST-00150,2026-07-31T06:23:38.249549,95.9,88.6,DEGRADED,375,syslog,GOOD,2026-07-31T06:23:38.249549,CURRENT
TEL-542b80da4a5a,CTRL-PATCH,AST-00046,2026-05-13T14:23:38.249549,67.0,66.9,HEALTHY,345,cloud_api,GOOD,2026-05-13T14:23:38.249549,BASELINE
TEL-bf49f1e7c18c,CTRL-PATCH,AST-00046,2026-07-30T09:23:38.249549,82.3,100,DEGRADED,438,agent,GOOD,2026-07-30T09:23:38.249549,CURRENT
TEL-5d1d2eee4b8f,CTRL-PATCH,AST-00054,2026-05-11T14:23:38.249549,64.2,41.1,HEALTHY,307,cloud_api,GOOD,2026-05-11T14:23:38.249549,BASELINE
TEL-d1ffc87d9c43,CTRL-PATCH,AST-00054,2026-08-04T03:23:38.249549,93.6,71.0,HEALTHY,489,agent,GOOD,2026-08-04T03:23:38.249549,CURRENT
TEL-c8aaf8f5c73e,CTRL-PATCH,AST-00170,2026-05-10T14:23:38.249549,55.9,49.2,FAILED,211,cloud_api,GOOD,2026-05-10T14:23:38.249549,BASELINE
TEL-658121beb97d,CTRL-PATCH,AST-00170,2026-08-01T03:23:38.249549,78.5,80.6,FAILED,171,agent,DEGRADED,2026-08-01T03:23:38.249549,CURRENT
TEL-54cc5a6098f8,CTRL-PATCH,AST-00214,2026-05-13T14:23:38.249549,58.8,56.6,HEALTHY,348,cloud_api,GOOD,2026-05-13T14:23:38.249549,BASELINE
TEL-00dc199cbff4,CTRL-PATCH,AST-00214,2026-08-04T13:23:38.249549,83.1,74.8,DEGRADED,50,agent,GOOD,2026-08-04T13:23:38.249549,CURRENT
TEL-fb9c9dd2d46e,CTRL-PATCH,AST-00186,2026-05-13T14:23:38.249549,48.1,58.5,DEGRADED,51,syslog,GOOD,2026-05-13T14:23:38.249549,BASELINE
TEL-6fcdbe3d6d2e,CTRL-PATCH,AST-00186,2026-07-31T15:23:38.249549,79.4,81.7,DEGRADED,108,agent,GOOD,2026-07-22T14:23:38.249549,CURRENT
TEL-486224ffe5a1,CTRL-PATCH,AST-00057,2026-05-12T14:23:38.249549,61.5,65.7,HEALTHY,420,syslog,GOOD,2026-05-12T14:23:38.249549,BASELINE
TEL-0e0765383f95,CTRL-PATCH,AST-00057,2026-07-31T03:23:38.249549,79.4,99.7,HEALTHY,259,cloud_api,GOOD,2026-07-20T14:23:38.249549,CURRENT
TEL-68f0198bf349,CTRL-PATCH,AST-00024,2026-05-15T14:23:38.249549,-64.8,67.1,HEALTHY,404,cloud_api,GOOD,2026-05-15T14:23:38.249549,BASELINE
TEL-8c7627ca0462,CTRL-PATCH,AST-00024,2026-08-06T01:23:38.249549,87.4,100,HEALTHY,87,syslog,BAD,2026-08-06T01:23:38.249549,CURRENT
TEL-2b963718e820,CTRL-PATCH,AST-00157,2026-05-10T14:23:38.249549,52.3,45.8,HEALTHY,480,syslog,GOOD,2026-05-10T14:23:38.249549,BASELINE
TEL-cafc25211c45,CTRL-PATCH,AST-00157,2026-07-31T01:23:38.249549,91.6,73.7,HEALTHY,81,cloud_api,GOOD,2026-07-31T01:23:38.249549,CURRENT
TEL-06d571efeb8d,CTRL-PATCH,AST-00018,2026-05-13T14:23:38.249549,66.3,43.6,DEGRADED,428,syslog,GOOD,2026-05-13T14:23:38.249549,BASELINE
TEL-052bf17ae431,CTRL-PATCH,AST-00018,2026-07-30T15:23:38.249549,84.5,70.1,HEALTHY,5,syslog,GOOD,2026-07-30T15:23:38.249549,CURRENT
TEL-63062a88c12e,CTRL-PATCH,AST-00006,2026-05-14T14:23:38.249549,2026-05-04T14:23:38.249549,56.3,FAILED,324,syslog,GOOD,2026-05-14T14:23:38.249549,BASELINE
TEL-402332cac3be,CTRL-PATCH,AST-00006,2026-08-04T13:23:38.249549,80.0,90.8,HEALTHY,99,syslog,GOOD,2026-08-04T13:23:38.249549,CURRENT
TEL-70d06c276a1f,CTRL-PATCH,AST-00181,2026-05-10T14:23:38.249549,66.8,51.3,HEALTHY,11,syslog,BAD,2026-05-10T14:23:38.249549,BASELINE
TEL-4cbdcbf19cfe,CTRL-PATCH,AST-00181,2026-08-05T16:23:38.249549,100,71.6,DEGRADED,62,agent,GOOD,2026-08-05T16:23:38.249549,CURRENT
TEL-f882d36a12e4,CTRL-PATCH,AST-00136,2026-05-11T14:23:38.249549,52.9,42.3,HEALTHY,211,agent,GOOD,2026-05-11T14:23:38.249549,BASELINE
TEL-262d7673f519,CTRL-PATCH,AST-00136,2026-08-04T10:23:38.249549,72.4,74.2,HEALTHY,455,cloud_api,GOOD,2026-08-04T10:23:38.249549,CURRENT
TEL-ce69fc3165b3,CTRL-PATCH,AST-00040,2026-05-15T14:23:38.249549,58.5,49.0,DEGRADED,60,cloud_api,BAD,2026-05-15T14:23:38.249549,BASELINE
TEL-0296c3427ffc,CTRL-PATCH,AST-00040,2026-08-02T13:23:38.249549,77.6,82.0,HEALTHY,81,syslog,GOOD,2026-08-02T13:23:38.249549,CURRENT
TEL-1acc37ed62ef,CTRL-PATCH,AST-00075,2026-05-14T14:23:38.249549,72.8,40.9,DEGRADED,58,agent,GOOD,2026-05-14T14:23:38.249549,BASELINE
TEL-0f317f176e7f,CTRL-PATCH,AST-00075,2026-07-31T12:23:38.249549,92.6,56.3,HEALTHY,64,cloud_api,GOOD,2026-07-31T12:23:38.249549,CURRENT
TEL-4ce0fb750c28,CTRL-PATCH,AST-00056,2026-05-13T14:23:38.249549,51.0,61.2,HEALTHY,484,cloud_api,DEGRADED,2026-05-13T14:23:38.249549,BASELINE
TEL-edbccd4c9a43,CTRL-PATCH,AST-00056,2026-07-31T16:23:38.249549,68.3,89.3,DEGRADED,367,cloud_api,DEGRADED,2026-07-31T16:23:38.249549,CURRENT
TEL-300b20ba2f79,CTRL-PATCH,AST-00104,2026-05-11T14:23:38.249549,48.1,57.6,DEGRADED,216,syslog,GOOD,2026-05-11T14:23:38.249549,BASELINE
TEL-8776a4d8782b,CTRL-PATCH,AST-00104,2026-07-31T22:23:38.249549,82.9,75.9,HEALTHY,219,agent,GOOD,2026-07-31T22:23:38.249549,CURRENT
TEL-912eeac428c6,CTRL-PATCH,AST-00215,2026-05-10T14:23:38.249549,56.2,41.9,HEALTHY,309,syslog,DEGRADED,2026-05-10T14:23:38.249549,BASELINE
TEL-03ad2ab2f94d,CTRL-PATCH,AST-00215,2026-08-03T04:23:38.249549,87.0,60.3,HEALTHY,414,cloud_api,GOOD,2026-08-03T04:23:38.249549,CURRENT
TEL-cbcf063b1a09,CTRL-PATCH,AST-00130,2026-05-11T14:23:38.249549,50.6,46.5,HEALTHY,352,agent,GOOD,2026-05-11T14:23:38.249549,BASELINE
TEL-f96f788ffcba,CTRL-PATCH,AST-00130,2026-07-31T07:23:38.249549,71.7,68.9,HEALTHY,119,syslog,GOOD,2026-07-31T07:23:38.249549,CURRENT
TEL-d21a6fa72c33,CTRL-PATCH,AST-00090,2026-05-15T14:23:38.249549,53.5,46.5,DEGRADED,343,agent,GOOD,2026-05-15T14:23:38.249549,BASELINE
TEL-8eb7a29d71e8,CTRL-PATCH,AST-00090,2026-08-02T03:23:38.249549,73.8,72.7,HEALTHY,416,cloud_api,GOOD,2026-08-02T03:23:38.249549,CURRENT
TEL-69ff1e185937,CTRL-PATCH,AST-00089,2026-05-10T14:23:38.249549,46.5,41.4,HEALTHY,302,cloud_api,GOOD,2026-05-10T14:23:38.249549,BASELINE
TEL-5451a561f153,CTRL-PATCH,AST-00089,2026-08-07T07:23:38.249549,,61.9,DEGRADED,2,cloud_api,GOOD,2026-08-07T07:23:38.249549,CURRENT
TEL-95b9f02a8b36,CTRL-PATCH,AST-00070,2026-05-10T14:23:38.249549,70.2,66.9,HEALTHY,48,cloud_api,GOOD,2026-05-10T14:23:38.249549,BASELINE
TEL-aeb469fcdc5e,CTRL-PATCH,AST-00070,2026-08-05T00:23:38.249549,95.3,100,HEALTHY,284,cloud_api,GOOD,2026-08-05T00:23:38.249549,CURRENT
TEL-1ced29bb8d51,CTRL-PATCH,AST-00164,2026-05-15T14:23:38.249549,46.4,69.5,HEALTHY,316,agent,GOOD,2026-05-15T14:23:38.249549,BASELINE
TEL-00e5101bb33e,CTRL-PATCH,AST-00164,2026-07-29T21:23:38.249549,,94.4,FAILED,441,syslog,GOOD,2026-07-29T21:23:38.249549,CURRENT
TEL-3b40f0c0bba7,CTRL-PATCH,AST-00193,2026-05-14T14:23:38.249549,51.8,61.7,DEGRADED,132,agent,GOOD,2026-05-14T14:23:38.249549,BASELINE
TEL-4ff2d24784f9,CTRL-PATCH,AST-00193,2026-08-08T13:23:38.249549,69.0,93.0,HEALTHY,313,cloud_api,GOOD,2026-08-08T13:23:38.249549,CURRENT
TEL-2b7cde3832fa,CTRL-PATCH,AST-00165,2026-05-11T14:23:38.249549,50.1,53.8,DEGRADED,458,cloud_api,GOOD,2026-05-11T14:23:38.249549,BASELINE
TEL-1f24741b406c,CTRL-PATCH,AST-00165,2026-07-31T14:23:38.249549,68.6,71.3,HEALTHY,244,syslog,GOOD,2026-07-31T14:23:38.249549,CURRENT
TEL-5576339db10d,CTRL-PATCH,AST-00167,2026-05-12T14:23:38.249549,53.4,54.5,HEALTHY,446,agent,GOOD,2026-05-12T14:23:38.249549,BASELINE
TEL-3560a6efa09d,CTRL-PATCH,AST-00167,2026-08-01T00:23:38.249549,87.7,71.3,HEALTHY,497,cloud_api,GOOD,2026-08-01T00:23:38.249549,CURRENT
TEL-eed18acbe435,CTRL-PATCH,AST-00044,2026-05-10T14:23:38.249549,45.4,64.6,HEALTHY,270,syslog,DEGRADED,2026-05-10T14:23:38.249549,BASELINE
TEL-06bd854fcece,CTRL-PATCH,AST-00044,2026-08-04T23:23:38.249549,65.8,83.3,HEALTHY,78,syslog,GOOD,2026-08-04T23:23:38.249549,CURRENT
TEL-581688c01fdb,CTRL-PATCH,AST-00038,2026-05-14T14:23:38.249549,48.9,51.6,HEALTHY,35,cloud_api,GOOD,2026-05-14T14:23:38.249549,BASELINE
TEL-08f5e4c2c900,CTRL-PATCH,AST-00038,2026-08-03T03:23:38.249549,86.8,75.6,HEALTHY,52,agent,GOOD,2026-08-03T03:23:38.249549,CURRENT
TEL-f6ba00d28fca,CTRL-PATCH,AST-00048,2026-05-12T14:23:38.249549,48.2,40.5,HEALTHY,180,cloud_api,GOOD,2026-05-12T14:23:38.249549,BASELINE
TEL-5308563996ac,CTRL-PATCH,AST-00048,2026-08-08T07:23:38.249549,66.0,64.7,HEALTHY,203,syslog,GOOD,2026-08-08T07:23:38.249549,CURRENT
TEL-29a596765362,CTRL-PATCH,AST-00162,2026-05-13T14:23:38.249549,55.0,51.1,HEALTHY,96,cloud_api,GOOD,2026-05-13T14:23:38.249549,BASELINE
TEL-4d5329f6ee05,CTRL-PATCH,AST-00162,2026-07-31T19:23:38.249549,81.0,67.1,HEALTHY,55,syslog,GOOD,2026-07-31T19:23:38.249549,CURRENT
TEL-683b8f822fe5,CTRL-PATCH,AST-00126,2026-05-14T14:23:38.249549,52.5,43.5,HEALTHY,141,agent,DEGRADED,2026-05-14T14:23:38.249549,BASELINE
TEL-8ae6e71b1dcf,CTRL-PATCH,AST-00126,2026-08-05T18:23:38.249549,70.2,76.4,HEALTHY,112,syslog,GOOD,2026-08-05T18:23:38.249549,CURRENT
TEL-1a8c0fd4258b,CTRL-PATCH,AST-00139,2026-05-15T14:23:38.249549,65.8,45.1,HEALTHY,1,agent,GOOD,2026-05-15T14:23:38.249549,BASELINE
TEL-9055c2b58d40,CTRL-PATCH,AST-00139,2026-08-05T13:23:38.249549,93.1,64.2,HEALTHY,436,syslog,GOOD,2026-08-05T13:23:38.249549,CURRENT
TEL-056010434149,CTRL-PATCH,AST-00176,2026-05-11T14:23:38.249549,54.5,45.6,HEALTHY,10,agent,BAD,2026-05-11T14:23:38.249549,BASELINE
TEL-9e4a81311718,CTRL-PATCH,AST-00176,2026-08-08T11:23:38.249549,71.2,78.6,HEALTHY,4,syslog,GOOD,2026-08-08T11:23:38.249549,CURRENT
TEL-7eee48eb9a6d,CTRL-PATCH,AST-00031,2026-05-10T14:23:38.249549,2026-02-11T14:23:38.249549,66.2,DEGRADED,268,syslog,GOOD,2026-05-10T14:23:38.249549,BASELINE
TEL-764b16e993a9,CTRL-PATCH,AST-00031,2026-07-30T21:23:38.249549,74.2,90.6,HEALTHY,376,cloud_api,GOOD,2026-07-30T21:23:38.249549,CURRENT
TEL-a9269a91c0f9,CTRL-PATCH,AST-00174,2026-05-12T14:23:38.249549,-67.0,47.7,HEALTHY,265,syslog,DEGRADED,2026-05-12T14:23:38.249549,BASELINE
TEL-5a895511b979,CTRL-PATCH,AST-00174,2026-08-03T17:23:38.249549,100,72.5,HEALTHY,351,syslog,GOOD,2026-08-03T17:23:38.249549,CURRENT
TEL-67e1fdb21e4a,CTRL-PATCH,AST-00178,2026-05-11T14:23:38.249549,45.6,65.7,HEALTHY,379,syslog,BAD,2026-05-11T14:23:38.249549,BASELINE
TEL-0ca927f7714c,CTRL-PATCH,AST-00178,2026-08-04T19:23:38.249549,85.1,93.9,HEALTHY,488,cloud_api,GOOD,2026-08-04T19:23:38.249549,CURRENT
TEL-430be2bbc0a1,CTRL-PATCH,AST-00055,2026-05-13T14:23:38.249549,74.0,60.4,HEALTHY,347,cloud_api,DEGRADED,2026-05-13T14:23:38.249549,BASELINE
TEL-ee62e6748b0e,CTRL-PATCH,AST-00055,2026-07-30T06:23:38.249549,100,93.3,FAILED,158,agent,GOOD,2026-07-30T06:23:38.249549,CURRENT
TEL-72dc62c363c2,CTRL-PATCH,AST-00045,2026-05-13T14:23:38.249549,60.6,58.4,HEALTHY,147,agent,DEGRADED,2026-05-13T14:23:38.249549,BASELINE
TEL-a6e4bd796f15,CTRL-PATCH,AST-00045,2026-08-02T13:23:38.249549,84.2,82.0,HEALTHY,76,syslog,DEGRADED,2026-08-02T13:23:38.249549,CURRENT
TEL-ba28be27a745,CTRL-PATCH,AST-00129,2026-05-12T14:23:38.249549,63.7,49.1,HEALTHY,422,syslog,GOOD,2026-05-12T14:23:38.249549,BASELINE
TEL-1c30560df2ce,CTRL-PATCH,AST-00129,2026-08-08T11:23:38.249549,95.3,69.9,HEALTHY,0,agent,GOOD,2026-07-20T14:23:38.249549,CURRENT
TEL-9461035f7415,CTRL-PATCH,AST-00069,2026-05-14T14:23:38.249549,55.5,65.8,HEALTHY,73,syslog,GOOD,2026-05-14T14:23:38.249549,BASELINE
TEL-c1a783c0d6d9,CTRL-PATCH,AST-00069,2026-08-06T23:23:38.249549,77.6,94.1,HEALTHY,242,cloud_api,GOOD,2026-08-06T23:23:38.249549,CURRENT
TEL-0d4c2d8d23e0,CTRL-PATCH,AST-00041,2026-05-12T14:23:38.249549,65.4,52.0,HEALTHY,288,cloud_api,GOOD,2026-05-12T14:23:38.249549,BASELINE
TEL-10fd0970f9ef,CTRL-PATCH,AST-00041,2026-07-29T19:23:38.249549,90.0,85.1,HEALTHY,102,cloud_api,GOOD,2026-07-29T19:23:38.249549,CURRENT
TEL-75c1e7ad4c15,CTRL-PATCH,AST-00171,2026-05-15T14:23:38.249549,61.6,42.6,HEALTHY,448,cloud_api,GOOD,2026-05-15T14:23:38.249549,BASELINE
TEL-b36c8608df93,CTRL-PATCH,AST-00171,2026-08-03T16:23:38.249549,84.2,68.9,HEALTHY,350,syslog,GOOD,2026-08-03T16:23:38.249549,CURRENT
TEL-59f912198c2f,CTRL-PATCH,AST-00208,2026-05-14T14:23:38.249549,55.6,68.8,HEALTHY,386,agent,GOOD,2026-05-14T14:23:38.249549,BASELINE
TEL-0eeac2f2cd09,CTRL-PATCH,AST-00208,2026-08-08T08:23:38.249549,82.3,93.1,HEALTHY,65,syslog,GOOD,2026-08-08T08:23:38.249549,CURRENT
TEL-03d4f0d91924,CTRL-PATCH,AST-00212,2026-05-13T14:23:38.249549,2025-11-16T14:23:38.249549,62.7,DEGRADED,43,agent,GOOD,2026-05-13T14:23:38.249549,BASELINE
TEL-fa53b969aac6,CTRL-PATCH,AST-00212,2026-08-01T11:23:38.249549,84.3,85.5,HEALTHY,420,cloud_api,GOOD,2026-08-01T11:23:38.249549,CURRENT
TEL-094954e15155,CTRL-PATCH,AST-00005,2026-05-14T14:23:38.249549,65.7,43.6,HEALTHY,264,agent,GOOD,2026-05-14T14:23:38.249549,BASELINE
TEL-258beab39a59,CTRL-PATCH,AST-00005,2026-07-31T17:23:38.249549,100,70.3,DEGRADED,327,agent,GOOD,2026-07-31T17:23:38.249549,CURRENT
TEL-87d34eca8125,CTRL-PATCH,AST-00156,2026-05-15T14:23:38.249549,54.3,40.2,HEALTHY,309,agent,GOOD,2026-05-15T14:23:38.249549,BASELINE
TEL-68eb8f78ec2c,CTRL-PATCH,AST-00156,2026-08-06T11:23:38.249549,94.1,64.9,HEALTHY,258,cloud_api,GOOD,2026-08-06T11:23:38.249549,CURRENT
TEL-979baa340768,CTRL-PATCH,AST-00079,2026-05-11T14:23:38.249549,72.8,54.5,HEALTHY,313,syslog,GOOD,2026-05-11T14:23:38.249549,BASELINE
TEL-61829f8f6442,CTRL-PATCH,AST-00079,2026-07-30T15:23:38.249549,95.3,73.2,HEALTHY,11,agent,GOOD,2026-07-30T15:23:38.249549,CURRENT
TEL-47b3c676fd80,CTRL-PATCH,AST-00216,2026-05-11T14:23:38.249549,67.3,55.3,HEALTHY,51,syslog,GOOD,2026-05-11T14:23:38.249549,BASELINE
TEL-e1805404b93f,CTRL-PATCH,AST-00216,2026-08-03T13:23:38.249549,88.4,84.3,HEALTHY,54,cloud_api,GOOD,2026-08-03T13:23:38.249549,CURRENT
TEL-ba6b275ad51a,CTRL-PATCH,AST-00105,2026-05-10T14:23:38.249549,57.7,53.7,HEALTHY,457,syslog,GOOD,2026-05-10T14:23:38.249549,BASELINE
TEL-98aa3dd2ee04,CTRL-PATCH,AST-00105,2026-08-02T10:23:38.249549,1073.4,80.0,HEALTHY,141,agent,BAD,2026-08-02T10:23:38.249549,CURRENT
TEL-116ab0ad7b62,CTRL-PATCH,AST-00125,2026-05-15T14:23:38.249549,55.7,55.1,HEALTHY,335,agent,GOOD,2026-05-15T14:23:38.249549,BASELINE
TEL-550a06978bf2,CTRL-PATCH,AST-00125,2026-08-03T00:23:38.249549,92.1,77.1,HEALTHY,402,agent,GOOD,2026-08-03T00:23:38.249549,CURRENT
TEL-0f443768953c,CTRL-PATCH,AST-00124,2026-05-15T14:23:38.249549,67.9,51.8,HEALTHY,337,agent,GOOD,2026-05-15T14:23:38.249549,BASELINE
TEL-c1de72c0f848,CTRL-PATCH,AST-00124,2026-08-03T11:23:38.249549,90.5,85.1,HEALTHY,66,syslog,GOOD,2026-08-03T11:23:38.249549,CURRENT
TEL-97c75eaa9a0e,CTRL-PATCH,AST-00030,2026-05-10T14:23:38.249549,73.7,58.5,HEALTHY,49,syslog,GOOD,2026-05-10T14:23:38.249549,BASELINE
TEL-4187640cf5a3,CTRL-PATCH,AST-00030,2026-08-08T07:23:38.249549,97.4,81.6,HEALTHY,395,syslog,GOOD,2026-08-08T07:23:38.249549,CURRENT
TEL-93d237e6fab1,CTRL-PATCH,AST-00039,2026-05-13T14:23:38.249549,48.2,61.8,HEALTHY,58,agent,GOOD,2026-05-13T14:23:38.249549,BASELINE
TEL-f2d4d440a0ed,CTRL-PATCH,AST-00039,2026-07-29T18:23:38.249549,85.2,84.5,HEALTHY,430,agent,DEGRADED,2026-07-29T18:23:38.249549,CURRENT
TEL-8d8fc98d6d92,CTRL-PATCH,AST-00053,2026-05-14T14:23:38.249549,54.6,51.3,HEALTHY,224,syslog,GOOD,2026-05-14T14:23:38.249549,BASELINE
TEL-5a5e845cb108,CTRL-PATCH,AST-00053,2026-08-02T16:23:38.249549,87.1,86.1,DEGRADED,414,agent,GOOD,2026-08-02T16:23:38.249549,CURRENT
TEL-501d9c7373bc,CTRL-PATCH,AST-00194,2026-05-11T14:23:38.249549,1045.7,42.9,DEGRADED,174,agent,GOOD,2026-05-11T14:23:38.249549,BASELINE
TEL-872f98c2c3b0,CTRL-PATCH,AST-00194,2026-07-30T02:23:38.249549,84.7,58.6,HEALTHY,97,agent,GOOD,2026-07-30T02:23:38.249549,CURRENT
TEL-334937fa28b8,CTRL-PATCH,AST-00145,2026-05-11T14:23:38.249549,59.2,58.6,HEALTHY,192,agent,GOOD,2026-05-11T14:23:38.249549,BASELINE
TEL-fd02eacd3c2b,CTRL-PATCH,AST-00145,2026-07-31T01:23:38.249549,83.0,84.7,HEALTHY,255,agent,GOOD,2026-07-31T01:23:38.249549,CURRENT
TEL-4a8b62bb512a,CTRL-PATCH,AST-00037,2026-05-12T14:23:38.249549,61.2,64.6,HEALTHY,446,agent,DEGRADED,2026-05-12T14:23:38.249549,BASELINE
TEL-c3ddfa485df2,CTRL-PATCH,AST-00037,2026-08-04T11:23:38.249549,76.8,85.4,DEGRADED,477,syslog,GOOD,2026-08-04T11:23:38.249549,CURRENT
TEL-23d719130bbb,CTRL-PATCH,AST-00049,2026-05-13T14:23:38.249549,57.0,60.9,HEALTHY,15,agent,GOOD,2026-05-13T14:23:38.249549,BASELINE
TEL-ae0d75d64301,CTRL-PATCH,AST-00049,2026-07-29T15:23:38.249549,73.4,78.1,HEALTHY,71,agent,GOOD,2026-07-29T15:23:38.249549,CURRENT
TEL-b81ef9ae563c,CTRL-PATCH,AST-00146,2026-05-11T14:23:38.249549,67.0,59.9,DEGRADED,463,syslog,GOOD,2026-05-11T14:23:38.249549,BASELINE
TEL-3db8b68cb5ab,CTRL-PATCH,AST-00146,2026-08-03T08:23:38.249549,100,92.5,DEGRADED,306,syslog,GOOD,2026-07-29T14:23:38.249549,CURRENT
TEL-87a8e3ab7146,CTRL-PATCH,AST-00191,2026-05-10T14:23:38.249549,2026-03-16T14:23:38.249549,68.4,HEALTHY,220,cloud_api,GOOD,2026-05-10T14:23:38.249549,BASELINE
TEL-28459244d842,CTRL-PATCH,AST-00191,2026-08-07T12:23:38.249549,76.2,88.8,HEALTHY,28,agent,GOOD,2026-08-07T12:23:38.249549,CURRENT
TEL-5ac8090115a3,CTRL-PATCH,AST-00143,2026-05-15T14:23:38.249549,69.3,65.8,HEALTHY,392,cloud_api,GOOD,2026-05-15T14:23:38.249549,BASELINE
TEL-dbf952d72733,CTRL-PATCH,AST-00143,2026-08-08T10:23:38.249549,97.7,94.4,HEALTHY,224,agent,DEGRADED,2026-08-08T10:23:38.249549,CURRENT
TEL-25cd5b8b9b28,CTRL-PATCH,AST-00187,2026-05-10T14:23:38.249549,74.5,45.8,HEALTHY,116,cloud_api,GOOD,2026-05-10T14:23:38.249549,BASELINE
TEL-d4e3942a5e88,CTRL-PATCH,AST-00187,2026-08-06T02:23:38.249549,98.7,69.5,HEALTHY,410,agent,DEGRADED,2026-08-06T02:23:38.249549,CURRENT
TEL-f1014a616b45,CTRL-PATCH,AST-00011,2026-05-12T14:23:38.249549,52.5,41.7,HEALTHY,455,agent,BAD,2026-05-12T14:23:38.249549,BASELINE
TEL-e76d61e8d1eb,CTRL-PATCH,AST-00011,2026-08-08T03:23:38.249549,68.9,65.5,HEALTHY,336,agent,GOOD,2026-08-08T03:23:38.249549,CURRENT
TEL-22db92abf786,CTRL-PATCH,AST-00068,2026-05-11T14:23:38.249549,73.2,61.2,DEGRADED,399,syslog,GOOD,2026-05-11T14:23:38.249549,BASELINE
TEL-a8c85a0b1d90,CTRL-PATCH,AST-00068,2026-08-03T21:23:38.249549,93.3,92.4,HEALTHY,357,syslog,GOOD,2026-08-03T21:23:38.249549,CURRENT
TEL-3d60f31492d6,CTRL-PATCH,AST-00052,2026-05-12T14:23:38.249549,46.6,61.2,HEALTHY,499,syslog,GOOD,2026-05-12T14:23:38.249549,BASELINE
TEL-d9527fadecfa,CTRL-PATCH,AST-00052,2026-08-07T18:23:38.249549,84.1,88.6,HEALTHY,417,agent,GOOD,2026-08-07T18:23:38.249549,CURRENT
TEL-a19321f87b99,CTRL-PATCH,AST-00166,2026-05-10T14:23:38.249549,52.1,62.9,HEALTHY,301,cloud_api,GOOD,2026-05-10T14:23:38.249549,BASELINE
TEL-0f0d079edaf6,CTRL-PATCH,AST-00166,2026-08-03T07:23:38.249549,78.1,97.0,DEGRADED,196,cloud_api,GOOD,2026-08-03T07:23:38.249549,CURRENT
TEL-a7899e58b4b5,CTRL-PATCH,AST-00095,2026-05-15T14:23:38.249549,56.5,46.7,HEALTHY,16,syslog,GOOD,2026-05-15T14:23:38.249549,BASELINE
TEL-d28997999f27,CTRL-PATCH,AST-00095,2026-08-04T00:23:38.249549,82.6,69.3,HEALTHY,172,cloud_api,GOOD,2026-08-04T00:23:38.249549,CURRENT
TEL-01cd2a79903d,CTRL-PATCH,AST-00142,2026-05-13T14:23:38.249549,62.7,50.2,HEALTHY,376,agent,GOOD,2026-05-13T14:23:38.249549,BASELINE
TEL-d455edc72c01,CTRL-PATCH,AST-00142,2026-07-30T09:23:38.249549,96.7,81.8,DEGRADED,147,syslog,GOOD,2026-07-30T09:23:38.249549,CURRENT
TEL-2373c3a57499,CTRL-PATCH,AST-00001,2026-05-13T14:23:38.249549,62.2,55.6,DEGRADED,67,agent,GOOD,2026-05-13T14:23:38.249549,BASELINE
TEL-90bff23a7b22,CTRL-PATCH,AST-00001,2026-08-03T15:23:38.249549,91.4,73.8,FAILED,394,syslog,GOOD,2026-08-03T15:23:38.249549,CURRENT
TEL-a6528e201121,CTRL-PATCH,AST-00036,2026-05-12T14:23:38.249549,62.1,48.2,HEALTHY,6,agent,GOOD,2026-05-12T14:23:38.249549,BASELINE
TEL-763824ea12b6,CTRL-PATCH,AST-00036,2026-07-31T06:23:38.249549,78.1,68.6,DEGRADED,227,cloud_api,GOOD,2026-07-31T06:23:38.249549,CURRENT
TEL-c7cfacb3ad32,CTRL-PATCH,AST-00034,2026-05-14T14:23:38.249549,45.3,50.8,HEALTHY,40,cloud_api,DEGRADED,2026-05-14T14:23:38.249549,BASELINE
TEL-1dfd973fcb6a,CTRL-PATCH,AST-00034,2026-08-06T07:23:38.249549,61.2,78.5,HEALTHY,132,cloud_api,GOOD,2026-08-06T07:23:38.249549,CURRENT
TEL-54fd85ec485d,CTRL-PATCH,AST-00135,2026-05-15T14:23:38.249549,59.8,45.2,HEALTHY,94,syslog,GOOD,2026-05-15T14:23:38.249549,BASELINE
TEL-f32e1b238939,CTRL-PATCH,AST-00135,2026-08-08T02:23:38.249549,80.5,77.7,HEALTHY,116,agent,DEGRADED,2026-08-08T02:23:38.249549,CURRENT
TEL-1ff249714e6c,CTRL-PATCH,AST-00148,2026-05-12T14:23:38.249549,74.8,40.5,HEALTHY,179,agent,GOOD,2026-05-12T14:23:38.249549,BASELINE
TEL-e4865606f27d,CTRL-PATCH,AST-00148,2026-08-02T20:23:38.249549,100,72.4,HEALTHY,166,syslog,GOOD,2026-08-02T20:23:38.249549,CURRENT
TEL-6ab83f0c1f1a,CTRL-PATCH,AST-00200,2026-05-11T14:23:38.249549,69.7,59.3,HEALTHY,171,cloud_api,DEGRADED,2026-05-11T14:23:38.249549,BASELINE
TEL-7c4628a65640,CTRL-PATCH,AST-00200,2026-08-08T08:23:38.249549,95.1,91.8,HEALTHY,15,agent,GOOD,2026-08-08T08:23:38.249549,CURRENT
TEL-8d0e4b31b0e7,CTRL-PATCH,AST-00220,2026-05-11T14:23:38.249549,53.7,57.7,HEALTHY,379,syslog,GOOD,2026-05-11T14:23:38.249549,BASELINE
TEL-ef78295c11ae,CTRL-PATCH,AST-00220,2026-07-31T00:23:38.249549,72.5,74.9,HEALTHY,298,agent,GOOD,2026-07-31T00:23:38.249549,CURRENT
TEL-afe0d10f8063,CTRL-PATCH,AST-00158,2026-05-11T14:23:38.249549,49.5,59.5,HEALTHY,280,syslog,GOOD,2026-05-11T14:23:38.249549,BASELINE
TEL-8ccd31da1030,CTRL-PATCH,AST-00158,2026-08-02T14:23:38.249549,83.6,93.6,HEALTHY,26,syslog,GOOD,2026-08-02T14:23:38.249549,CURRENT
TEL-bf2ccb523503,CTRL-PATCH,AST-00096,2026-05-12T14:23:38.249549,60.7,48.1,HEALTHY,393,cloud_api,GOOD,2026-05-12T14:23:38.249549,BASELINE
TEL-49e133ec2acc,CTRL-PATCH,AST-00096,2026-07-29T21:23:38.249549,86.8,79.8,HEALTHY,227,syslog,DEGRADED,2026-07-29T21:23:38.249549,CURRENT
TEL-87c9562feb24,CTRL-PATCH,AST-00192,2026-05-12T14:23:38.249549,57.3,56.8,HEALTHY,402,cloud_api,GOOD,2026-05-12T14:23:38.249549,BASELINE
TEL-94b8b1aaef5a,CTRL-PATCH,AST-00192,2026-08-01T15:23:38.249549,74.3,73.3,DEGRADED,125,cloud_api,GOOD,2026-08-01T15:23:38.249549,CURRENT
TEL-987accdfec59,CTRL-PATCH,AST-00063,2026-05-10T14:23:38.249549,65.0,63.9,HEALTHY,75,syslog,GOOD,2026-05-10T14:23:38.249549,BASELINE
TEL-12f5137f0dbd,CTRL-PATCH,AST-00063,2026-08-07T18:23:38.249549,95.1,85.7,HEALTHY,232,agent,GOOD,2026-08-07T18:23:38.249549,CURRENT
TEL-99de7ecd80d8,CTRL-PATCH,AST-00169,2026-05-10T14:23:38.249549,57.6,61.3,DEGRADED,12,syslog,GOOD,2026-05-10T14:23:38.249549,BASELINE
TEL-9f93e0d6e406,CTRL-PATCH,AST-00169,2026-08-07T06:23:38.249549,91.7,85.7,HEALTHY,198,cloud_api,GOOD,2026-08-07T06:23:38.249549,CURRENT
TEL-3fa1aa244b0a,CTRL-PATCH,AST-00153,2026-05-12T14:23:38.249549,57.1,61.4,HEALTHY,369,agent,GOOD,2026-05-12T14:23:38.249549,BASELINE
TEL-f9a10a242255,CTRL-PATCH,AST-00153,2026-08-02T07:23:38.249549,86.0,78.7,DEGRADED,322,cloud_api,GOOD,2026-08-02T07:23:38.249549,CURRENT
TEL-41310d5729ee,CTRL-PATCH,AST-00047,2026-05-15T14:23:38.249549,58.1,61.0,DEGRADED,260,agent,GOOD,2026-05-15T14:23:38.249549,BASELINE
TEL-750986344096,CTRL-PATCH,AST-00047,2026-07-31T10:23:38.249549,2026-01-01T14:23:38.249549,90.7,HEALTHY,164,cloud_api,GOOD,2026-07-31T10:23:38.249549,CURRENT
TEL-70188d07c7b9,CTRL-PATCH,AST-00023,2026-05-13T14:23:38.249549,2025-10-14T14:23:38.249549,63.2,HEALTHY,432,cloud_api,GOOD,2026-05-13T14:23:38.249549,BASELINE
TEL-f3d524d9075c,CTRL-PATCH,AST-00023,2026-08-04T23:23:38.249549,88.7,82.8,FAILED,21,syslog,DEGRADED,2026-08-04T23:23:38.249549,CURRENT
TEL-5217d3943050,CTRL-PATCH,AST-00132,2026-05-12T14:23:38.249549,66.9,48.3,HEALTHY,147,cloud_api,GOOD,2026-05-12T14:23:38.249549,BASELINE
TEL-c8f7e5da128a,CTRL-PATCH,AST-00132,2026-08-07T13:23:38.249549,92.7,80.9,DEGRADED,132,syslog,GOOD,2026-08-07T13:23:38.249549,CURRENT
TEL-b051affd5e26,CTRL-PATCH,AST-00035,2026-05-14T14:23:38.249549,72.7,44.2,HEALTHY,20,syslog,GOOD,2026-05-14T14:23:38.249549,BASELINE
TEL-7cedb99ab606,CTRL-PATCH,AST-00035,2026-07-31T13:23:38.249549,100,63.4,DEGRADED,189,agent,GOOD,2026-07-31T13:23:38.249549,CURRENT
TEL-bcb49b2eee44,CTRL-PATCH,AST-00211,2026-05-13T14:23:38.249549,73.4,53.3,HEALTHY,470,agent,GOOD,2026-05-13T14:23:38.249549,BASELINE
TEL-afef21eee2c9,CTRL-PATCH,AST-00211,2026-08-05T11:23:38.249549,99.1,70.9,DEGRADED,142,syslog,GOOD,2026-08-05T11:23:38.249549,CURRENT
TEL-2c5e8f79179c,CTRL-PATCH,AST-00207,2026-05-10T14:23:38.249549,74.1,62.3,HEALTHY,232,syslog,GOOD,2026-05-10T14:23:38.249549,BASELINE
TEL-cdd0b976a1de,CTRL-PATCH,AST-00207,2026-08-05T03:23:38.249549,100,81.8,HEALTHY,456,agent,GOOD,2026-08-05T03:23:38.249549,CURRENT
TEL-a7106fc2fc00,CTRL-PATCH,AST-00083,2026-05-15T14:23:38.249549,73.0,49.5,HEALTHY,324,syslog,GOOD,2026-05-15T14:23:38.249549,BASELINE
TEL-e8234fe56950,CTRL-PATCH,AST-00083,2026-07-30T16:23:38.249549,100,81.4,DEGRADED,344,agent,GOOD,2026-07-30T16:23:38.249549,CURRENT
TEL-bae9faf4ab55,CTRL-PATCH,AST-00073,2026-05-11T14:23:38.249549,49.5,62.0,FAILED,438,syslog,GOOD,2026-05-11T14:23:38.249549,BASELINE
TEL-0bbe252ca4f6,CTRL-PATCH,AST-00073,2026-08-01T20:23:38.249549,,82.7,HEALTHY,363,agent,GOOD,2026-08-01T20:23:38.249549,CURRENT
TEL-118e8764e17a,CTRL-PATCH,AST-00091,2026-05-12T14:23:38.249549,65.6,58.9,FAILED,449,cloud_api,GOOD,2026-05-12T14:23:38.249549,BASELINE
TEL-00ac72f97b8d,CTRL-PATCH,AST-00091,2026-08-03T11:23:38.249549,96.0,78.6,HEALTHY,322,cloud_api,GOOD,2026-08-03T11:23:38.249549,CURRENT
TEL-6f72961af664,CTRL-PATCH,AST-00112,2026-05-12T14:23:38.249549,61.3,46.6,HEALTHY,339,cloud_api,GOOD,2026-05-12T14:23:38.249549,BASELINE
TEL-6245c23ad649,CTRL-PATCH,AST-00112,2026-08-04T03:23:38.249549,83.7,80.8,HEALTHY,356,cloud_api,GOOD,2026-08-04T03:23:38.249549,CURRENT
TEL-9a3aafa3c55e,CTRL-EMAILSEC,AST-00124,2026-05-14T14:23:38.249549,49.2,54.2,HEALTHY,129,cloud_api,GOOD,2026-05-14T14:23:38.249549,BASELINE
TEL-9f1149efa00f,CTRL-EMAILSEC,AST-00124,2026-07-31T12:23:38.249549,79.7,83.7,HEALTHY,289,syslog,GOOD,2026-07-31T12:23:38.249549,CURRENT
TEL-f67775600331,CTRL-EMAILSEC,AST-00216,2026-05-14T14:23:38.249549,45.2,62.7,HEALTHY,164,cloud_api,GOOD,2026-05-14T14:23:38.249549,BASELINE
TEL-d930fff47136,CTRL-EMAILSEC,AST-00216,2026-08-03T07:23:38.249549,77.4,93.5,FAILED,41,agent,GOOD,2026-08-03T07:23:38.249549,CURRENT
TEL-6ea94e5e4216,CTRL-EMAILSEC,AST-00207,2026-05-10T14:23:38.249549,47.3,40.4,DEGRADED,58,agent,DEGRADED,2026-05-10T14:23:38.249549,BASELINE
TEL-0e6aa24c0f10,CTRL-EMAILSEC,AST-00207,2026-08-06T20:23:38.249549,65.5,65.8,HEALTHY,71,syslog,DEGRADED,2026-08-06T20:23:38.249549,CURRENT
TEL-6db5516dd901,CTRL-EMAILSEC,AST-00126,2026-05-15T14:23:38.249549,57.5,43.5,HEALTHY,165,syslog,DEGRADED,2026-05-15T14:23:38.249549,BASELINE
TEL-f01ec8e6f165,CTRL-EMAILSEC,AST-00126,2026-07-29T18:23:38.249549,72.8,78.4,HEALTHY,350,agent,GOOD,2026-07-29T18:23:38.249549,CURRENT
TEL-85f950ef44a6,CTRL-EMAILSEC,AST-00154,2026-05-11T14:23:38.249549,73.6,58.1,HEALTHY,436,agent,GOOD,2026-05-11T14:23:38.249549,BASELINE
TEL-025f29376963,CTRL-EMAILSEC,AST-00154,2026-07-29T15:23:38.249549,97.8,82.6,HEALTHY,91,agent,GOOD,2026-07-29T15:23:38.249549,CURRENT
TEL-a03614c23477,CTRL-EMAILSEC,AST-00106,2026-05-10T14:23:38.249549,74.8,61.0,HEALTHY,319,cloud_api,GOOD,2026-05-10T14:23:38.249549,BASELINE
TEL-1ce942db50e1,CTRL-EMAILSEC,AST-00106,2026-08-02T21:23:38.249549,89.9,80.0,DEGRADED,176,syslog,GOOD,2026-08-02T21:23:38.249549,CURRENT
TEL-f32fe215d526,CTRL-EMAILSEC,AST-00176,2026-05-15T14:23:38.249549,50.8,67.3,HEALTHY,478,cloud_api,GOOD,2026-05-15T14:23:38.249549,BASELINE
TEL-a02cd4caeed0,CTRL-EMAILSEC,AST-00176,2026-08-05T08:23:38.249549,72.9,90.9,HEALTHY,52,syslog,GOOD,2026-08-05T08:23:38.249549,CURRENT
TEL-bba7d166cad5,CTRL-EMAILSEC,AST-00061,2026-05-15T14:23:38.249549,50.3,43.8,HEALTHY,436,syslog,GOOD,2026-05-15T14:23:38.249549,BASELINE
TEL-b2907ca98649,CTRL-EMAILSEC,AST-00061,2026-07-31T10:23:38.249549,79.4,69.2,HEALTHY,465,cloud_api,GOOD,2026-07-31T10:23:38.249549,CURRENT
TEL-34a97bfdb52f,CTRL-EMAILSEC,AST-00008,2026-05-14T14:23:38.249549,45.1,46.5,HEALTHY,0,cloud_api,GOOD,2026-05-14T14:23:38.249549,BASELINE
TEL-46923919dc07,CTRL-EMAILSEC,AST-00008,2026-08-07T01:23:38.249549,65.9,80.1,DEGRADED,217,syslog,GOOD,2026-08-07T01:23:38.249549,CURRENT
TEL-43e2e2c42d9a,CTRL-EMAILSEC,AST-00075,2026-05-13T14:23:38.249549,54.1,47.2,HEALTHY,267,cloud_api,GOOD,2026-05-13T14:23:38.249549,BASELINE
TEL-d933e7b894c3,CTRL-EMAILSEC,AST-00075,2026-08-01T02:23:38.249549,88.1,70.1,FAILED,484,syslog,GOOD,2026-08-01T02:23:38.249549,CURRENT
TEL-9a098a38dbf7,CTRL-EMAILSEC,AST-00069,2026-05-12T14:23:38.249549,66.3,56.8,DEGRADED,333,cloud_api,GOOD,2026-05-12T14:23:38.249549,BASELINE
TEL-5cd3664e6f91,CTRL-EMAILSEC,AST-00069,2026-08-01T07:23:38.249549,100,81.6,HEALTHY,177,syslog,GOOD,2026-08-01T07:23:38.249549,CURRENT
TEL-4e134f60d3c8,CTRL-EMAILSEC,AST-00130,2026-05-12T14:23:38.249549,63.5,67.6,FAILED,100,cloud_api,GOOD,2026-05-12T14:23:38.249549,BASELINE
TEL-db4ff0787932,CTRL-EMAILSEC,AST-00130,2026-08-06T17:23:38.249549,100,86.4,HEALTHY,466,cloud_api,DEGRADED,2026-08-06T17:23:38.249549,CURRENT
TEL-6ad5b1f6c228,CTRL-EMAILSEC,AST-00056,2026-05-15T14:23:38.249549,60.1,48.2,FAILED,360,cloud_api,GOOD,2026-05-15T14:23:38.249549,BASELINE
TEL-eeb6366ddd1a,CTRL-EMAILSEC,AST-00056,2026-08-03T12:23:38.249549,2026-06-24T14:23:38.249549,76.1,DEGRADED,311,syslog,GOOD,2026-08-03T12:23:38.249549,CURRENT
TEL-6c1e63c0a782,CTRL-EMAILSEC,AST-00201,2026-05-10T14:23:38.249549,50.2,59.4,HEALTHY,365,agent,GOOD,2026-05-10T14:23:38.249549,BASELINE
TEL-ffcc47be75f2,CTRL-EMAILSEC,AST-00201,2026-08-08T05:23:38.249549,84.0,85.3,HEALTHY,427,agent,GOOD,2026-08-08T05:23:38.249549,CURRENT
TEL-dc5578d1fb60,CTRL-EMAILSEC,AST-00105,2026-05-11T14:23:38.249549,64.1,42.9,HEALTHY,428,syslog,GOOD,2026-05-11T14:23:38.249549,BASELINE
TEL-53b68d5eaece,CTRL-EMAILSEC,AST-00105,2026-08-01T15:23:38.249549,80.7,68.8,DEGRADED,300,syslog,DEGRADED,2026-08-01T15:23:38.249549,CURRENT
TEL-0fdbe8d3dfaf,CTRL-EMAILSEC,AST-00016,2026-05-15T14:23:38.249549,60.5,52.1,DEGRADED,256,agent,GOOD,2026-05-15T14:23:38.249549,BASELINE
TEL-d4430baa4f05,CTRL-EMAILSEC,AST-00016,2026-08-07T23:23:38.249549,99.0,83.8,HEALTHY,101,syslog,GOOD,2026-08-07T23:23:38.249549,CURRENT
TEL-c211d1cdb3e1,CTRL-EMAILSEC,AST-00144,2026-05-12T14:23:38.249549,50.2,65.1,HEALTHY,290,syslog,GOOD,2026-05-12T14:23:38.249549,BASELINE
TEL-7ffae5f6e7b1,CTRL-EMAILSEC,AST-00144,2026-08-02T15:23:38.249549,83.9,80.2,DEGRADED,93,syslog,GOOD,2026-08-02T15:23:38.249549,CURRENT
TEL-627cf826c23f,CTRL-EMAILSEC,AST-00198,2026-05-10T14:23:38.249549,54.5,40.6,HEALTHY,449,syslog,DEGRADED,2026-05-10T14:23:38.249549,BASELINE
TEL-4243d6974467,CTRL-EMAILSEC,AST-00198,2026-08-06T07:23:38.249549,85.2,59.0,DEGRADED,442,agent,GOOD,2026-08-06T07:23:38.249549,CURRENT
TEL-49e7e0f10958,CTRL-EMAILSEC,AST-00083,2026-05-12T14:23:38.249549,67.1,51.4,HEALTHY,427,agent,GOOD,2026-05-12T14:23:38.249549,BASELINE
TEL-eec2542dff84,CTRL-EMAILSEC,AST-00083,2026-08-07T03:23:38.249549,89.9,72.1,HEALTHY,225,cloud_api,GOOD,2026-08-07T03:23:38.249549,CURRENT
TEL-18db4e07c7fe,CTRL-EMAILSEC,AST-00067,2026-05-15T14:23:38.249549,55.7,63.2,HEALTHY,427,syslog,GOOD,2026-05-15T14:23:38.249549,BASELINE
TEL-55c535d16c2c,CTRL-EMAILSEC,AST-00067,2026-08-01T07:23:38.249549,79.7,88.6,HEALTHY,177,syslog,GOOD,2026-08-01T07:23:38.249549,CURRENT
TEL-0ba9bade58bc,CTRL-EMAILSEC,AST-00173,2026-05-15T14:23:38.249549,68.9,61.0,HEALTHY,107,cloud_api,GOOD,2026-05-15T14:23:38.249549,BASELINE
TEL-3832fb348de6,CTRL-EMAILSEC,AST-00173,2026-07-31T03:23:38.249549,89.1,86.1,HEALTHY,323,agent,GOOD,2026-07-31T03:23:38.249549,CURRENT
TEL-aad31fc29ab3,CTRL-EMAILSEC,AST-00082,2026-05-10T14:23:38.249549,59.0,56.9,HEALTHY,445,agent,GOOD,2026-05-10T14:23:38.249549,BASELINE
TEL-bbf1cfadf103,CTRL-EMAILSEC,AST-00082,2026-08-05T04:23:38.249549,82.1,85.1,DEGRADED,95,cloud_api,GOOD,2026-08-05T04:23:38.249549,CURRENT
TEL-0c894ecad6f9,CTRL-EMAILSEC,AST-00215,2026-05-13T14:23:38.249549,59.0,40.7,HEALTHY,204,cloud_api,GOOD,2026-05-13T14:23:38.249549,BASELINE
TEL-f5927fd01269,CTRL-EMAILSEC,AST-00215,2026-08-02T07:23:38.249549,78.7,71.8,HEALTHY,347,cloud_api,GOOD,2026-08-02T07:23:38.249549,CURRENT
TEL-7006e1fa9870,CTRL-EMAILSEC,AST-00101,2026-05-14T14:23:38.249549,74.1,62.9,HEALTHY,488,syslog,GOOD,2026-05-14T14:23:38.249549,BASELINE
TEL-1c03a41a0bce,CTRL-EMAILSEC,AST-00101,2026-08-07T11:23:38.249549,2026-04-15T14:23:38.249549,95.9,DEGRADED,494,syslog,DEGRADED,2026-08-07T11:23:38.249549,CURRENT
TEL-0d3e1ed99293,CTRL-EMAILSEC,AST-00114,2026-05-12T14:23:38.249549,51.0,62.6,FAILED,158,agent,GOOD,2026-05-12T14:23:38.249549,BASELINE
TEL-6beb28ab7f96,CTRL-EMAILSEC,AST-00114,2026-07-31T05:23:38.249549,90.3,80.2,HEALTHY,75,agent,DEGRADED,2026-07-31T05:23:38.249549,CURRENT
TEL-f6599bdff257,CTRL-EMAILSEC,AST-00109,2026-05-10T14:23:38.249549,54.0,47.1,HEALTHY,432,cloud_api,GOOD,2026-05-10T14:23:38.249549,BASELINE
TEL-bfda4bf55e5d,CTRL-EMAILSEC,AST-00109,2026-07-31T21:23:38.249549,71.0,66.2,HEALTHY,201,syslog,GOOD,2026-07-31T21:23:38.249549,CURRENT
TEL-e25165fcdc48,CTRL-EMAILSEC,AST-00103,2026-05-10T14:23:38.249549,59.2,53.9,HEALTHY,68,cloud_api,GOOD,2026-05-10T14:23:38.249549,BASELINE
TEL-c8f40baa4368,CTRL-EMAILSEC,AST-00103,2026-08-04T11:23:38.249549,83.6,73.8,HEALTHY,217,syslog,GOOD,2026-08-04T11:23:38.249549,CURRENT
TEL-612862381794,CTRL-EMAILSEC,AST-00218,2026-05-11T14:23:38.249549,47.1,62.2,HEALTHY,188,cloud_api,GOOD,2026-05-11T14:23:38.249549,BASELINE
TEL-34d3c204cb8e,CTRL-EMAILSEC,AST-00218,2026-07-30T04:23:38.249549,74.4,88.9,HEALTHY,468,agent,GOOD,2026-07-30T04:23:38.249549,CURRENT
TEL-5cf58571617c,CTRL-EMAILSEC,AST-00014,2026-05-12T14:23:38.249549,49.1,46.3,HEALTHY,145,cloud_api,GOOD,2026-05-12T14:23:38.249549,BASELINE
TEL-b9a05ef390db,CTRL-EMAILSEC,AST-00014,2026-08-04T12:23:38.249549,68.8,70.0,HEALTHY,203,syslog,GOOD,2026-07-18T14:23:38.249549,CURRENT
TEL-b0b6844ed98c,CTRL-EMAILSEC,AST-00210,2026-05-15T14:23:38.249549,48.2,50.4,DEGRADED,82,cloud_api,GOOD,2026-05-15T14:23:38.249549,BASELINE
TEL-0f8e22b84a6b,CTRL-EMAILSEC,AST-00210,2026-07-30T10:23:38.249549,83.3,80.0,HEALTHY,334,syslog,GOOD,2026-07-30T10:23:38.249549,CURRENT
TEL-7bc7bacd055f,CTRL-EMAILSEC,AST-00125,2026-05-14T14:23:38.249549,68.1,47.8,HEALTHY,190,cloud_api,GOOD,2026-05-14T14:23:38.249549,BASELINE
TEL-713b71ce6a5e,CTRL-EMAILSEC,AST-00125,2026-07-31T00:23:38.249549,90.7,75.4,HEALTHY,91,cloud_api,GOOD,2026-07-31T00:23:38.249549,CURRENT
TEL-4daa00d30c55,CTRL-EMAILSEC,AST-00187,2026-05-15T14:23:38.249549,56.5,44.5,HEALTHY,314,syslog,DEGRADED,2026-05-15T14:23:38.249549,BASELINE
TEL-93f7ddca6565,CTRL-EMAILSEC,AST-00187,2026-08-02T07:23:38.249549,88.4,66.3,HEALTHY,444,cloud_api,GOOD,2026-08-02T07:23:38.249549,CURRENT
TEL-25e5f3e21c21,CTRL-EMAILSEC,AST-00057,2026-05-15T14:23:38.249549,46.5,51.1,HEALTHY,136,agent,GOOD,2026-05-15T14:23:38.249549,BASELINE
TEL-e66ba14a681c,CTRL-EMAILSEC,AST-00057,2026-08-05T11:23:38.249549,76.5,74.6,HEALTHY,18,syslog,GOOD,2026-08-05T11:23:38.249549,CURRENT
TEL-b2bfcc59b89f,CTRL-EMAILSEC,AST-00087,2026-05-14T14:23:38.249549,67.0,51.9,HEALTHY,252,cloud_api,DEGRADED,2026-05-14T14:23:38.249549,BASELINE
TEL-ca3b1b8196da,CTRL-EMAILSEC,AST-00087,2026-08-07T14:23:38.249549,95.2,70.4,HEALTHY,470,syslog,GOOD,2026-08-07T14:23:38.249549,CURRENT
TEL-f0f51a61b698,CTRL-EMAILSEC,AST-00163,2026-05-14T14:23:38.249549,62.1,49.8,DEGRADED,195,syslog,BAD,2026-05-14T14:23:38.249549,BASELINE
TEL-d5ea6efa10b3,CTRL-EMAILSEC,AST-00163,2026-07-31T21:23:38.249549,78.1,65.6,HEALTHY,216,cloud_api,GOOD,2026-07-31T21:23:38.249549,CURRENT
TEL-a6aa7b991dd1,CTRL-EMAILSEC,AST-00012,2026-05-13T14:23:38.249549,73.5,59.6,HEALTHY,155,syslog,GOOD,2026-05-13T14:23:38.249549,BASELINE
TEL-b7d22b2b2cb4,CTRL-EMAILSEC,AST-00012,2026-08-07T09:23:38.249549,94.9,92.2,HEALTHY,191,syslog,GOOD,2026-08-07T09:23:38.249549,CURRENT
TEL-134b584ae2a0,CTRL-EMAILSEC,AST-00079,2026-05-12T14:23:38.249549,67.8,62.4,HEALTHY,465,agent,GOOD,2026-05-12T14:23:38.249549,BASELINE
TEL-3b3cfa0d9168,CTRL-EMAILSEC,AST-00079,2026-08-03T06:23:38.249549,93.7,93.0,HEALTHY,212,syslog,GOOD,2026-08-03T06:23:38.249549,CURRENT
TEL-ef732ce49c2d,CTRL-EMAILSEC,AST-00115,2026-05-11T14:23:38.249549,-53.0,69.3,HEALTHY,372,syslog,GOOD,2026-05-11T14:23:38.249549,BASELINE
TEL-cde6e1703731,CTRL-EMAILSEC,AST-00115,2026-08-06T05:23:38.249549,83.0,90.6,HEALTHY,277,cloud_api,GOOD,2026-08-06T05:23:38.249549,CURRENT
TEL-e515f26c4686,CTRL-EMAILSEC,AST-00206,2026-05-11T14:23:38.249549,61.7,49.6,HEALTHY,272,syslog,GOOD,2026-05-11T14:23:38.249549,BASELINE
TEL-b5892b78d56b,CTRL-EMAILSEC,AST-00206,2026-08-03T16:23:38.249549,85.3,81.0,HEALTHY,292,agent,GOOD,2026-08-03T16:23:38.249549,CURRENT
TEL-4e5413565bd2,CTRL-EMAILSEC,AST-00188,2026-05-12T14:23:38.249549,61.8,46.2,HEALTHY,345,cloud_api,GOOD,2026-05-12T14:23:38.249549,BASELINE
TEL-f42c053420f4,CTRL-EMAILSEC,AST-00188,2026-08-05T09:23:38.249549,85.5,80.9,HEALTHY,220,cloud_api,BAD,2026-08-05T09:23:38.249549,CURRENT
TEL-b7a9831b400c,CTRL-EMAILSEC,AST-00147,2026-05-11T14:23:38.249549,45.7,56.7,HEALTHY,310,agent,GOOD,2026-05-11T14:23:38.249549,BASELINE
TEL-47627c0cf460,CTRL-EMAILSEC,AST-00147,2026-08-04T14:23:38.249549,85.0,81.5,HEALTHY,91,agent,GOOD,2026-08-04T14:23:38.249549,CURRENT
TEL-f90d144f3171,CTRL-EMAILSEC,AST-00043,2026-05-11T14:23:38.249549,74.5,56.5,HEALTHY,394,cloud_api,GOOD,2026-05-11T14:23:38.249549,BASELINE
TEL-907ce887b9be,CTRL-EMAILSEC,AST-00043,2026-08-04T03:23:38.249549,100,78.5,HEALTHY,325,cloud_api,GOOD,2026-08-04T03:23:38.249549,CURRENT
TEL-680a2e26996e,CTRL-EMAILSEC,AST-00138,2026-05-12T14:23:38.249549,61.0,52.1,HEALTHY,447,agent,GOOD,2026-05-12T14:23:38.249549,BASELINE
TEL-134f169d3cb3,CTRL-EMAILSEC,AST-00138,2026-07-30T19:23:38.249549,1081.6,82.3,HEALTHY,50,cloud_api,GOOD,2026-07-30T19:23:38.249549,CURRENT
TEL-13a26f15d5bb,CTRL-EMAILSEC,AST-00053,2026-05-11T14:23:38.249549,57.5,45.7,HEALTHY,41,syslog,GOOD,2026-05-11T14:23:38.249549,BASELINE
TEL-30f827d70efe,CTRL-EMAILSEC,AST-00053,2026-08-07T03:23:38.249549,83.0,61.2,HEALTHY,291,syslog,GOOD,2026-07-12T14:23:38.249549,CURRENT
TEL-5c7f6b29c065,CTRL-EMAILSEC,AST-00161,2026-05-15T14:23:38.249549,47.7,62.3,DEGRADED,435,agent,GOOD,2026-05-15T14:23:38.249549,BASELINE
TEL-5e6b2f0665d0,CTRL-EMAILSEC,AST-00161,2026-08-04T11:23:38.249549,72.0,95.0,HEALTHY,364,agent,GOOD,2026-08-04T11:23:38.249549,CURRENT
TEL-8cf4cfe844dc,CTRL-EMAILSEC,AST-00029,2026-05-11T14:23:38.249549,53.8,46.2,FAILED,407,agent,BAD,2026-05-11T14:23:38.249549,BASELINE
TEL-64109436a60c,CTRL-EMAILSEC,AST-00029,2026-08-01T07:23:38.249549,91.2,70.4,HEALTHY,169,agent,GOOD,2026-08-01T07:23:38.249549,CURRENT
TEL-10b0c99f4b82,CTRL-EMAILSEC,AST-00158,2026-05-13T14:23:38.249549,66.7,62.5,HEALTHY,197,agent,GOOD,2026-05-13T14:23:38.249549,BASELINE
TEL-8b61b24c5d8e,CTRL-EMAILSEC,AST-00158,2026-07-30T09:23:38.249549,83.4,91.1,HEALTHY,366,syslog,GOOD,2026-07-30T09:23:38.249549,CURRENT
TEL-5c5e31b29004,CTRL-EMAILSEC,AST-00157,2026-05-12T14:23:38.249549,61.0,54.4,DEGRADED,393,agent,GOOD,2026-05-12T14:23:38.249549,BASELINE
TEL-c48a5f9590bd,CTRL-EMAILSEC,AST-00157,2026-07-30T23:23:38.249549,76.6,83.9,HEALTHY,219,agent,GOOD,2026-07-30T23:23:38.249549,CURRENT
TEL-d4ed8c24ae15,CTRL-EMAILSEC,AST-00085,2026-05-15T14:23:38.249549,70.4,57.4,HEALTHY,72,agent,GOOD,2026-05-15T14:23:38.249549,BASELINE
TEL-074a94b7cc8f,CTRL-EMAILSEC,AST-00085,2026-08-06T19:23:38.249549,100,88.2,HEALTHY,37,cloud_api,DEGRADED,2026-08-06T19:23:38.249549,CURRENT
TEL-4f7fdac93c44,CTRL-EMAILSEC,AST-00034,2026-05-13T14:23:38.249549,59.7,47.8,HEALTHY,290,cloud_api,GOOD,2026-05-13T14:23:38.249549,BASELINE
TEL-6a0a13425230,CTRL-EMAILSEC,AST-00034,2026-08-05T02:23:38.249549,80.9,68.7,HEALTHY,113,cloud_api,GOOD,2026-08-05T02:23:38.249549,CURRENT
TEL-3c1119c749ab,CTRL-EMAILSEC,AST-00155,2026-05-12T14:23:38.249549,66.4,61.5,HEALTHY,79,syslog,GOOD,2026-05-12T14:23:38.249549,BASELINE
TEL-e42c478468b9,CTRL-EMAILSEC,AST-00155,2026-08-03T13:23:38.249549,89.1,87.8,DEGRADED,131,syslog,GOOD,2026-08-03T13:23:38.249549,CURRENT
TEL-24f7a5dfd730,CTRL-EMAILSEC,AST-00139,2026-05-12T14:23:38.249549,70.5,44.5,DEGRADED,264,cloud_api,GOOD,2026-05-12T14:23:38.249549,BASELINE
TEL-40ef073b62cf,CTRL-EMAILSEC,AST-00139,2026-07-31T22:23:38.249549,100,59.7,HEALTHY,300,syslog,GOOD,2026-07-31T22:23:38.249549,CURRENT
TEL-4f1ca5df1888,CTRL-EMAILSEC,AST-00006,2026-05-14T14:23:38.249549,56.2,54.6,DEGRADED,7,syslog,DEGRADED,2026-05-14T14:23:38.249549,BASELINE
TEL-a84bf53d46cb,CTRL-EMAILSEC,AST-00006,2026-08-03T11:23:38.249549,92.9,72.9,HEALTHY,142,syslog,GOOD,2026-08-03T11:23:38.249549,CURRENT
TEL-497110ff35b2,CTRL-EMAILSEC,AST-00168,2026-05-15T14:23:38.249549,2025-10-14T14:23:38.249549,50.7,DEGRADED,379,agent,GOOD,2026-05-15T14:23:38.249549,BASELINE
TEL-11ca016c1ba1,CTRL-EMAILSEC,AST-00168,2026-07-29T22:23:38.249549,2026-05-20T14:23:38.249549,74.9,HEALTHY,138,syslog,DEGRADED,2026-07-29T22:23:38.249549,CURRENT
TEL-d9a65a7c2ed0,CTRL-EMAILSEC,AST-00098,2026-05-13T14:23:38.249549,70.4,42.4,HEALTHY,408,syslog,GOOD,2026-05-13T14:23:38.249549,BASELINE
TEL-9174e7abc088,CTRL-EMAILSEC,AST-00098,2026-08-02T13:23:38.249549,98.8,73.3,HEALTHY,367,cloud_api,GOOD,2026-08-02T13:23:38.249549,CURRENT
TEL-67a6269b122b,CTRL-EMAILSEC,AST-00024,2026-05-15T14:23:38.249549,74.4,48.3,DEGRADED,67,syslog,GOOD,2026-05-15T14:23:38.249549,BASELINE
TEL-ae91e15da6b1,CTRL-EMAILSEC,AST-00024,2026-07-30T18:23:38.249549,96.0,78.2,HEALTHY,244,cloud_api,GOOD,2026-07-30T18:23:38.249549,CURRENT
TEL-1077048565dc,CTRL-EMAILSEC,AST-00086,2026-05-13T14:23:38.249549,71.4,63.7,HEALTHY,51,syslog,GOOD,2026-05-13T14:23:38.249549,BASELINE
TEL-ef9b9a0dbc2f,CTRL-EMAILSEC,AST-00086,2026-08-07T09:23:38.249549,87.7,80.2,HEALTHY,220,agent,GOOD,2026-08-07T09:23:38.249549,CURRENT
TEL-de29117fd791,CTRL-EMAILSEC,AST-00091,2026-05-13T14:23:38.249549,58.3,57.7,HEALTHY,138,cloud_api,GOOD,2026-05-13T14:23:38.249549,BASELINE
TEL-838f117d19eb,CTRL-EMAILSEC,AST-00091,2026-08-08T14:23:38.249549,89.3,85.4,HEALTHY,330,cloud_api,GOOD,2026-08-08T14:23:38.249549,CURRENT
TEL-cb1a748c298d,CTRL-EMAILSEC,AST-00142,2026-05-15T14:23:38.249549,61.0,60.3,HEALTHY,93,cloud_api,GOOD,2026-05-15T14:23:38.249549,BASELINE
TEL-99a052428c1f,CTRL-EMAILSEC,AST-00142,2026-08-03T22:23:38.249549,84.5,85.4,HEALTHY,91,agent,GOOD,2026-08-03T22:23:38.249549,CURRENT
TEL-8a82c47a2e93,CTRL-EMAILSEC,AST-00017,2026-05-15T14:23:38.249549,65.2,65.9,HEALTHY,55,agent,GOOD,2026-05-15T14:23:38.249549,BASELINE
TEL-3757f9a826ef,CTRL-EMAILSEC,AST-00017,2026-08-02T21:23:38.249549,82.6,87.7,HEALTHY,52,syslog,GOOD,2026-08-02T21:23:38.249549,CURRENT
TEL-630d78474bf6,CTRL-EMAILSEC,AST-00013,2026-05-13T14:23:38.249549,63.3,44.6,HEALTHY,339,agent,GOOD,2026-05-13T14:23:38.249549,BASELINE
TEL-382245938ed6,CTRL-EMAILSEC,AST-00013,2026-07-31T05:23:38.249549,92.6,62.8,HEALTHY,213,syslog,GOOD,2026-07-31T05:23:38.249549,CURRENT
TEL-4ef1371fe699,CTRL-EMAILSEC,AST-00133,2026-05-11T14:23:38.249549,73.0,65.7,HEALTHY,381,cloud_api,GOOD,2026-05-11T14:23:38.249549,BASELINE
TEL-fde44561a3e4,CTRL-EMAILSEC,AST-00133,2026-08-05T08:23:38.249549,99.8,86.8,HEALTHY,390,cloud_api,GOOD,2026-08-05T08:23:38.249549,CURRENT
TEL-fbbf96c79ed5,CTRL-EMAILSEC,AST-00054,2026-05-12T14:23:38.249549,57.3,44.2,HEALTHY,338,syslog,GOOD,2026-05-12T14:23:38.249549,BASELINE
TEL-c635e18da2c9,CTRL-EMAILSEC,AST-00054,2026-08-08T10:23:38.249549,88.4,68.3,HEALTHY,166,syslog,GOOD,2026-07-18T14:23:38.249549,CURRENT
TEL-be27084d706f,CTRL-EMAILSEC,AST-00093,2026-05-10T14:23:38.249549,51.0,55.1,HEALTHY,245,syslog,GOOD,2026-05-10T14:23:38.249549,BASELINE
TEL-3e956d0d7af6,CTRL-EMAILSEC,AST-00093,2026-08-07T19:23:38.249549,71.4,87.2,HEALTHY,199,syslog,DEGRADED,2026-08-07T19:23:38.249549,CURRENT
TEL-23e9c5133841,CTRL-EMAILSEC,AST-00178,2026-05-10T14:23:38.249549,-66.2,69.6,HEALTHY,472,cloud_api,GOOD,2026-05-10T14:23:38.249549,BASELINE
TEL-e010f71b3ac7,CTRL-EMAILSEC,AST-00178,2026-08-07T13:23:38.249549,87.4,96.3,HEALTHY,396,syslog,GOOD,2026-08-07T13:23:38.249549,CURRENT
TEL-805f8ed5aa4b,CTRL-EMAILSEC,AST-00051,2026-05-10T14:23:38.249549,49.6,49.0,HEALTHY,390,syslog,GOOD,2026-05-10T14:23:38.249549,BASELINE
TEL-fe59b075382c,CTRL-EMAILSEC,AST-00051,2026-08-03T22:23:38.249549,68.3,68.0,HEALTHY,395,agent,DEGRADED,2026-08-03T22:23:38.249549,CURRENT
TEL-2d4dbb4a0408,CTRL-EMAILSEC,AST-00041,2026-05-13T14:23:38.249549,66.0,68.7,HEALTHY,239,agent,GOOD,2026-05-13T14:23:38.249549,BASELINE
TEL-26d93924eeaa,CTRL-EMAILSEC,AST-00041,2026-07-31T15:23:38.249549,99.5,90.9,HEALTHY,130,syslog,GOOD,2026-07-31T15:23:38.249549,CURRENT
TEL-a6b7fbb32f70,CTRL-EMAILSEC,AST-00156,2026-05-13T14:23:38.249549,2026-06-09T14:23:38.249549,52.3,DEGRADED,262,cloud_api,GOOD,2026-05-13T14:23:38.249549,BASELINE
TEL-4140ffa99b12,CTRL-EMAILSEC,AST-00156,2026-07-31T02:23:38.249549,63.7,75.2,DEGRADED,167,syslog,GOOD,2026-07-15T14:23:38.249549,CURRENT
TEL-3937b952e2a7,CTRL-EMAILSEC,AST-00102,2026-05-14T14:23:38.249549,62.2,62.0,HEALTHY,262,agent,GOOD,2026-05-14T14:23:38.249549,BASELINE
TEL-0e0336916428,CTRL-EMAILSEC,AST-00102,2026-07-31T07:23:38.249549,93.1,88.3,HEALTHY,37,syslog,GOOD,2026-07-31T07:23:38.249549,CURRENT
TEL-738f9e1449b6,CTRL-EMAILSEC,AST-00059,2026-05-15T14:23:38.249549,53.3,66.4,HEALTHY,173,cloud_api,GOOD,2026-05-15T14:23:38.249549,BASELINE
TEL-a1445ee4809f,CTRL-EMAILSEC,AST-00059,2026-08-05T02:23:38.249549,79.6,96.2,HEALTHY,10,cloud_api,GOOD,2026-08-05T02:23:38.249549,CURRENT
TEL-991fe4191695,CTRL-EMAILSEC,AST-00211,2026-05-13T14:23:38.249549,45.2,40.6,HEALTHY,345,cloud_api,GOOD,2026-05-13T14:23:38.249549,BASELINE
TEL-5f5167101b58,CTRL-EMAILSEC,AST-00211,2026-08-07T00:23:38.249549,80.9,60.1,DEGRADED,473,cloud_api,DEGRADED,2026-08-07T00:23:38.249549,CURRENT
TEL-c55297bc5896,CTRL-EMAILSEC,AST-00042,2026-05-12T14:23:38.249549,66.4,45.7,HEALTHY,483,agent,GOOD,2026-05-12T14:23:38.249549,BASELINE
TEL-4773729213b5,CTRL-EMAILSEC,AST-00042,2026-08-06T16:23:38.249549,95.9,63.6,HEALTHY,161,agent,GOOD,2026-08-06T16:23:38.249549,CURRENT
TEL-f6b07536ede8,CTRL-EMAILSEC,AST-00096,2026-05-11T14:23:38.249549,51.1,69.7,HEALTHY,460,cloud_api,GOOD,2026-05-11T14:23:38.249549,BASELINE
TEL-db97b09ff64a,CTRL-EMAILSEC,AST-00096,2026-07-31T09:23:38.249549,70.1,89.4,HEALTHY,228,cloud_api,GOOD,2026-07-25T14:23:38.249549,CURRENT
TEL-10a4b4640cf0,CTRL-EMAILSEC,AST-00172,2026-05-11T14:23:38.249549,51.2,64.4,HEALTHY,62,agent,GOOD,2026-05-11T14:23:38.249549,BASELINE
TEL-44ddef36903f,CTRL-EMAILSEC,AST-00172,2026-08-03T05:23:38.249549,75.7,81.3,HEALTHY,383,cloud_api,GOOD,2026-08-03T05:23:38.249549,CURRENT
TEL-568cccbae9c6,CTRL-EMAILSEC,AST-00203,2026-05-14T14:23:38.249549,51.3,55.2,HEALTHY,194,cloud_api,GOOD,2026-05-14T14:23:38.249549,BASELINE
TEL-9e5ed36a79d6,CTRL-EMAILSEC,AST-00203,2026-08-07T10:23:38.249549,68.6,79.8,DEGRADED,428,agent,GOOD,2026-08-07T10:23:38.249549,CURRENT
TEL-1dbf43f72acc,CTRL-EMAILSEC,AST-00208,2026-05-15T14:23:38.249549,70.4,70.0,HEALTHY,487,cloud_api,GOOD,2026-05-15T14:23:38.249549,BASELINE
TEL-f285584d451f,CTRL-EMAILSEC,AST-00208,2026-07-30T23:23:38.249549,93.0,86.7,HEALTHY,4,agent,GOOD,2026-07-24T14:23:38.249549,CURRENT
TEL-5de08a371c46,CTRL-EMAILSEC,AST-00162,2026-05-11T14:23:38.249549,49.2,41.2,HEALTHY,316,cloud_api,GOOD,2026-05-11T14:23:38.249549,BASELINE
TEL-c4e1fa2b62c9,CTRL-EMAILSEC,AST-00162,2026-07-30T09:23:38.249549,76.0,68.1,HEALTHY,77,syslog,GOOD,2026-07-30T09:23:38.249549,CURRENT
TEL-47ee83342a89,CTRL-EMAILSEC,AST-00064,2026-05-10T14:23:38.249549,65.1,67.7,HEALTHY,191,cloud_api,GOOD,2026-05-10T14:23:38.249549,BASELINE
TEL-4a7116ee7922,CTRL-EMAILSEC,AST-00064,2026-08-03T07:23:38.249549,,98.5,DEGRADED,17,syslog,DEGRADED,2026-08-03T07:23:38.249549,CURRENT
TEL-9634a2edd6a1,CTRL-EMAILSEC,AST-00004,2026-05-14T14:23:38.249549,72.4,51.3,HEALTHY,459,agent,GOOD,2026-05-14T14:23:38.249549,BASELINE
TEL-1f231d42d9eb,CTRL-EMAILSEC,AST-00004,2026-08-06T19:23:38.249549,88.6,78.3,HEALTHY,212,syslog,GOOD,2026-08-06T19:23:38.249549,CURRENT
TEL-3482b42e592e,CTRL-EMAILSEC,AST-00010,2026-05-12T14:23:38.249549,70.7,40.0,HEALTHY,489,syslog,GOOD,2026-05-12T14:23:38.249549,BASELINE
TEL-583fcc4c4e20,CTRL-EMAILSEC,AST-00010,2026-08-07T06:23:38.249549,100,64.5,DEGRADED,292,agent,GOOD,2026-08-07T06:23:38.249549,CURRENT
TEL-28d9148930a6,CTRL-EMAILSEC,AST-00167,2026-05-15T14:23:38.249549,60.4,44.3,HEALTHY,314,agent,GOOD,2026-05-15T14:23:38.249549,BASELINE
TEL-7e2dca012d36,CTRL-EMAILSEC,AST-00167,2026-08-07T14:23:38.249549,95.6,72.5,HEALTHY,363,cloud_api,GOOD,2026-08-07T14:23:38.249549,CURRENT
TEL-b00c97e6f9ae,CTRL-EMAILSEC,AST-00135,2026-05-11T14:23:38.249549,60.6,66.5,HEALTHY,296,syslog,DEGRADED,2026-05-11T14:23:38.249549,BASELINE
TEL-6d0cead31ffe,CTRL-EMAILSEC,AST-00135,2026-08-05T03:23:38.249549,1090.0,96.7,FAILED,7,agent,GOOD,2026-08-05T03:23:38.249549,CURRENT
TEL-384833a94560,CTRL-EMAILSEC,AST-00027,2026-05-13T14:23:38.249549,70.1,51.9,HEALTHY,445,syslog,GOOD,2026-05-13T14:23:38.249549,BASELINE
TEL-32a86adea7e6,CTRL-EMAILSEC,AST-00027,2026-08-03T11:23:38.249549,91.0,67.1,HEALTHY,225,agent,GOOD,2026-08-03T11:23:38.249549,CURRENT
TEL-264d749211fe,CTRL-EMAILSEC,AST-00129,2026-05-11T14:23:38.249549,64.7,50.1,DEGRADED,395,syslog,GOOD,2026-05-11T14:23:38.249549,BASELINE
TEL-5b733b5ced33,CTRL-EMAILSEC,AST-00129,2026-08-05T21:23:38.249549,92.5,85.1,HEALTHY,134,agent,GOOD,2026-08-05T21:23:38.249549,CURRENT
TEL-87ffd504cef3,CTRL-EMAILSEC,AST-00152,2026-05-13T14:23:38.249549,57.8,56.3,HEALTHY,151,agent,DEGRADED,2026-05-13T14:23:38.249549,BASELINE
TEL-fe55f2c82a25,CTRL-EMAILSEC,AST-00152,2026-07-30T18:23:38.249549,73.4,73.2,FAILED,42,syslog,GOOD,2026-07-30T18:23:38.249549,CURRENT
TEL-8edf4d435eaa,CTRL-EMAILSEC,AST-00190,2026-05-15T14:23:38.249549,69.6,55.3,HEALTHY,381,cloud_api,GOOD,2026-05-15T14:23:38.249549,BASELINE
TEL-3ee33f0cf16a,CTRL-EMAILSEC,AST-00190,2026-08-06T06:23:38.249549,100,73.2,HEALTHY,24,syslog,GOOD,2026-08-06T06:23:38.249549,CURRENT
TEL-261db5262713,CTRL-EMAILSEC,AST-00011,2026-05-10T14:23:38.249549,51.9,55.9,HEALTHY,316,agent,GOOD,2026-05-10T14:23:38.249549,BASELINE
TEL-1edb8256e9db,CTRL-EMAILSEC,AST-00011,2026-08-01T08:23:38.249549,90.6,78.4,DEGRADED,312,cloud_api,DEGRADED,2026-08-01T08:23:38.249549,CURRENT
TEL-d9a921a968b1,CTRL-EMAILSEC,AST-00219,2026-05-14T14:23:38.249549,53.4,68.5,HEALTHY,69,syslog,DEGRADED,2026-05-14T14:23:38.249549,BASELINE
TEL-c8395d404129,CTRL-EMAILSEC,AST-00219,2026-08-04T03:23:38.249549,1092.3,89.4,HEALTHY,375,syslog,GOOD,2026-08-04T03:23:38.249549,CURRENT
TEL-b8feee7ec2a1,CTRL-EMAILSEC,AST-00073,2026-05-11T14:23:38.249549,47.0,44.2,FAILED,500,agent,GOOD,2026-05-11T14:23:38.249549,BASELINE
TEL-cb6669d4b2e9,CTRL-EMAILSEC,AST-00073,2026-07-31T11:23:38.249549,80.9,68.8,HEALTHY,127,cloud_api,GOOD,2026-07-31T11:23:38.249549,CURRENT
TEL-c9594a976441,CTRL-EMAILSEC,AST-00078,2026-05-15T14:23:38.249549,73.9,66.8,HEALTHY,227,agent,GOOD,2026-05-15T14:23:38.249549,BASELINE
TEL-5c06812ef9d6,CTRL-EMAILSEC,AST-00078,2026-08-02T09:23:38.249549,95.8,84.2,HEALTHY,268,agent,GOOD,2026-07-28T14:23:38.249549,CURRENT
TEL-d6772de9fbc2,CTRL-EMAILSEC,AST-00007,2026-05-14T14:23:38.249549,63.0,53.1,HEALTHY,450,syslog,GOOD,2026-05-14T14:23:38.249549,BASELINE
TEL-43c786d32d61,CTRL-EMAILSEC,AST-00007,2026-07-31T16:23:38.249549,83.8,84.6,HEALTHY,456,cloud_api,GOOD,2026-07-31T16:23:38.249549,CURRENT
TEL-cd4b026b1faa,CTRL-EMAILSEC,AST-00151,2026-05-13T14:23:38.249549,59.0,66.3,HEALTHY,45,syslog,GOOD,2026-05-13T14:23:38.249549,BASELINE
TEL-e57f8009f5e1,CTRL-EMAILSEC,AST-00151,2026-07-31T12:23:38.249549,88.6,95.1,DEGRADED,340,cloud_api,GOOD,2026-07-31T12:23:38.249549,CURRENT
TEL-6035cc173885,CTRL-EMAILSEC,AST-00143,2026-05-12T14:23:38.249549,73.9,59.1,HEALTHY,128,syslog,GOOD,2026-05-12T14:23:38.249549,BASELINE
TEL-f87a680948f8,CTRL-EMAILSEC,AST-00143,2026-07-30T15:23:38.249549,99.4,91.4,FAILED,42,agent,GOOD,2026-07-30T15:23:38.249549,CURRENT
TEL-a7e6c496ac09,CTRL-EMAILSEC,AST-00005,2026-05-15T14:23:38.249549,69.2,54.8,HEALTHY,362,cloud_api,GOOD,2026-05-15T14:23:38.249549,BASELINE
TEL-ef1d33e0a11d,CTRL-EMAILSEC,AST-00005,2026-08-05T18:23:38.249549,90.2,81.7,HEALTHY,473,syslog,GOOD,2026-08-05T18:23:38.249549,CURRENT
TEL-b147ebe6eaf6,CTRL-EMAILSEC,AST-00035,2026-05-14T14:23:38.249549,63.0,63.8,HEALTHY,184,syslog,GOOD,2026-05-14T14:23:38.249549,BASELINE
TEL-c047791cf3bb,CTRL-EMAILSEC,AST-00035,2026-08-07T14:23:38.249549,92.8,97.9,HEALTHY,381,agent,GOOD,2026-08-07T14:23:38.249549,CURRENT
TEL-58b7d23a192c,CTRL-EMAILSEC,AST-00148,2026-05-13T14:23:38.249549,68.6,57.2,HEALTHY,221,syslog,DEGRADED,2026-05-13T14:23:38.249549,BASELINE
TEL-52e6998c20e7,CTRL-EMAILSEC,AST-00148,2026-07-30T22:23:38.249549,100,82.7,HEALTHY,168,agent,GOOD,2026-07-30T22:23:38.249549,CURRENT
TEL-d5c431135e92,CTRL-EMAILSEC,AST-00205,2026-05-12T14:23:38.249549,57.4,53.7,HEALTHY,494,agent,GOOD,2026-05-12T14:23:38.249549,BASELINE
TEL-570c9a3eab2b,CTRL-EMAILSEC,AST-00205,2026-07-30T21:23:38.249549,73.1,86.5,HEALTHY,325,cloud_api,GOOD,2026-07-30T21:23:38.249549,CURRENT
TEL-c49061e29288,CTRL-EMAILSEC,AST-00182,2026-05-15T14:23:38.249549,49.8,65.9,HEALTHY,88,cloud_api,DEGRADED,2026-05-15T14:23:38.249549,BASELINE
TEL-faec1a3d17e5,CTRL-EMAILSEC,AST-00182,2026-08-04T08:23:38.249549,78.8,93.9,HEALTHY,428,agent,GOOD,2026-08-04T08:23:38.249549,CURRENT
TEL-fc2c834c0665,CTRL-EMAILSEC,AST-00197,2026-05-14T14:23:38.249549,54.2,42.7,HEALTHY,103,cloud_api,DEGRADED,2026-05-14T14:23:38.249549,BASELINE
TEL-abc53f7bab33,CTRL-EMAILSEC,AST-00197,2026-08-03T07:23:38.249549,92.0,65.8,HEALTHY,185,agent,DEGRADED,2026-08-03T07:23:38.249549,CURRENT
TEL-de78e286fa0a,CTRL-EMAILSEC,AST-00049,2026-05-15T14:23:38.249549,54.7,57.5,HEALTHY,275,agent,GOOD,2026-05-15T14:23:38.249549,BASELINE
TEL-deedb8f2943d,CTRL-EMAILSEC,AST-00049,2026-08-01T18:23:38.249549,72.5,90.6,HEALTHY,306,syslog,GOOD,2026-08-01T18:23:38.249549,CURRENT
TEL-893b22598646,CTRL-EMAILSEC,AST-00084,2026-05-13T14:23:38.249549,52.9,56.0,HEALTHY,448,cloud_api,GOOD,2026-05-13T14:23:38.249549,BASELINE
TEL-4d3c6f90e1b3,CTRL-EMAILSEC,AST-00084,2026-08-07T12:23:38.249549,85.8,78.9,HEALTHY,422,agent,GOOD,2026-08-07T12:23:38.249549,CURRENT
TEL-148e9397af42,CTRL-EMAILSEC,AST-00052,2026-05-15T14:23:38.249549,49.7,40.8,HEALTHY,331,agent,GOOD,2026-05-15T14:23:38.249549,BASELINE
TEL-29ee0540e144,CTRL-EMAILSEC,AST-00052,2026-08-06T06:23:38.249549,89.5,60.3,DEGRADED,247,cloud_api,GOOD,2026-08-06T06:23:38.249549,CURRENT
TEL-acd890844ff1,CTRL-EMAILSEC,AST-00214,2026-05-14T14:23:38.249549,61.5,52.4,DEGRADED,198,syslog,GOOD,2026-05-14T14:23:38.249549,BASELINE
TEL-390f7cf631bd,CTRL-EMAILSEC,AST-00214,2026-08-04T08:23:38.249549,90.7,84.3,DEGRADED,220,cloud_api,GOOD,2026-08-04T08:23:38.249549,CURRENT
TEL-d8a8c670584e,CTRL-EMAILSEC,AST-00123,2026-05-15T14:23:38.249549,72.8,56.2,DEGRADED,359,agent,GOOD,2026-05-15T14:23:38.249549,BASELINE
TEL-8e8fe98f5843,CTRL-EMAILSEC,AST-00123,2026-08-07T04:23:38.249549,93.6,72.8,DEGRADED,259,syslog,GOOD,2026-08-07T04:23:38.249549,CURRENT
TEL-d599e7f313af,CTRL-EMAILSEC,AST-00095,2026-05-15T14:23:38.249549,54.4,58.1,HEALTHY,114,cloud_api,GOOD,2026-05-15T14:23:38.249549,BASELINE
TEL-798558b3e99f,CTRL-EMAILSEC,AST-00095,2026-08-01T03:23:38.249549,89.6,87.5,HEALTHY,302,cloud_api,GOOD,2026-08-01T03:23:38.249549,CURRENT
TEL-c373e8931414,CTRL-EMAILSEC,AST-00113,2026-05-12T14:23:38.249549,74.9,53.5,HEALTHY,349,cloud_api,GOOD,2026-05-12T14:23:38.249549,BASELINE
TEL-04d1effeb86d,CTRL-EMAILSEC,AST-00113,2026-08-03T12:23:38.249549,90.4,81.5,DEGRADED,372,agent,GOOD,2026-08-03T12:23:38.249549,CURRENT
TEL-0d01e8d8cd99,CTRL-EMAILSEC,AST-00217,2026-05-11T14:23:38.249549,59.7,68.3,HEALTHY,345,cloud_api,GOOD,2026-05-11T14:23:38.249549,BASELINE
TEL-891f186f350a,CTRL-EMAILSEC,AST-00217,2026-08-01T13:23:38.249549,92.3,100,DEGRADED,73,syslog,BAD,2026-08-01T13:23:38.249549,CURRENT
TEL-15de548f588f,CTRL-EMAILSEC,AST-00111,2026-05-12T14:23:38.249549,62.6,69.1,FAILED,314,agent,GOOD,2026-05-12T14:23:38.249549,BASELINE
TEL-0b4b66852e73,CTRL-EMAILSEC,AST-00111,2026-08-02T08:23:38.249549,99.2,85.2,HEALTHY,307,agent,GOOD,2026-08-02T08:23:38.249549,CURRENT
TEL-cbba03af9121,CTRL-EMAILSEC,AST-00134,2026-05-10T14:23:38.249549,45.9,61.9,DEGRADED,198,cloud_api,GOOD,2026-05-10T14:23:38.249549,BASELINE
TEL-3d35d1e56f35,CTRL-EMAILSEC,AST-00134,2026-08-04T07:23:38.249549,84.1,83.5,HEALTHY,159,cloud_api,GOOD,2026-08-04T07:23:38.249549,CURRENT
TEL-0bca034ca38c,CTRL-EMAILSEC,AST-00141,2026-05-11T14:23:38.249549,57.9,42.7,HEALTHY,41,cloud_api,GOOD,2026-05-11T14:23:38.249549,BASELINE
TEL-ceed6035137f,CTRL-EMAILSEC,AST-00141,2026-08-06T04:23:38.249549,79.2,62.9,DEGRADED,31,syslog,GOOD,2026-08-06T04:23:38.249549,CURRENT
TEL-417ec0db0cea,CTRL-EMAILSEC,AST-00183,2026-05-10T14:23:38.249549,56.2,68.9,HEALTHY,463,syslog,GOOD,2026-05-10T14:23:38.249549,BASELINE
TEL-2a6832dbb62e,CTRL-EMAILSEC,AST-00183,2026-08-05T03:23:38.249549,75.4,94.5,HEALTHY,317,cloud_api,GOOD,2026-08-05T03:23:38.249549,CURRENT
TEL-38bd13ebaad3,CTRL-EMAILSEC,AST-00065,2026-05-14T14:23:38.249549,51.6,66.2,DEGRADED,361,agent,GOOD,2026-05-14T14:23:38.249549,BASELINE
TEL-55e09e43f303,CTRL-EMAILSEC,AST-00065,2026-08-04T15:23:38.249549,75.2,99.4,HEALTHY,478,syslog,DEGRADED,2026-08-04T15:23:38.249549,CURRENT
TEL-ac6e6f2cadf1,CTRL-EMAILSEC,AST-00200,2026-05-10T14:23:38.249549,68.8,68.0,HEALTHY,85,agent,GOOD,2026-05-10T14:23:38.249549,BASELINE
TEL-e8f5541d6368,CTRL-EMAILSEC,AST-00200,2026-08-04T21:23:38.249549,86.8,100,DEGRADED,480,cloud_api,DEGRADED,2026-08-04T21:23:38.249549,CURRENT
TEL-db1075a43b62,CTRL-EMAILSEC,AST-00186,2026-05-14T14:23:38.249549,61.4,53.4,HEALTHY,122,cloud_api,GOOD,2026-05-14T14:23:38.249549,BASELINE
TEL-91e0ae3a5669,CTRL-EMAILSEC,AST-00186,2026-08-07T22:23:38.249549,86.2,70.8,DEGRADED,471,cloud_api,GOOD,2026-08-07T22:23:38.249549,CURRENT
TEL-70dc48dc60d8,CTRL-EMAILSEC,AST-00166,2026-05-14T14:23:38.249549,72.3,65.2,HEALTHY,269,syslog,GOOD,2026-05-14T14:23:38.249549,BASELINE
TEL-4058f442d2ad,CTRL-EMAILSEC,AST-00166,2026-08-07T15:23:38.249549,100,82.1,HEALTHY,102,cloud_api,GOOD,2026-08-07T15:23:38.249549,CURRENT
TEL-4343ae16dede,CTRL-EMAILSEC,AST-00094,2026-05-13T14:23:38.249549,58.4,68.3,HEALTHY,53,cloud_api,GOOD,2026-05-13T14:23:38.249549,BASELINE
TEL-695c6ebdcb40,CTRL-EMAILSEC,AST-00094,2026-08-04T14:23:38.249549,78.4,91.9,FAILED,394,cloud_api,GOOD,2026-08-04T14:23:38.249549,CURRENT
TEL-596fbc14e0de,CTRL-EMAILSEC,AST-00174,2026-05-12T14:23:38.249549,66.0,41.2,DEGRADED,277,agent,GOOD,2026-05-12T14:23:38.249549,BASELINE
TEL-a28dd90a9635,CTRL-EMAILSEC,AST-00174,2026-07-30T02:23:38.249549,94.2,75.2,HEALTHY,155,cloud_api,GOOD,2026-07-30T02:23:38.249549,CURRENT
TEL-492f9a9e73a6,CTRL-EMAILSEC,AST-00003,2026-05-15T14:23:38.249549,73.9,64.8,HEALTHY,189,syslog,GOOD,2026-05-15T14:23:38.249549,BASELINE
TEL-30240b7e222d,CTRL-EMAILSEC,AST-00003,2026-08-03T04:23:38.249549,90.2,97.2,DEGRADED,456,agent,GOOD,2026-08-03T04:23:38.249549,CURRENT
TEL-8fae42348914,CTRL-EMAILSEC,AST-00002,2026-05-10T14:23:38.249549,47.2,46.2,HEALTHY,352,agent,DEGRADED,2026-05-10T14:23:38.249549,BASELINE
TEL-a06e419a6e4f,CTRL-EMAILSEC,AST-00002,2026-08-08T03:23:38.249549,,74.0,DEGRADED,169,agent,BAD,2026-08-08T03:23:38.249549,CURRENT
TEL-a0634684211c,CTRL-EMAILSEC,AST-00169,2026-05-11T14:23:38.249549,69.8,65.1,HEALTHY,451,cloud_api,GOOD,2026-05-11T14:23:38.249549,BASELINE
TEL-c8d7ad353c40,CTRL-EMAILSEC,AST-00169,2026-08-02T05:23:38.249549,94.1,81.0,HEALTHY,481,syslog,GOOD,2026-08-02T05:23:38.249549,CURRENT
TEL-41bcb7154a10,CTRL-EMAILSEC,AST-00070,2026-05-12T14:23:38.249549,53.2,52.5,DEGRADED,249,cloud_api,GOOD,2026-05-12T14:23:38.249549,BASELINE
TEL-f2c84ce87f4d,CTRL-EMAILSEC,AST-00070,2026-07-30T15:23:38.249549,85.4,75.7,HEALTHY,229,agent,GOOD,2026-07-30T15:23:38.249549,CURRENT
TEL-7757bf67aebf,CTRL-EMAILSEC,AST-00131,2026-05-13T14:23:38.249549,51.7,43.5,HEALTHY,483,syslog,GOOD,2026-05-13T14:23:38.249549,BASELINE
TEL-856ef492c4a8,CTRL-EMAILSEC,AST-00131,2026-08-07T21:23:38.249549,82.6,76.5,HEALTHY,274,cloud_api,GOOD,2026-08-07T21:23:38.249549,CURRENT
TEL-a5b9e2852ee7,CTRL-EMAILSEC,AST-00020,2026-05-11T14:23:38.249549,62.1,43.6,HEALTHY,65,syslog,BAD,2026-05-11T14:23:38.249549,BASELINE
TEL-588eca353305,CTRL-EMAILSEC,AST-00020,2026-08-07T16:23:38.249549,79.8,75.0,HEALTHY,426,cloud_api,GOOD,2026-08-07T16:23:38.249549,CURRENT
TEL-4393065ca68b,CTRL-EMAILSEC,AST-00160,2026-05-13T14:23:38.249549,67.9,47.3,HEALTHY,21,syslog,DEGRADED,2026-05-13T14:23:38.249549,BASELINE
TEL-b26b2c88319f,CTRL-EMAILSEC,AST-00160,2026-07-31T17:23:38.249549,100,74.6,HEALTHY,162,agent,GOOD,2026-07-31T17:23:38.249549,CURRENT
TEL-dcebff8f3748,CTRL-EMAILSEC,AST-00116,2026-05-12T14:23:38.249549,73.5,68.5,HEALTHY,200,cloud_api,GOOD,2026-05-12T14:23:38.249549,BASELINE
TEL-8352811f284d,CTRL-EMAILSEC,AST-00116,2026-08-03T16:23:38.249549,97.0,100,HEALTHY,99,cloud_api,GOOD,2026-08-03T16:23:38.249549,CURRENT
TEL-cb0f261082a2,CTRL-EMAILSEC,AST-00076,2026-05-14T14:23:38.249549,58.2,42.1,HEALTHY,493,cloud_api,GOOD,2026-05-14T14:23:38.249549,BASELINE
TEL-e84b82f5dd2e,CTRL-EMAILSEC,AST-00076,2026-08-05T13:23:38.249549,94.9,62.0,HEALTHY,316,syslog,GOOD,2026-08-05T13:23:38.249549,CURRENT
TEL-a80bc1ff5064,CTRL-EMAILSEC,AST-00170,2026-05-11T14:23:38.249549,73.0,44.3,HEALTHY,416,cloud_api,GOOD,2026-05-11T14:23:38.249549,BASELINE
TEL-424f8412c659,CTRL-EMAILSEC,AST-00170,2026-08-08T13:23:38.249549,97.2,61.4,HEALTHY,288,syslog,GOOD,2026-08-08T13:23:38.249549,CURRENT
TEL-8b0e731433a2,CTRL-EMAILSEC,AST-00025,2026-05-12T14:23:38.249549,64.5,68.1,HEALTHY,383,agent,GOOD,2026-05-12T14:23:38.249549,BASELINE
TEL-4261bd975e83,CTRL-EMAILSEC,AST-00025,2026-08-01T07:23:38.249549,100,96.0,FAILED,232,cloud_api,DEGRADED,2026-08-01T07:23:38.249549,CURRENT
TEL-427d9b637f53,CTRL-EMAILSEC,AST-00099,2026-05-15T14:23:38.249549,49.6,50.8,FAILED,131,agent,GOOD,2026-05-15T14:23:38.249549,BASELINE
TEL-f99e28203237,CTRL-EMAILSEC,AST-00099,2026-07-31T19:23:38.249549,-78.0,68.7,HEALTHY,277,agent,BAD,2026-07-31T19:23:38.249549,CURRENT
TEL-b2fa0acd329b,CTRL-EMAILSEC,AST-00040,2026-05-13T14:23:38.249549,48.8,46.2,HEALTHY,198,cloud_api,GOOD,2026-05-13T14:23:38.249549,BASELINE
TEL-2ce42889cf1b,CTRL-EMAILSEC,AST-00040,2026-08-03T17:23:38.249549,79.4,69.4,HEALTHY,105,agent,GOOD,2026-08-03T17:23:38.249549,CURRENT
TEL-7efce5aaf8bd,CTRL-EMAILSEC,AST-00149,2026-05-14T14:23:38.249549,50.7,66.2,HEALTHY,391,cloud_api,GOOD,2026-05-14T14:23:38.249549,BASELINE
TEL-15c2dedb0505,CTRL-EMAILSEC,AST-00149,2026-08-04T17:23:38.249549,70.6,94.4,HEALTHY,277,syslog,GOOD,2026-08-04T17:23:38.249549,CURRENT
TEL-9c6feeedc39c,CTRL-EMAILSEC,AST-00055,2026-05-11T14:23:38.249549,72.1,66.1,DEGRADED,337,cloud_api,DEGRADED,2026-05-11T14:23:38.249549,BASELINE
TEL-0dfdd4e3fdc3,CTRL-EMAILSEC,AST-00055,2026-08-06T07:23:38.249549,100,89.3,HEALTHY,105,cloud_api,GOOD,2026-08-06T07:23:38.249549,CURRENT
TEL-4e0746117efd,CTRL-EMAILSEC,AST-00066,2026-05-15T14:23:38.249549,50.2,60.4,DEGRADED,77,cloud_api,GOOD,2026-05-15T14:23:38.249549,BASELINE
TEL-f63292ffe740,CTRL-EMAILSEC,AST-00066,2026-08-04T08:23:38.249549,89.8,90.8,HEALTHY,249,cloud_api,GOOD,2026-08-04T08:23:38.249549,CURRENT
TEL-9920837ab52b,CTRL-EMAILSEC,AST-00194,2026-05-10T14:23:38.249549,67.9,58.8,HEALTHY,471,agent,GOOD,2026-05-10T14:23:38.249549,BASELINE
TEL-eab66f84f2d6,CTRL-EMAILSEC,AST-00194,2026-07-31T05:23:38.249549,96.2,74.5,HEALTHY,380,agent,DEGRADED,2026-07-31T05:23:38.249549,CURRENT
TEL-b9270679e78a,CTRL-EMAILSEC,AST-00039,2026-05-13T14:23:38.249549,54.2,58.7,HEALTHY,155,agent,GOOD,2026-05-13T14:23:38.249549,BASELINE
TEL-fa869a81bf27,CTRL-EMAILSEC,AST-00039,2026-08-03T13:23:38.249549,70.9,80.0,HEALTHY,60,syslog,DEGRADED,2026-08-03T13:23:38.249549,CURRENT
TEL-59fd6ef49136,CTRL-EMAILSEC,AST-00036,2026-05-12T14:23:38.249549,57.3,58.9,HEALTHY,58,syslog,DEGRADED,2026-05-12T14:23:38.249549,BASELINE
TEL-11b94f700499,CTRL-EMAILSEC,AST-00036,2026-08-01T06:23:38.249549,86.3,87.9,HEALTHY,450,cloud_api,GOOD,2026-08-01T06:23:38.249549,CURRENT
TEL-d168de10a131,CTRL-EMAILSEC,AST-00137,2026-05-12T14:23:38.249549,59.3,57.6,HEALTHY,229,agent,BAD,2026-05-12T14:23:38.249549,BASELINE
TEL-33dfea3a0963,CTRL-EMAILSEC,AST-00137,2026-07-29T16:23:38.249549,93.5,92.3,DEGRADED,43,cloud_api,GOOD,2026-07-29T16:23:38.249549,CURRENT
TEL-f1b795a1eac4,CTRL-EMAILSEC,AST-00026,2026-05-15T14:23:38.249549,49.0,51.8,HEALTHY,364,agent,GOOD,2026-05-15T14:23:38.249549,BASELINE
TEL-16371e578713,CTRL-EMAILSEC,AST-00026,2026-08-06T12:23:38.249549,71.6,69.8,HEALTHY,302,cloud_api,BAD,2026-08-06T12:23:38.249549,CURRENT
TEL-01a398147238,CTRL-EMAILSEC,AST-00097,2026-05-10T14:23:38.249549,56.0,55.4,HEALTHY,332,agent,GOOD,2026-05-10T14:23:38.249549,BASELINE
TEL-bb8e2dc865b8,CTRL-EMAILSEC,AST-00097,2026-08-03T09:23:38.249549,77.3,90.0,HEALTHY,139,syslog,BAD,2026-08-03T09:23:38.249549,CURRENT
TEL-8881590e27ff,CTRL-EMAILSEC,AST-00171,2026-05-14T14:23:38.249549,64.7,50.0,HEALTHY,194,agent,DEGRADED,2026-05-14T14:23:38.249549,BASELINE
TEL-8525fc82bbbe,CTRL-EMAILSEC,AST-00171,2026-08-08T12:23:38.249549,96.2,65.6,HEALTHY,192,cloud_api,GOOD,2026-07-10T14:23:38.249549,CURRENT
TEL-cb7f9bb937cd,CTRL-EMAILSEC,AST-00074,2026-05-11T14:23:38.249549,60.4,52.7,HEALTHY,250,cloud_api,GOOD,2026-05-11T14:23:38.249549,BASELINE
TEL-4fbf169d6d7a,CTRL-EMAILSEC,AST-00074,2026-08-04T22:23:38.249549,100,81.9,HEALTHY,341,cloud_api,DEGRADED,2026-08-04T22:23:38.249549,CURRENT
TEL-92125b163f08,CTRL-EMAILSEC,AST-00213,2026-05-11T14:23:38.249549,71.9,43.9,HEALTHY,292,agent,GOOD,2026-05-11T14:23:38.249549,BASELINE
TEL-3463f2a0eee6,CTRL-EMAILSEC,AST-00213,2026-08-07T19:23:38.249549,87.4,74.1,HEALTHY,174,syslog,GOOD,2026-07-31T14:23:38.249549,CURRENT
TEL-9e6ea5710750,CTRL-EMAILSEC,AST-00121,2026-05-12T14:23:38.249549,62.5,69.1,HEALTHY,28,syslog,GOOD,2026-05-12T14:23:38.249549,BASELINE
TEL-864de79bd7ac,CTRL-EMAILSEC,AST-00121,2026-07-31T05:23:38.249549,100,96.7,HEALTHY,367,agent,GOOD,2026-07-31T05:23:38.249549,CURRENT
TEL-7b3b890b5559,CTRL-EMAILSEC,AST-00038,2026-05-12T14:23:38.249549,68.7,41.5,HEALTHY,101,syslog,BAD,2026-05-12T14:23:38.249549,BASELINE
TEL-e6674835b356,CTRL-EMAILSEC,AST-00038,2026-08-01T22:23:38.249549,89.6,58.1,HEALTHY,346,syslog,DEGRADED,2026-08-01T22:23:38.249549,CURRENT
TEL-8849fb0d9d7d,CTRL-EMAILSEC,AST-00089,2026-05-11T14:23:38.249549,46.8,40.2,HEALTHY,498,agent,GOOD,2026-05-11T14:23:38.249549,BASELINE
TEL-7b5c0663e813,CTRL-EMAILSEC,AST-00089,2026-08-05T19:23:38.249549,66.5,58.7,HEALTHY,164,agent,GOOD,2026-08-05T19:23:38.249549,CURRENT
TEL-cfc6a11a3c0a,CTRL-EMAILSEC,AST-00185,2026-05-12T14:23:38.249549,64.1,58.0,DEGRADED,376,agent,GOOD,2026-05-12T14:23:38.249549,BASELINE
TEL-df890f29645a,CTRL-EMAILSEC,AST-00185,2026-08-06T07:23:38.249549,93.9,83.2,HEALTHY,386,agent,GOOD,2026-08-06T07:23:38.249549,CURRENT
TEL-c35c5ab83c8d,CTRL-EMAILSEC,AST-00175,2026-05-13T14:23:38.249549,46.9,62.0,DEGRADED,228,agent,BAD,2026-05-13T14:23:38.249549,BASELINE
TEL-535b5a926650,CTRL-EMAILSEC,AST-00175,2026-08-07T18:23:38.249549,70.5,89.4,HEALTHY,468,cloud_api,GOOD,2026-08-07T18:23:38.249549,CURRENT
TEL-68f890c1ee03,CTRL-EMAILSEC,AST-00177,2026-05-12T14:23:38.249549,63.2,57.1,DEGRADED,189,cloud_api,GOOD,2026-05-12T14:23:38.249549,BASELINE
TEL-061801911e0c,CTRL-EMAILSEC,AST-00177,2026-08-03T19:23:38.249549,100,86.6,HEALTHY,116,syslog,GOOD,2026-08-03T19:23:38.249549,CURRENT
TEL-6fc2a5e8a04c,CTRL-EMAILSEC,AST-00072,2026-05-13T14:23:38.249549,65.7,66.4,HEALTHY,78,agent,GOOD,2026-05-13T14:23:38.249549,BASELINE
TEL-a04eae2ef181,CTRL-EMAILSEC,AST-00072,2026-08-03T16:23:38.249549,91.0,87.9,DEGRADED,403,cloud_api,GOOD,2026-08-03T16:23:38.249549,CURRENT
TEL-af6c15771e29,CTRL-EMAILSEC,AST-00180,2026-05-15T14:23:38.249549,71.1,51.0,HEALTHY,94,agent,GOOD,2026-05-15T14:23:38.249549,BASELINE
TEL-b48750417f16,CTRL-EMAILSEC,AST-00180,2026-07-29T23:23:38.249549,89.8,74.7,HEALTHY,11,cloud_api,GOOD,2026-07-29T23:23:38.249549,CURRENT
TEL-8e2f9e958416,CTRL-EMAILSEC,AST-00062,2026-05-13T14:23:38.249549,54.1,56.5,HEALTHY,485,agent,GOOD,2026-05-13T14:23:38.249549,BASELINE
TEL-689d909c86f3,CTRL-EMAILSEC,AST-00062,2026-08-02T03:23:38.249549,93.0,76.0,HEALTHY,487,cloud_api,GOOD,2026-08-02T03:23:38.249549,CURRENT
TEL-0614f74012f7,CTRL-EMAILSEC,AST-00037,2026-05-11T14:23:38.249549,63.2,55.6,FAILED,323,agent,GOOD,2026-05-11T14:23:38.249549,BASELINE
TEL-c76c5feecdbf,CTRL-EMAILSEC,AST-00037,2026-08-04T04:23:38.249549,81.8,80.4,HEALTHY,306,agent,GOOD,2026-08-04T04:23:38.249549,CURRENT
TEL-5d174a998489,CTRL-EMAILSEC,AST-00195,2026-05-14T14:23:38.249549,55.2,60.7,HEALTHY,213,agent,GOOD,2026-05-14T14:23:38.249549,BASELINE
TEL-3e6d59bb54c3,CTRL-EMAILSEC,AST-00195,2026-08-03T13:23:38.249549,79.6,78.2,DEGRADED,160,syslog,DEGRADED,2026-08-03T13:23:38.249549,CURRENT
TEL-2f8e20c2cf67,CTRL-EMAILSEC,AST-00032,2026-05-12T14:23:38.249549,74.2,56.6,HEALTHY,164,syslog,GOOD,2026-05-12T14:23:38.249549,BASELINE
TEL-7833e420b9f1,CTRL-EMAILSEC,AST-00032,2026-08-01T04:23:38.249549,100,83.2,HEALTHY,416,agent,GOOD,2026-08-01T04:23:38.249549,CURRENT
TEL-1bfb92fd7496,CTRL-EMAILSEC,AST-00092,2026-05-11T14:23:38.249549,59.1,55.3,HEALTHY,236,syslog,DEGRADED,2026-05-11T14:23:38.249549,BASELINE
TEL-e152de709af9,CTRL-EMAILSEC,AST-00092,2026-08-01T23:23:38.249549,74.6,72.2,HEALTHY,199,agent,GOOD,2026-08-01T23:23:38.249549,CURRENT
TEL-d8d0bb5d825c,CTRL-EMAILSEC,AST-00189,2026-05-11T14:23:38.249549,53.3,65.4,HEALTHY,422,syslog,GOOD,2026-05-11T14:23:38.249549,BASELINE
TEL-e60ff76cadcf,CTRL-EMAILSEC,AST-00189,2026-08-06T05:23:38.249549,71.9,81.6,HEALTHY,160,syslog,DEGRADED,2026-08-06T05:23:38.249549,CURRENT
TEL-862151b6ad17,CTRL-EMAILSEC,AST-00128,2026-05-14T14:23:38.249549,51.0,45.6,HEALTHY,453,agent,GOOD,2026-05-14T14:23:38.249549,BASELINE
TEL-09ed2e015699,CTRL-EMAILSEC,AST-00128,2026-08-07T08:23:38.249549,86.3,79.1,HEALTHY,358,agent,GOOD,2026-08-07T08:23:38.249549,CURRENT
TEL-b5159eaae9cc,CTRL-EMAILSEC,AST-00047,2026-05-13T14:23:38.249549,51.1,40.9,HEALTHY,75,cloud_api,GOOD,2026-05-13T14:23:38.249549,BASELINE
TEL-208118c3b4fb,CTRL-EMAILSEC,AST-00047,2026-08-07T18:23:38.249549,73.5,68.7,HEALTHY,55,cloud_api,GOOD,2026-08-07T18:23:38.249549,CURRENT
TEL-e32817a569b9,CTRL-EMAILSEC,AST-00202,2026-05-12T14:23:38.249549,50.9,48.5,DEGRADED,282,cloud_api,GOOD,2026-05-12T14:23:38.249549,BASELINE
TEL-403b1ca0ab5d,CTRL-EMAILSEC,AST-00202,2026-08-08T10:23:38.249549,81.1,75.3,HEALTHY,321,cloud_api,GOOD,2026-08-08T10:23:38.249549,CURRENT
TEL-c161805f2413,CTRL-EMAILSEC,AST-00184,2026-05-12T14:23:38.249549,56.9,65.1,HEALTHY,452,syslog,GOOD,2026-05-12T14:23:38.249549,BASELINE
TEL-6335d6317eec,CTRL-EMAILSEC,AST-00184,2026-08-05T04:23:38.249549,80.0,80.8,HEALTHY,34,agent,GOOD,2026-08-05T04:23:38.249549,CURRENT
TEL-ea1837172e10,CTRL-EMAILSEC,AST-00165,2026-05-12T14:23:38.249549,60.7,47.1,HEALTHY,35,cloud_api,GOOD,2026-05-12T14:23:38.249549,BASELINE
TEL-764d7087d131,CTRL-EMAILSEC,AST-00165,2026-08-05T00:23:38.249549,99.2,77.1,HEALTHY,355,agent,GOOD,2026-08-05T00:23:38.249549,CURRENT
TEL-17ffb9e0c42b,CTRL-EMAILSEC,AST-00088,2026-05-12T14:23:38.249549,47.7,44.8,HEALTHY,285,agent,GOOD,2026-05-12T14:23:38.249549,BASELINE
TEL-19d1bc821e90,CTRL-EMAILSEC,AST-00088,2026-08-06T04:23:38.249549,67.9,75.0,HEALTHY,112,agent,DEGRADED,2026-08-06T04:23:38.249549,CURRENT
TEL-365377bf58aa,CTRL-EMAILSEC,AST-00196,2026-05-15T14:23:38.249549,73.6,49.6,HEALTHY,148,cloud_api,GOOD,2026-05-15T14:23:38.249549,BASELINE
TEL-372ee39e112d,CTRL-EMAILSEC,AST-00196,2026-08-01T11:23:38.249549,92.1,72.3,HEALTHY,102,syslog,GOOD,2026-08-01T11:23:38.249549,CURRENT
TEL-ec8824b7e6b7,CTRL-EMAILSEC,AST-00046,2026-05-12T14:23:38.249549,51.9,50.5,HEALTHY,108,agent,GOOD,2026-05-12T14:23:38.249549,BASELINE
TEL-a0f5c2e81189,CTRL-EMAILSEC,AST-00046,2026-08-03T04:23:38.249549,79.2,67.1,HEALTHY,284,cloud_api,GOOD,2026-08-03T04:23:38.249549,CURRENT
TEL-ad2165ba10cd,CTRL-EMAILSEC,AST-00209,2026-05-12T14:23:38.249549,49.8,58.2,HEALTHY,146,cloud_api,GOOD,2026-05-12T14:23:38.249549,BASELINE
TEL-5c6b4b208eaa,CTRL-EMAILSEC,AST-00209,2026-07-30T01:23:38.249549,69.8,79.9,HEALTHY,207,agent,GOOD,2026-07-30T01:23:38.249549,CURRENT
TEL-e94a6c39f5bb,CTRL-EMAILSEC,AST-00080,2026-05-11T14:23:38.249549,46.2,62.3,HEALTHY,426,syslog,GOOD,2026-05-11T14:23:38.249549,BASELINE
TEL-2e736ea46b7b,CTRL-EMAILSEC,AST-00080,2026-07-31T12:23:38.249549,81.4,94.8,HEALTHY,27,syslog,GOOD,2026-07-31T12:23:38.249549,CURRENT
TEL-e8abc6fb5660,CTRL-EMAILSEC,AST-00015,2026-05-12T14:23:38.249549,62.0,47.6,HEALTHY,170,agent,GOOD,2026-05-12T14:23:38.249549,BASELINE
TEL-9f6ddc8e84ff,CTRL-EMAILSEC,AST-00015,2026-08-08T11:23:38.249549,99.1,72.8,HEALTHY,200,syslog,GOOD,2026-08-08T11:23:38.249549,CURRENT
TEL-a63c890838ae,CTRL-EMAILSEC,AST-00191,2026-05-15T14:23:38.249549,72.6,57.9,HEALTHY,54,agent,DEGRADED,2026-05-15T14:23:38.249549,BASELINE
TEL-50dc802f3391,CTRL-EMAILSEC,AST-00191,2026-07-30T11:23:38.249549,99.6,88.8,DEGRADED,476,agent,GOOD,2026-07-30T11:23:38.249549,CURRENT
TEL-69de567abeba,CTRL-EMAILSEC,AST-00136,2026-05-11T14:23:38.249549,56.4,44.8,HEALTHY,448,cloud_api,GOOD,2026-05-11T14:23:38.249549,BASELINE
TEL-03dfb1159707,CTRL-EMAILSEC,AST-00136,2026-08-01T17:23:38.249549,85.6,60.9,DEGRADED,154,agent,GOOD,2026-07-30T14:23:38.249549,CURRENT
TEL-fd86599c1d1d,CTRL-EMAILSEC,AST-00100,2026-05-15T14:23:38.249549,72.9,64.0,HEALTHY,450,cloud_api,GOOD,2026-05-15T14:23:38.249549,BASELINE
TEL-a528d7b05620,CTRL-EMAILSEC,AST-00100,2026-07-31T16:23:38.249549,100,83.1,HEALTHY,453,syslog,GOOD,2026-07-31T16:23:38.249549,CURRENT
TEL-d5adf117584a,CTRL-EMAILSEC,AST-00050,2026-05-15T14:23:38.249549,53.2,56.9,HEALTHY,193,agent,GOOD,2026-05-15T14:23:38.249549,BASELINE
TEL-54c3a3f101ab,CTRL-EMAILSEC,AST-00050,2026-08-06T23:23:38.249549,68.8,73.2,HEALTHY,6,syslog,DEGRADED,2026-08-06T23:23:38.249549,CURRENT
TEL-3c2e82794d93,CTRL-EMAILSEC,AST-00104,2026-05-15T14:23:38.249549,64.7,66.3,HEALTHY,343,cloud_api,DEGRADED,2026-05-15T14:23:38.249549,BASELINE
TEL-5a6085205224,CTRL-EMAILSEC,AST-00104,2026-08-03T12:23:38.249549,100,95.5,DEGRADED,332,agent,DEGRADED,2026-08-03T12:23:38.249549,CURRENT
TEL-06a1ff80c05b,CTRL-EMAILSEC,AST-00122,2026-05-11T14:23:38.249549,70.1,68.6,HEALTHY,186,agent,GOOD,2026-05-11T14:23:38.249549,BASELINE
TEL-57de1d78e456,CTRL-EMAILSEC,AST-00122,2026-07-31T23:23:38.249549,95.9,93.3,HEALTHY,337,cloud_api,GOOD,2026-07-31T23:23:38.249549,CURRENT
TEL-1e12fdca464c,CTRL-EMAILSEC,AST-00060,2026-05-14T14:23:38.249549,61.2,59.2,FAILED,392,cloud_api,GOOD,2026-05-14T14:23:38.249549,BASELINE
TEL-1af25f8688a6,CTRL-EMAILSEC,AST-00060,2026-08-04T08:23:38.249549,84.2,82.3,HEALTHY,208,cloud_api,DEGRADED,2026-08-04T08:23:38.249549,CURRENT
TEL-2d10253a3228,CTRL-EMAILSEC,AST-00031,2026-05-15T14:23:38.249549,47.6,44.1,HEALTHY,348,agent,DEGRADED,2026-05-15T14:23:38.249549,BASELINE
TEL-3e7b25a3e9f4,CTRL-EMAILSEC,AST-00031,2026-08-03T15:23:38.249549,68.9,77.6,FAILED,74,syslog,GOOD,2026-08-03T15:23:38.249549,CURRENT
TEL-d6ce1c2c760a,CTRL-EMAILSEC,AST-00132,2026-05-11T14:23:38.249549,64.0,65.5,HEALTHY,214,agent,BAD,2026-05-11T14:23:38.249549,BASELINE
TEL-d986aa709999,CTRL-EMAILSEC,AST-00132,2026-07-30T19:23:38.249549,97.6,92.0,HEALTHY,130,syslog,GOOD,2026-07-30T19:23:38.249549,CURRENT
TEL-54b2077b2a18,CTRL-EMAILSEC,AST-00145,2026-05-10T14:23:38.249549,49.9,61.3,HEALTHY,280,cloud_api,GOOD,2026-05-10T14:23:38.249549,BASELINE
TEL-49e8bb7d5237,CTRL-EMAILSEC,AST-00145,2026-08-05T03:23:38.249549,70.6,83.0,HEALTHY,208,syslog,GOOD,2026-08-05T03:23:38.249549,CURRENT
TEL-1a6d4d775ff2,CTRL-EMAILSEC,AST-00090,2026-05-11T14:23:38.249549,2026-05-15T14:23:38.249549,53.6,HEALTHY,468,agent,GOOD,2026-05-11T14:23:38.249549,BASELINE
TEL-0042e6cf3363,CTRL-EMAILSEC,AST-00090,2026-07-31T23:23:38.249549,79.2,85.3,HEALTHY,107,syslog,GOOD,2026-07-31T23:23:38.249549,CURRENT
TEL-d14593d5ee19,CTRL-EMAILSEC,AST-00146,2026-05-11T14:23:38.249549,73.5,40.5,HEALTHY,34,cloud_api,GOOD,2026-05-11T14:23:38.249549,BASELINE
TEL-b354ab89b3c9,CTRL-EMAILSEC,AST-00146,2026-08-06T15:23:38.249549,93.3,61.4,HEALTHY,5,syslog,GOOD,2026-08-06T15:23:38.249549,CURRENT
TEL-f41d046d9666,CTRL-EMAILSEC,AST-00022,2026-05-13T14:23:38.249549,55.3,49.1,HEALTHY,251,agent,GOOD,2026-05-13T14:23:38.249549,BASELINE
TEL-f8142aa345f9,CTRL-EMAILSEC,AST-00022,2026-08-01T20:23:38.249549,79.7,76.5,HEALTHY,408,cloud_api,GOOD,2026-08-01T20:23:38.249549,CURRENT
TEL-ca0b7aa16553,CTRL-EMAILSEC,AST-00110,2026-05-15T14:23:38.249549,68.1,57.6,HEALTHY,492,cloud_api,GOOD,2026-05-15T14:23:38.249549,BASELINE
TEL-8db47122493c,CTRL-EMAILSEC,AST-00110,2026-08-03T09:23:38.249549,93.7,90.2,HEALTHY,125,syslog,GOOD,2026-08-03T09:23:38.249549,CURRENT
TEL-8b340e30b42c,CTRL-EMAILSEC,AST-00140,2026-05-14T14:23:38.249549,1063.9,51.4,HEALTHY,231,agent,GOOD,2026-05-14T14:23:38.249549,BASELINE
TEL-b2d0c0c98ce3,CTRL-EMAILSEC,AST-00140,2026-08-03T14:23:38.249549,81.3,73.1,HEALTHY,345,agent,DEGRADED,2026-08-03T14:23:38.249549,CURRENT
TEL-daf0b2b576ce,CTRL-EMAILSEC,AST-00044,2026-05-13T14:23:38.249549,58.3,53.9,HEALTHY,24,cloud_api,GOOD,2026-05-13T14:23:38.249549,BASELINE
TEL-b8c1c570803c,CTRL-EMAILSEC,AST-00044,2026-07-31T01:23:38.249549,85.9,82.8,DEGRADED,150,agent,GOOD,2026-07-31T01:23:38.249549,CURRENT
TEL-7c5adbd8a4f6,CTRL-EMAILSEC,AST-00071,2026-05-10T14:23:38.249549,63.0,60.6,HEALTHY,198,syslog,GOOD,2026-05-10T14:23:38.249549,BASELINE
TEL-529ef9ae8b95,CTRL-EMAILSEC,AST-00071,2026-08-06T12:23:38.249549,88.7,95.0,HEALTHY,93,agent,GOOD,2026-08-06T12:23:38.249549,CURRENT
TEL-3e742c4a6f63,CTRL-EMAILSEC,AST-00112,2026-05-15T14:23:38.249549,65.5,46.9,HEALTHY,67,syslog,BAD,2026-05-15T14:23:38.249549,BASELINE
TEL-5df91dca2359,CTRL-EMAILSEC,AST-00112,2026-07-29T21:23:38.249549,100,70.8,HEALTHY,357,cloud_api,GOOD,2026-07-16T14:23:38.249549,CURRENT
TEL-309fa30f3b9f,CTRL-EMAILSEC,AST-00192,2026-05-13T14:23:38.249549,60.8,59.0,HEALTHY,216,agent,GOOD,2026-05-13T14:23:38.249549,BASELINE
TEL-544dea9580b5,CTRL-EMAILSEC,AST-00192,2026-08-08T06:23:38.249549,93.1,76.2,HEALTHY,205,syslog,DEGRADED,2026-08-08T06:23:38.249549,CURRENT
TEL-b84b288746a3,CTRL-EMAILSEC,AST-00193,2026-05-14T14:23:38.249549,72.2,43.6,HEALTHY,279,cloud_api,GOOD,2026-05-14T14:23:38.249549,BASELINE
TEL-a42535181494,CTRL-EMAILSEC,AST-00193,2026-08-06T15:23:38.249549,100,61.9,HEALTHY,298,cloud_api,GOOD,2026-08-06T15:23:38.249549,CURRENT
TEL-7bd803bd0f5d,CTRL-EMAILSEC,AST-00220,2026-05-13T14:23:38.249549,46.2,49.0,HEALTHY,6,agent,GOOD,2026-05-13T14:23:38.249549,BASELINE
TEL-f25f19036d34,CTRL-EMAILSEC,AST-00220,2026-08-08T12:23:38.249549,66.3,78.9,HEALTHY,415,agent,GOOD,2026-08-08T12:23:38.249549,CURRENT
TEL-515bc8545eb1,CTRL-EMAILSEC,AST-00164,2026-05-13T14:23:38.249549,52.3,46.4,HEALTHY,283,syslog,GOOD,2026-05-13T14:23:38.249549,BASELINE
TEL-5a3617c8e286,CTRL-EMAILSEC,AST-00164,2026-08-03T12:23:38.249549,79.3,74.7,HEALTHY,439,syslog,GOOD,2026-08-03T12:23:38.249549,CURRENT
TEL-09a18737cc04,CTRL-FW,AST-00123,2026-05-10T14:23:38.249549,67.8,41.2,HEALTHY,49,syslog,GOOD,2026-05-10T14:23:38.249549,BASELINE
TEL-0c78b260a75b,CTRL-FW,AST-00123,2026-08-02T18:23:38.249549,100,57.6,HEALTHY,5,agent,GOOD,2026-08-02T18:23:38.249549,CURRENT
TEL-e594e6849921,CTRL-FW,AST-00132,2026-05-14T14:23:38.249549,63.7,52.9,HEALTHY,282,cloud_api,GOOD,2026-05-14T14:23:38.249549,BASELINE
TEL-7beb209d0240,CTRL-FW,AST-00132,2026-08-02T04:23:38.249549,85.7,72.5,HEALTHY,112,agent,GOOD,2026-08-02T04:23:38.249549,CURRENT
TEL-487b4908ec48,CTRL-FW,AST-00019,2026-05-10T14:23:38.249549,69.8,58.5,FAILED,138,cloud_api,GOOD,2026-05-10T14:23:38.249549,BASELINE
TEL-999f3cf76ced,CTRL-FW,AST-00019,2026-08-02T12:23:38.249549,89.8,92.6,HEALTHY,312,agent,DEGRADED,2026-08-02T12:23:38.249549,CURRENT
TEL-4614d1805813,CTRL-FW,AST-00145,2026-05-13T14:23:38.249549,72.5,40.1,DEGRADED,228,agent,GOOD,2026-05-13T14:23:38.249549,BASELINE
TEL-ed5600b001a9,CTRL-FW,AST-00145,2026-08-02T10:23:38.249549,94.5,68.5,HEALTHY,76,syslog,DEGRADED,2026-08-02T10:23:38.249549,CURRENT
TEL-a460bb9907f4,CTRL-FW,AST-00043,2026-05-11T14:23:38.249549,70.5,40.7,HEALTHY,448,syslog,GOOD,2026-05-11T14:23:38.249549,BASELINE
TEL-db9123728923,CTRL-FW,AST-00043,2026-07-30T05:23:38.249549,2025-08-28T14:23:38.249549,71.0,HEALTHY,105,cloud_api,GOOD,2026-07-30T05:23:38.249549,CURRENT
TEL-df189066e2a1,CTRL-FW,AST-00064,2026-05-13T14:23:38.249549,47.3,60.5,HEALTHY,140,agent,GOOD,2026-05-13T14:23:38.249549,BASELINE
TEL-035131d090f6,CTRL-FW,AST-00064,2026-08-06T09:23:38.249549,83.2,78.9,DEGRADED,491,agent,GOOD,2026-08-06T09:23:38.249549,CURRENT
TEL-48d87800e18b,CTRL-FW,AST-00161,2026-05-10T14:23:38.249549,61.9,41.9,HEALTHY,10,cloud_api,GOOD,2026-05-10T14:23:38.249549,BASELINE
TEL-6994b0fc0a50,CTRL-FW,AST-00161,2026-08-04T11:23:38.249549,93.0,71.2,HEALTHY,178,agent,GOOD,2026-08-04T11:23:38.249549,CURRENT
TEL-49542313e8e2,CTRL-FW,AST-00193,2026-05-14T14:23:38.249549,72.3,44.7,HEALTHY,100,agent,BAD,2026-05-14T14:23:38.249549,BASELINE
TEL-cf09bc525630,CTRL-FW,AST-00193,2026-08-01T17:23:38.249549,93.8,64.1,HEALTHY,468,agent,GOOD,2026-08-01T17:23:38.249549,CURRENT
TEL-a09f6f356c03,CTRL-FW,AST-00106,2026-05-13T14:23:38.249549,65.9,42.4,DEGRADED,142,agent,GOOD,2026-05-13T14:23:38.249549,BASELINE
TEL-aa473c42e8d2,CTRL-FW,AST-00106,2026-08-07T00:23:38.249549,82.1,76.0,HEALTHY,47,syslog,GOOD,2026-08-07T00:23:38.249549,CURRENT
TEL-c27fa90f519c,CTRL-FW,AST-00214,2026-05-11T14:23:38.249549,64.6,68.6,DEGRADED,458,agent,GOOD,2026-05-11T14:23:38.249549,BASELINE
TEL-1d7769c1fa0e,CTRL-FW,AST-00214,2026-08-05T13:23:38.249549,99.2,100,HEALTHY,34,agent,GOOD,2026-08-05T13:23:38.249549,CURRENT
TEL-fec8712ed93d,CTRL-FW,AST-00093,2026-05-12T14:23:38.249549,68.5,63.4,HEALTHY,95,agent,GOOD,2026-05-12T14:23:38.249549,BASELINE
TEL-bf2b3d6a2612,CTRL-FW,AST-00093,2026-07-31T21:23:38.249549,96.8,89.4,HEALTHY,416,agent,GOOD,2026-07-31T21:23:38.249549,CURRENT
TEL-dc6f22e6a517,CTRL-FW,AST-00058,2026-05-11T14:23:38.249549,71.8,45.0,DEGRADED,293,cloud_api,GOOD,2026-05-11T14:23:38.249549,BASELINE
TEL-a2fc5cd9196e,CTRL-FW,AST-00058,2026-08-06T01:23:38.249549,96.7,69.4,HEALTHY,82,syslog,GOOD,2026-08-06T01:23:38.249549,CURRENT
TEL-b2aecd0d8b63,CTRL-FW,AST-00068,2026-05-14T14:23:38.249549,46.3,44.1,HEALTHY,281,syslog,GOOD,2026-05-14T14:23:38.249549,BASELINE
TEL-039e85ac35cd,CTRL-FW,AST-00068,2026-07-31T02:23:38.249549,85.8,64.8,HEALTHY,266,cloud_api,GOOD,2026-07-31T02:23:38.249549,CURRENT
TEL-8244b3d2bfa6,CTRL-FW,AST-00105,2026-05-13T14:23:38.249549,62.3,52.2,HEALTHY,412,agent,GOOD,2026-05-13T14:23:38.249549,BASELINE
TEL-309123925212,CTRL-FW,AST-00105,2026-08-06T20:23:38.249549,98.3,72.2,HEALTHY,309,cloud_api,GOOD,2026-08-06T20:23:38.249549,CURRENT
TEL-2e75fc912bed,CTRL-FW,AST-00016,2026-05-11T14:23:38.249549,54.0,54.6,HEALTHY,230,syslog,GOOD,2026-05-11T14:23:38.249549,BASELINE
TEL-f97953a3a7a2,CTRL-FW,AST-00016,2026-08-03T23:23:38.249549,69.6,84.6,HEALTHY,125,agent,GOOD,2026-08-03T23:23:38.249549,CURRENT
TEL-c2dc900eee68,CTRL-FW,AST-00213,2026-05-13T14:23:38.249549,51.8,54.6,HEALTHY,212,agent,GOOD,2026-05-13T14:23:38.249549,BASELINE
TEL-cdd72ebfc5df,CTRL-FW,AST-00213,2026-08-04T15:23:38.249549,77.8,78.9,HEALTHY,191,agent,GOOD,2026-08-04T15:23:38.249549,CURRENT
TEL-c2557116fe38,CTRL-FW,AST-00111,2026-05-12T14:23:38.249549,72.3,66.2,HEALTHY,20,cloud_api,GOOD,2026-05-12T14:23:38.249549,BASELINE
TEL-52433562b447,CTRL-FW,AST-00111,2026-08-04T20:23:38.249549,100,82.7,HEALTHY,5,agent,GOOD,2026-08-04T20:23:38.249549,CURRENT
TEL-123d332ecd45,CTRL-FW,AST-00011,2026-05-14T14:23:38.249549,-66.3,40.7,HEALTHY,177,syslog,GOOD,2026-05-14T14:23:38.249549,BASELINE
TEL-f29a17d1bce7,CTRL-FW,AST-00011,2026-08-04T15:23:38.249549,88.1,60.1,HEALTHY,452,cloud_api,GOOD,2026-08-04T15:23:38.249549,CURRENT
TEL-d9afb82312a6,CTRL-FW,AST-00083,2026-05-15T14:23:38.249549,58.0,60.0,FAILED,78,cloud_api,GOOD,2026-05-15T14:23:38.249549,BASELINE
TEL-9ec779c9f799,CTRL-FW,AST-00083,2026-08-02T14:23:38.249549,85.9,85.9,HEALTHY,73,agent,GOOD,2026-08-02T14:23:38.249549,CURRENT
TEL-b2fc72385a19,CTRL-FW,AST-00200,2026-05-10T14:23:38.249549,,48.3,HEALTHY,291,agent,GOOD,2026-05-10T14:23:38.249549,BASELINE
TEL-9450abdab683,CTRL-FW,AST-00200,2026-08-05T09:23:38.249549,81.3,67.7,HEALTHY,130,agent,GOOD,2026-08-05T09:23:38.249549,CURRENT
TEL-23130dbe9828,CTRL-FW,AST-00102,2026-05-10T14:23:38.249549,47.0,48.0,FAILED,473,syslog,GOOD,2026-05-10T14:23:38.249549,BASELINE
TEL-a672cd617a32,CTRL-FW,AST-00102,2026-08-06T06:23:38.249549,83.5,72.6,DEGRADED,315,syslog,BAD,2026-08-06T06:23:38.249549,CURRENT
TEL-37ba2aa7ab43,CTRL-FW,AST-00008,2026-05-15T14:23:38.249549,70.5,47.7,HEALTHY,79,syslog,GOOD,2026-05-15T14:23:38.249549,BASELINE
TEL-ecf216d5ab5b,CTRL-FW,AST-00008,2026-08-05T02:23:38.249549,100,73.9,HEALTHY,304,agent,GOOD,2026-08-05T02:23:38.249549,CURRENT
TEL-3823362a08c0,CTRL-FW,AST-00050,2026-05-13T14:23:38.249549,45.7,49.8,HEALTHY,302,cloud_api,GOOD,2026-05-13T14:23:38.249549,BASELINE
TEL-dc45efc0d213,CTRL-FW,AST-00050,2026-07-31T21:23:38.249549,72.8,75.0,HEALTHY,432,agent,DEGRADED,2026-07-31T21:23:38.249549,CURRENT
TEL-f4ab5a077510,CTRL-FW,AST-00172,2026-05-14T14:23:38.249549,52.5,67.8,HEALTHY,290,cloud_api,GOOD,2026-05-14T14:23:38.249549,BASELINE
TEL-7406e21bcdd0,CTRL-FW,AST-00172,2026-08-04T18:23:38.249549,90.1,96.7,DEGRADED,339,agent,GOOD,2026-08-04T18:23:38.249549,CURRENT
TEL-234b9ad4e894,CTRL-FW,AST-00186,2026-05-13T14:23:38.249549,72.8,52.2,HEALTHY,189,agent,GOOD,2026-05-13T14:23:38.249549,BASELINE
TEL-4cdadf4e08f2,CTRL-FW,AST-00186,2026-08-03T13:23:38.249549,89.2,75.8,DEGRADED,202,syslog,GOOD,2026-08-03T13:23:38.249549,CURRENT
TEL-dab03f88ef72,CTRL-FW,AST-00096,2026-05-12T14:23:38.249549,57.9,47.3,HEALTHY,436,agent,GOOD,2026-05-12T14:23:38.249549,BASELINE
TEL-34b6d9f02fb1,CTRL-FW,AST-00096,2026-08-06T22:23:38.249549,78.8,78.4,HEALTHY,219,cloud_api,DEGRADED,2026-08-06T22:23:38.249549,CURRENT
TEL-f030bd3c56d6,CTRL-FW,AST-00101,2026-05-10T14:23:38.249549,73.0,60.9,HEALTHY,149,cloud_api,GOOD,2026-05-10T14:23:38.249549,BASELINE
TEL-52926fdceb04,CTRL-FW,AST-00101,2026-08-08T14:23:38.249549,100,79.0,HEALTHY,44,agent,GOOD,2026-08-08T14:23:38.249549,CURRENT
TEL-a19840b61876,CTRL-FW,AST-00116,2026-05-10T14:23:38.249549,,69.9,HEALTHY,459,cloud_api,GOOD,2026-05-10T14:23:38.249549,BASELINE
TEL-fddff320efa2,CTRL-FW,AST-00116,2026-08-02T01:23:38.249549,71.8,86.5,HEALTHY,428,syslog,GOOD,2026-08-02T01:23:38.249549,CURRENT
TEL-e928a7fe4239,CTRL-FW,AST-00156,2026-05-11T14:23:38.249549,63.4,53.9,HEALTHY,254,syslog,GOOD,2026-05-11T14:23:38.249549,BASELINE
TEL-e2cd982e850c,CTRL-FW,AST-00156,2026-08-01T18:23:38.249549,81.8,85.9,HEALTHY,83,syslog,GOOD,2026-08-01T18:23:38.249549,CURRENT
TEL-cff7ef05f75b,CTRL-FW,AST-00209,2026-05-13T14:23:38.249549,58.6,49.2,HEALTHY,433,cloud_api,GOOD,2026-05-13T14:23:38.249549,BASELINE
TEL-0fbaa4e6bb19,CTRL-FW,AST-00209,2026-08-04T03:23:38.249549,97.4,77.3,HEALTHY,18,agent,GOOD,2026-08-04T03:23:38.249549,CURRENT
TEL-1e0f4ae76b49,CTRL-FW,AST-00033,2026-05-15T14:23:38.249549,71.3,69.9,HEALTHY,163,syslog,GOOD,2026-05-15T14:23:38.249549,BASELINE
TEL-bbe6e072e766,CTRL-FW,AST-00033,2026-08-07T20:23:38.249549,89.9,87.5,DEGRADED,342,syslog,GOOD,2026-08-07T20:23:38.249549,CURRENT
TEL-babb2afe5bc4,CTRL-FW,AST-00220,2026-05-10T14:23:38.249549,62.6,46.3,HEALTHY,33,agent,GOOD,2026-05-10T14:23:38.249549,BASELINE
TEL-4e2ef82f5a7d,CTRL-FW,AST-00220,2026-08-04T17:23:38.249549,100,70.8,HEALTHY,254,cloud_api,GOOD,2026-08-04T17:23:38.249549,CURRENT
TEL-9ccdfc5a9528,CTRL-FW,AST-00158,2026-05-12T14:23:38.249549,56.9,49.7,HEALTHY,161,syslog,DEGRADED,2026-05-12T14:23:38.249549,BASELINE
TEL-c75a44b249b5,CTRL-FW,AST-00158,2026-07-31T16:23:38.249549,89.7,67.4,HEALTHY,128,cloud_api,GOOD,2026-07-31T16:23:38.249549,CURRENT
TEL-4b5ff31247d6,CTRL-FW,AST-00131,2026-05-14T14:23:38.249549,71.3,41.3,HEALTHY,103,syslog,GOOD,2026-05-14T14:23:38.249549,BASELINE
TEL-515a20a4150d,CTRL-FW,AST-00131,2026-08-02T04:23:38.249549,,59.1,HEALTHY,409,syslog,GOOD,2026-08-02T04:23:38.249549,CURRENT
TEL-6b4083a581ff,CTRL-FW,AST-00207,2026-05-11T14:23:38.249549,45.1,64.7,HEALTHY,377,syslog,GOOD,2026-05-11T14:23:38.249549,BASELINE
TEL-09a72ae95ce1,CTRL-FW,AST-00207,2026-08-07T01:23:38.249549,72.2,89.8,FAILED,313,syslog,GOOD,2026-08-07T01:23:38.249549,CURRENT
TEL-b7f3fb01b866,CTRL-FW,AST-00166,2026-05-14T14:23:38.249549,68.1,41.2,FAILED,233,agent,GOOD,2026-05-14T14:23:38.249549,BASELINE
TEL-237e6c8469c0,CTRL-FW,AST-00166,2026-08-02T18:23:38.249549,2025-08-22T14:23:38.249549,75.5,HEALTHY,424,cloud_api,DEGRADED,2026-08-02T18:23:38.249549,CURRENT
TEL-f168ef977315,CTRL-FW,AST-00163,2026-05-14T14:23:38.249549,72.4,46.9,HEALTHY,333,agent,GOOD,2026-05-14T14:23:38.249549,BASELINE
TEL-3b9c619c08bc,CTRL-FW,AST-00163,2026-08-06T05:23:38.249549,100,68.2,HEALTHY,2,syslog,GOOD,2026-08-06T05:23:38.249549,CURRENT
TEL-db3ce775a3d7,CTRL-FW,AST-00041,2026-05-10T14:23:38.249549,51.7,47.2,HEALTHY,416,syslog,DEGRADED,2026-05-10T14:23:38.249549,BASELINE
TEL-44e1352b8c98,CTRL-FW,AST-00041,2026-08-07T19:23:38.249549,2025-08-16T14:23:38.249549,62.2,HEALTHY,339,agent,GOOD,2026-08-07T19:23:38.249549,CURRENT
TEL-3600dda27481,CTRL-FW,AST-00062,2026-05-11T14:23:38.249549,62.4,56.6,HEALTHY,168,agent,GOOD,2026-05-11T14:23:38.249549,BASELINE
TEL-aef73ba63b3a,CTRL-FW,AST-00062,2026-07-29T18:23:38.249549,90.8,87.2,HEALTHY,331,agent,DEGRADED,2026-07-29T18:23:38.249549,CURRENT
TEL-c7e887cc6cec,CTRL-FW,AST-00154,2026-05-15T14:23:38.249549,45.6,62.5,HEALTHY,463,cloud_api,GOOD,2026-05-15T14:23:38.249549,BASELINE
TEL-5d8af5af979f,CTRL-FW,AST-00154,2026-08-05T12:23:38.249549,63.9,82.6,DEGRADED,158,syslog,GOOD,2026-08-05T12:23:38.249549,CURRENT
TEL-bbc2d3876fc5,CTRL-FW,AST-00134,2026-05-10T14:23:38.249549,64.2,44.7,HEALTHY,388,cloud_api,DEGRADED,2026-05-10T14:23:38.249549,BASELINE
TEL-17ae0fc99bc5,CTRL-FW,AST-00134,2026-08-06T01:23:38.249549,81.1,62.1,HEALTHY,392,syslog,GOOD,2026-08-06T01:23:38.249549,CURRENT
TEL-ad7de970be9c,CTRL-FW,AST-00074,2026-05-10T14:23:38.249549,48.7,48.3,DEGRADED,279,cloud_api,GOOD,2026-05-10T14:23:38.249549,BASELINE
TEL-2552a3ce8e78,CTRL-FW,AST-00074,2026-08-04T20:23:38.249549,80.4,65.0,FAILED,392,agent,BAD,2026-08-04T20:23:38.249549,CURRENT
TEL-671b41d7455a,CTRL-FW,AST-00128,2026-05-11T14:23:38.249549,49.9,55.7,HEALTHY,179,agent,GOOD,2026-05-11T14:23:38.249549,BASELINE
TEL-0c2f02eb96d1,CTRL-FW,AST-00128,2026-08-03T12:23:38.249549,73.4,84.5,HEALTHY,262,cloud_api,GOOD,2026-08-03T12:23:38.249549,CURRENT
TEL-966a4e43ea6a,CTRL-FW,AST-00020,2026-05-10T14:23:38.249549,50.7,63.2,HEALTHY,467,cloud_api,GOOD,2026-05-10T14:23:38.249549,BASELINE
TEL-cd1f6df0d8a4,CTRL-FW,AST-00020,2026-07-31T16:23:38.249549,81.6,93.2,HEALTHY,460,agent,GOOD,2026-07-31T16:23:38.249549,CURRENT
TEL-7ab3dbc44586,CTRL-FW,AST-00204,2026-05-12T14:23:38.249549,50.6,40.5,HEALTHY,3,cloud_api,DEGRADED,2026-05-12T14:23:38.249549,BASELINE
TEL-e0fc27edbf3d,CTRL-FW,AST-00204,2026-08-01T16:23:38.249549,79.9,68.8,HEALTHY,287,agent,GOOD,2026-08-01T16:23:38.249549,CURRENT
TEL-50de90113519,CTRL-FW,AST-00181,2026-05-10T14:23:38.249549,59.2,56.5,HEALTHY,326,cloud_api,GOOD,2026-05-10T14:23:38.249549,BASELINE
TEL-0be1cea317c7,CTRL-FW,AST-00181,2026-08-01T23:23:38.249549,88.0,86.8,HEALTHY,54,agent,DEGRADED,2026-08-01T23:23:38.249549,CURRENT
TEL-d1625a2c178a,CTRL-FW,AST-00199,2026-05-11T14:23:38.249549,64.9,60.9,HEALTHY,38,syslog,GOOD,2026-05-11T14:23:38.249549,BASELINE
TEL-1d56801ba81b,CTRL-FW,AST-00199,2026-08-05T15:23:38.249549,100,92.2,HEALTHY,13,cloud_api,GOOD,2026-08-05T15:23:38.249549,CURRENT
TEL-125b8becde65,CTRL-FW,AST-00107,2026-05-10T14:23:38.249549,66.4,67.9,FAILED,393,cloud_api,GOOD,2026-05-10T14:23:38.249549,BASELINE
TEL-a0464a9c251f,CTRL-FW,AST-00107,2026-08-04T18:23:38.249549,100,95.0,HEALTHY,40,agent,GOOD,2026-08-04T18:23:38.249549,CURRENT
TEL-e8efcd32f38b,CTRL-FW,AST-00017,2026-05-10T14:23:38.249549,54.3,62.6,DEGRADED,445,syslog,GOOD,2026-05-10T14:23:38.249549,BASELINE
TEL-05553be0f42c,CTRL-FW,AST-00017,2026-07-30T23:23:38.249549,88.4,95.9,HEALTHY,206,agent,GOOD,2026-07-30T23:23:38.249549,CURRENT
TEL-ac1fec20cf6e,CTRL-FW,AST-00144,2026-05-11T14:23:38.249549,71.3,50.0,DEGRADED,2,agent,DEGRADED,2026-05-11T14:23:38.249549,BASELINE
TEL-47d3c07d96a9,CTRL-FW,AST-00144,2026-08-07T21:23:38.249549,-88.7,79.8,HEALTHY,481,syslog,DEGRADED,2026-08-07T21:23:38.249549,CURRENT
TEL-7e1b7ba0b663,CTRL-FW,AST-00022,2026-05-15T14:23:38.249549,52.4,45.6,DEGRADED,240,agent,GOOD,2026-05-15T14:23:38.249549,BASELINE
TEL-ded437653513,CTRL-FW,AST-00022,2026-07-30T09:23:38.249549,75.8,78.9,DEGRADED,349,syslog,GOOD,2026-07-30T09:23:38.249549,CURRENT
TEL-84a4f0a3e9d0,CTRL-FW,AST-00038,2026-05-15T14:23:38.249549,57.2,66.3,HEALTHY,121,agent,GOOD,2026-05-15T14:23:38.249549,BASELINE
TEL-bef772aaa2b4,CTRL-FW,AST-00038,2026-07-31T08:23:38.249549,89.3,92.8,DEGRADED,149,cloud_api,GOOD,2026-07-31T08:23:38.249549,CURRENT
TEL-c008b0000c6c,CTRL-FW,AST-00165,2026-05-14T14:23:38.249549,74.2,57.3,HEALTHY,130,syslog,GOOD,2026-05-14T14:23:38.249549,BASELINE
TEL-2aab041b0353,CTRL-FW,AST-00165,2026-07-30T11:23:38.249549,,77.7,HEALTHY,129,syslog,GOOD,2026-07-30T11:23:38.249549,CURRENT
TEL-db3db7d8c9f9,CTRL-FW,AST-00203,2026-05-11T14:23:38.249549,,43.6,HEALTHY,374,agent,GOOD,2026-05-11T14:23:38.249549,BASELINE
TEL-a80c72d0b73b,CTRL-FW,AST-00203,2026-08-01T00:23:38.249549,81.6,72.0,FAILED,294,agent,GOOD,2026-08-01T00:23:38.249549,CURRENT
TEL-bf195dbe0fd7,CTRL-FW,AST-00095,2026-05-11T14:23:38.249549,66.5,40.4,HEALTHY,402,agent,DEGRADED,2026-05-11T14:23:38.249549,BASELINE
TEL-7edcc1c8a927,CTRL-FW,AST-00095,2026-08-03T20:23:38.249549,100,57.6,HEALTHY,348,cloud_api,GOOD,2026-08-03T20:23:38.249549,CURRENT
TEL-063ce78e3f25,CTRL-FW,AST-00072,2026-05-15T14:23:38.249549,51.0,46.2,HEALTHY,250,cloud_api,GOOD,2026-05-15T14:23:38.249549,BASELINE
TEL-8d5cb9fca035,CTRL-FW,AST-00072,2026-07-30T11:23:38.249549,81.9,68.3,HEALTHY,400,agent,GOOD,2026-07-30T11:23:38.249549,CURRENT
TEL-0edac9df0b40,CTRL-FW,AST-00194,2026-05-12T14:23:38.249549,60.7,43.3,HEALTHY,242,syslog,GOOD,2026-05-12T14:23:38.249549,BASELINE
TEL-6c8dd7d127b9,CTRL-FW,AST-00194,2026-08-05T15:23:38.249549,80.8,64.1,HEALTHY,102,syslog,DEGRADED,2026-08-05T15:23:38.249549,CURRENT
TEL-9abdefdef020,CTRL-FW,AST-00168,2026-05-13T14:23:38.249549,70.2,48.1,HEALTHY,330,cloud_api,GOOD,2026-05-13T14:23:38.249549,BASELINE
TEL-cb5e43fee547,CTRL-FW,AST-00168,2026-07-29T23:23:38.249549,100,72.7,HEALTHY,74,agent,GOOD,2026-07-29T23:23:38.249549,CURRENT
TEL-d0635d0488b1,CTRL-FW,AST-00119,2026-05-14T14:23:38.249549,56.1,43.0,HEALTHY,32,syslog,DEGRADED,2026-05-14T14:23:38.249549,BASELINE
TEL-c1a13d73e792,CTRL-FW,AST-00119,2026-07-31T02:23:38.249549,77.5,75.2,HEALTHY,125,syslog,DEGRADED,2026-07-31T02:23:38.249549,CURRENT
TEL-2adbe486c6db,CTRL-FW,AST-00088,2026-05-15T14:23:38.249549,70.7,67.7,HEALTHY,490,agent,GOOD,2026-05-15T14:23:38.249549,BASELINE
TEL-7124590da712,CTRL-FW,AST-00088,2026-08-03T07:23:38.249549,100,100,HEALTHY,0,cloud_api,GOOD,2026-08-03T07:23:38.249549,CURRENT
TEL-8941a00243d2,CTRL-FW,AST-00078,2026-05-12T14:23:38.249549,48.3,62.9,HEALTHY,431,syslog,GOOD,2026-05-12T14:23:38.249549,BASELINE
TEL-27b99cbe2b51,CTRL-FW,AST-00078,2026-08-02T08:23:38.249549,70.9,82.9,HEALTHY,455,agent,GOOD,2026-08-02T08:23:38.249549,CURRENT
TEL-d206becd6f0f,CTRL-FW,AST-00138,2026-05-13T14:23:38.249549,70.7,62.8,HEALTHY,353,agent,GOOD,2026-05-13T14:23:38.249549,BASELINE
TEL-6101548b1680,CTRL-FW,AST-00138,2026-08-06T04:23:38.249549,94.7,88.4,DEGRADED,104,cloud_api,GOOD,2026-08-06T04:23:38.249549,CURRENT
TEL-82be72f97913,CTRL-FW,AST-00155,2026-05-13T14:23:38.249549,74.9,60.4,HEALTHY,111,cloud_api,GOOD,2026-05-13T14:23:38.249549,BASELINE
TEL-a1f372e5d66b,CTRL-FW,AST-00155,2026-07-31T23:23:38.249549,91.7,94.9,HEALTHY,143,syslog,GOOD,2026-07-31T23:23:38.249549,CURRENT
TEL-f315d9fad3cc,CTRL-FW,AST-00084,2026-05-10T14:23:38.249549,58.5,50.2,HEALTHY,274,syslog,GOOD,2026-05-10T14:23:38.249549,BASELINE
TEL-1b4b43193ffa,CTRL-FW,AST-00084,2026-08-07T15:23:38.249549,78.7,70.0,HEALTHY,85,syslog,GOOD,2026-07-09T14:23:38.249549,CURRENT
TEL-2c52a408cada,CTRL-FW,AST-00079,2026-05-13T14:23:38.249549,66.9,54.7,HEALTHY,298,agent,DEGRADED,2026-05-13T14:23:38.249549,BASELINE
TEL-a8357518f96e,CTRL-FW,AST-00079,2026-07-30T03:23:38.249549,100,89.5,HEALTHY,182,cloud_api,GOOD,2026-07-30T03:23:38.249549,CURRENT
TEL-9449a9f61dd0,CTRL-FW,AST-00121,2026-05-15T14:23:38.249549,49.9,69.4,DEGRADED,119,syslog,GOOD,2026-05-15T14:23:38.249549,BASELINE
TEL-b0134ee9221d,CTRL-FW,AST-00121,2026-08-05T16:23:38.249549,83.4,95.9,HEALTHY,151,cloud_api,GOOD,2026-08-05T16:23:38.249549,CURRENT
TEL-857f75d983f3,CTRL-FW,AST-00187,2026-05-15T14:23:38.249549,58.5,40.9,HEALTHY,389,cloud_api,GOOD,2026-05-15T14:23:38.249549,BASELINE
TEL-9bd5c7fa2a0b,CTRL-FW,AST-00187,2026-08-06T10:23:38.249549,89.0,70.5,DEGRADED,81,cloud_api,GOOD,2026-08-06T10:23:38.249549,CURRENT
TEL-ae3928ed9381,CTRL-FW,AST-00125,2026-05-13T14:23:38.249549,50.1,45.3,HEALTHY,37,agent,GOOD,2026-05-13T14:23:38.249549,BASELINE
TEL-91d6d7e18223,CTRL-FW,AST-00125,2026-08-07T11:23:38.249549,66.0,77.1,HEALTHY,365,syslog,GOOD,2026-08-07T11:23:38.249549,CURRENT
TEL-2724fd04242b,CTRL-FW,AST-00099,2026-05-14T14:23:38.249549,71.5,67.0,HEALTHY,304,syslog,GOOD,2026-05-14T14:23:38.249549,BASELINE
TEL-15d9e40908b1,CTRL-FW,AST-00099,2026-08-05T02:23:38.249549,99.8,93.9,HEALTHY,428,cloud_api,GOOD,2026-08-05T02:23:38.249549,CURRENT
TEL-2fef6d82ee60,CTRL-FW,AST-00151,2026-05-10T14:23:38.249549,52.8,62.0,HEALTHY,274,cloud_api,DEGRADED,2026-05-10T14:23:38.249549,BASELINE
TEL-ae76a1504492,CTRL-FW,AST-00151,2026-08-06T12:23:38.249549,73.2,92.4,HEALTHY,461,agent,GOOD,2026-08-06T12:23:38.249549,CURRENT
TEL-eb9af1e55b23,CTRL-FW,AST-00171,2026-05-15T14:23:38.249549,66.0,43.4,DEGRADED,27,syslog,GOOD,2026-05-15T14:23:38.249549,BASELINE
TEL-09e3d500bded,CTRL-FW,AST-00171,2026-08-02T10:23:38.249549,100,68.0,HEALTHY,25,syslog,DEGRADED,2026-08-02T10:23:38.249549,CURRENT
TEL-480810a16588,CTRL-FW,AST-00147,2026-05-14T14:23:38.249549,61.3,56.2,HEALTHY,281,agent,GOOD,2026-05-14T14:23:38.249549,BASELINE
TEL-ce8de323f0fa,CTRL-FW,AST-00147,2026-08-02T21:23:38.249549,1078.2,72.8,DEGRADED,112,syslog,GOOD,2026-08-02T21:23:38.249549,CURRENT
TEL-3b0b9840ea9e,CTRL-FW,AST-00036,2026-05-14T14:23:38.249549,60.5,42.1,HEALTHY,84,syslog,GOOD,2026-05-14T14:23:38.249549,BASELINE
TEL-b6ab80668fc4,CTRL-FW,AST-00036,2026-08-07T18:23:38.249549,91.2,71.6,HEALTHY,396,syslog,GOOD,2026-07-31T14:23:38.249549,CURRENT
TEL-5ce9f53afc94,CTRL-FW,AST-00188,2026-05-15T14:23:38.249549,70.9,42.5,HEALTHY,352,agent,GOOD,2026-05-15T14:23:38.249549,BASELINE
TEL-e2fb079baccc,CTRL-FW,AST-00188,2026-07-31T00:23:38.249549,100,60.8,DEGRADED,331,cloud_api,GOOD,2026-07-31T00:23:38.249549,CURRENT
TEL-fb682b435c80,CTRL-FW,AST-00087,2026-05-12T14:23:38.249549,63.9,40.8,HEALTHY,468,syslog,GOOD,2026-05-12T14:23:38.249549,BASELINE
TEL-c864c18af197,CTRL-FW,AST-00087,2026-08-05T06:23:38.249549,100,58.8,HEALTHY,416,agent,GOOD,2026-08-05T06:23:38.249549,CURRENT
TEL-c3e7df35f14a,CTRL-FW,AST-00024,2026-05-10T14:23:38.249549,62.3,54.7,HEALTHY,256,syslog,GOOD,2026-05-10T14:23:38.249549,BASELINE
TEL-7573131ee039,CTRL-FW,AST-00024,2026-08-07T00:23:38.249549,89.2,87.9,HEALTHY,239,agent,GOOD,2026-08-07T00:23:38.249549,CURRENT
TEL-97a23fbbd388,CTRL-FW,AST-00126,2026-05-15T14:23:38.249549,46.5,66.6,HEALTHY,140,syslog,GOOD,2026-05-15T14:23:38.249549,BASELINE
TEL-5e67222c606e,CTRL-FW,AST-00126,2026-08-04T23:23:38.249549,78.0,89.1,HEALTHY,408,cloud_api,GOOD,2026-08-04T23:23:38.249549,CURRENT
TEL-633c6326b70b,CTRL-FW,AST-00211,2026-05-11T14:23:38.249549,74.7,41.5,HEALTHY,282,syslog,GOOD,2026-05-11T14:23:38.249549,BASELINE
TEL-9d5219fc423b,CTRL-FW,AST-00211,2026-07-31T06:23:38.249549,99.0,62.7,HEALTHY,308,syslog,GOOD,2026-07-31T06:23:38.249549,CURRENT
TEL-cb60a606507e,CTRL-FW,AST-00137,2026-05-15T14:23:38.249549,63.5,40.5,HEALTHY,64,agent,GOOD,2026-05-15T14:23:38.249549,BASELINE
TEL-448ca61ff8dc,CTRL-FW,AST-00137,2026-07-29T14:23:38.249549,98.2,68.0,DEGRADED,129,syslog,GOOD,2026-07-29T14:23:38.249549,CURRENT
TEL-07df2893cd52,CTRL-FW,AST-00133,2026-05-12T14:23:38.249549,61.7,40.1,HEALTHY,242,cloud_api,DEGRADED,2026-05-12T14:23:38.249549,BASELINE
TEL-b41aab0d0cf5,CTRL-FW,AST-00133,2026-07-30T11:23:38.249549,89.9,67.7,HEALTHY,96,syslog,GOOD,2026-07-30T11:23:38.249549,CURRENT
TEL-0542379c5ca1,CTRL-FW,AST-00197,2026-05-13T14:23:38.249549,57.0,60.2,HEALTHY,267,syslog,GOOD,2026-05-13T14:23:38.249549,BASELINE
TEL-55c2a76a4560,CTRL-FW,AST-00197,2026-08-02T00:23:38.249549,78.0,78.0,HEALTHY,10,agent,DEGRADED,2026-08-02T00:23:38.249549,CURRENT
TEL-4c1fca0b7cc7,CTRL-FW,AST-00065,2026-05-13T14:23:38.249549,67.7,61.7,FAILED,128,agent,GOOD,2026-05-13T14:23:38.249549,BASELINE
TEL-ea94249285b1,CTRL-FW,AST-00065,2026-08-06T08:23:38.249549,-86.0,93.6,HEALTHY,181,cloud_api,GOOD,2026-08-06T08:23:38.249549,CURRENT
TEL-48a6a82be937,CTRL-FW,AST-00069,2026-05-15T14:23:38.249549,71.0,52.1,HEALTHY,150,agent,DEGRADED,2026-05-15T14:23:38.249549,BASELINE
TEL-763ecfc29fe4,CTRL-FW,AST-00069,2026-08-04T16:23:38.249549,87.0,71.7,HEALTHY,157,cloud_api,GOOD,2026-07-29T14:23:38.249549,CURRENT
TEL-ff30fd15c1b5,CTRL-FW,AST-00070,2026-05-10T14:23:38.249549,70.9,68.8,HEALTHY,123,syslog,GOOD,2026-05-10T14:23:38.249549,BASELINE
TEL-491f51166663,CTRL-FW,AST-00070,2026-07-31T09:23:38.249549,98.7,94.4,HEALTHY,371,agent,GOOD,2026-07-31T09:23:38.249549,CURRENT
TEL-e57646ed45e1,CTRL-FW,AST-00179,2026-05-15T14:23:38.249549,-70.0,60.6,DEGRADED,106,cloud_api,GOOD,2026-05-15T14:23:38.249549,BASELINE
TEL-dd5d068b0c35,CTRL-FW,AST-00179,2026-08-01T19:23:38.249549,86.5,76.4,DEGRADED,62,cloud_api,GOOD,2026-08-01T19:23:38.249549,CURRENT
TEL-13ad0df93732,CTRL-FW,AST-00219,2026-05-13T14:23:38.249549,69.2,42.7,DEGRADED,63,syslog,GOOD,2026-05-13T14:23:38.249549,BASELINE
TEL-611bc260feef,CTRL-FW,AST-00219,2026-08-03T00:23:38.249549,100,71.9,HEALTHY,347,agent,GOOD,2026-08-03T00:23:38.249549,CURRENT
TEL-1c1f8bc59f03,CTRL-FW,AST-00059,2026-05-13T14:23:38.249549,,70.0,FAILED,470,syslog,GOOD,2026-05-13T14:23:38.249549,BASELINE
TEL-2eb4c3b1d67c,CTRL-FW,AST-00059,2026-07-30T12:23:38.249549,80.1,85.8,FAILED,48,cloud_api,DEGRADED,2026-07-30T12:23:38.249549,CURRENT
TEL-b2fadebe5eca,CTRL-FW,AST-00081,2026-05-10T14:23:38.249549,70.8,61.6,HEALTHY,13,agent,GOOD,2026-05-10T14:23:38.249549,BASELINE
TEL-ac2645fa5ea8,CTRL-FW,AST-00081,2026-08-08T12:23:38.249549,100,87.1,HEALTHY,428,syslog,GOOD,2026-08-08T12:23:38.249549,CURRENT
TEL-39acb0e46dc1,CTRL-FW,AST-00202,2026-05-13T14:23:38.249549,45.4,50.0,DEGRADED,305,agent,DEGRADED,2026-05-13T14:23:38.249549,BASELINE
TEL-390bdfdb999b,CTRL-FW,AST-00202,2026-08-05T19:23:38.249549,77.6,77.8,DEGRADED,348,agent,GOOD,2026-08-05T19:23:38.249549,CURRENT
TEL-f5f45b0a9953,CTRL-FW,AST-00182,2026-05-14T14:23:38.249549,63.3,66.6,DEGRADED,327,syslog,GOOD,2026-05-14T14:23:38.249549,BASELINE
TEL-63870386ea39,CTRL-FW,AST-00182,2026-08-07T20:23:38.249549,86.9,83.1,HEALTHY,244,cloud_api,GOOD,2026-08-07T20:23:38.249549,CURRENT
TEL-285a49d17744,CTRL-FW,AST-00049,2026-05-15T14:23:38.249549,62.6,52.2,HEALTHY,258,agent,GOOD,2026-05-15T14:23:38.249549,BASELINE
TEL-a96d76146be2,CTRL-FW,AST-00049,2026-08-06T22:23:38.249549,96.5,70.6,HEALTHY,47,cloud_api,DEGRADED,2026-08-06T22:23:38.249549,CURRENT
TEL-d3caecaa5835,CTRL-FW,AST-00090,2026-05-13T14:23:38.249549,65.9,48.8,DEGRADED,322,agent,GOOD,2026-05-13T14:23:38.249549,BASELINE
TEL-1c67ab9afb71,CTRL-FW,AST-00090,2026-07-29T14:23:38.249549,100,74.2,HEALTHY,222,syslog,GOOD,2026-07-29T14:23:38.249549,CURRENT
TEL-a6675d4f52ed,CTRL-FW,AST-00192,2026-05-10T14:23:38.249549,,43.9,DEGRADED,28,syslog,DEGRADED,2026-05-10T14:23:38.249549,BASELINE
TEL-87efc0dc2d5c,CTRL-FW,AST-00192,2026-07-29T14:23:38.249549,83.7,74.5,HEALTHY,418,agent,GOOD,2026-07-29T14:23:38.249549,CURRENT
TEL-b79616b825f6,CTRL-FW,AST-00025,2026-05-11T14:23:38.249549,65.5,68.2,DEGRADED,182,agent,GOOD,2026-05-11T14:23:38.249549,BASELINE
TEL-05b5d6008bcb,CTRL-FW,AST-00025,2026-07-31T10:23:38.249549,82.4,87.5,HEALTHY,248,syslog,GOOD,2026-07-31T10:23:38.249549,CURRENT
TEL-a68c8d252098,CTRL-FW,AST-00212,2026-05-14T14:23:38.249549,57.7,67.1,HEALTHY,20,agent,GOOD,2026-05-14T14:23:38.249549,BASELINE
TEL-063588084fd2,CTRL-FW,AST-00212,2026-07-30T18:23:38.249549,86.8,94.5,FAILED,399,agent,GOOD,2026-07-15T14:23:38.249549,CURRENT
TEL-24eb8ce8754d,CTRL-FW,AST-00216,2026-05-14T14:23:38.249549,52.1,67.4,HEALTHY,330,cloud_api,GOOD,2026-05-14T14:23:38.249549,BASELINE
TEL-37d743b1bbc9,CTRL-FW,AST-00216,2026-08-07T04:23:38.249549,88.7,97.1,HEALTHY,353,syslog,GOOD,2026-08-07T04:23:38.249549,CURRENT
TEL-b1698d233c31,CTRL-FW,AST-00067,2026-05-10T14:23:38.249549,69.7,69.8,HEALTHY,478,agent,GOOD,2026-05-10T14:23:38.249549,BASELINE
TEL-753fb219d6c3,CTRL-FW,AST-00067,2026-07-31T01:23:38.249549,97.4,96.4,DEGRADED,206,syslog,GOOD,2026-07-31T01:23:38.249549,CURRENT
TEL-c40a49d3687d,CTRL-FW,AST-00146,2026-05-13T14:23:38.249549,63.7,63.0,HEALTHY,282,syslog,GOOD,2026-05-13T14:23:38.249549,BASELINE
TEL-ee5fe6c95d54,CTRL-FW,AST-00146,2026-07-30T08:23:38.249549,94.4,89.5,HEALTHY,437,cloud_api,GOOD,2026-07-30T08:23:38.249549,CURRENT
TEL-4e419c2f3aea,CTRL-FW,AST-00053,2026-05-15T14:23:38.249549,60.7,63.5,HEALTHY,52,cloud_api,GOOD,2026-05-15T14:23:38.249549,BASELINE
TEL-dc711179c4ba,CTRL-FW,AST-00053,2026-08-02T13:23:38.249549,79.3,90.1,HEALTHY,499,agent,DEGRADED,2026-08-02T13:23:38.249549,CURRENT
TEL-c675b58b6e8c,CTRL-FW,AST-00148,2026-05-11T14:23:38.249549,71.7,65.2,HEALTHY,220,cloud_api,GOOD,2026-05-11T14:23:38.249549,BASELINE
TEL-b98487190a4a,CTRL-FW,AST-00148,2026-08-05T11:23:38.249549,89.4,96.3,HEALTHY,11,syslog,GOOD,2026-08-05T11:23:38.249549,CURRENT
TEL-9a9759e4ae65,CTRL-FW,AST-00034,2026-05-10T14:23:38.249549,56.9,62.9,HEALTHY,158,syslog,DEGRADED,2026-05-10T14:23:38.249549,BASELINE
TEL-1ffa49023f76,CTRL-FW,AST-00034,2026-08-01T18:23:38.249549,74.9,97.4,HEALTHY,343,syslog,GOOD,2026-08-01T18:23:38.249549,CURRENT
TEL-f9bd4e0ad6d0,CTRL-FW,AST-00077,2026-05-14T14:23:38.249549,1055.9,68.5,DEGRADED,491,cloud_api,DEGRADED,2026-05-14T14:23:38.249549,BASELINE
TEL-8bd0e1d05060,CTRL-FW,AST-00077,2026-07-31T13:23:38.249549,77.0,86.3,HEALTHY,312,cloud_api,GOOD,2026-07-31T13:23:38.249549,CURRENT
TEL-53d6f17b6616,CTRL-FW,AST-00055,2026-05-12T14:23:38.249549,61.5,44.4,HEALTHY,136,agent,GOOD,2026-05-12T14:23:38.249549,BASELINE
TEL-570200b54734,CTRL-FW,AST-00055,2026-08-02T19:23:38.249549,97.7,71.2,HEALTHY,37,agent,GOOD,2026-08-02T19:23:38.249549,CURRENT
TEL-07c67eed61dd,CTRL-FW,AST-00086,2026-05-11T14:23:38.249549,59.5,60.2,HEALTHY,292,cloud_api,BAD,2026-05-11T14:23:38.249549,BASELINE
TEL-60b7907f05b1,CTRL-FW,AST-00086,2026-07-31T10:23:38.249549,85.1,88.9,HEALTHY,136,cloud_api,GOOD,2026-07-31T10:23:38.249549,CURRENT
TEL-78a1c09e259a,CTRL-FW,AST-00085,2026-05-15T14:23:38.249549,,49.3,DEGRADED,84,cloud_api,GOOD,2026-05-15T14:23:38.249549,BASELINE
TEL-e512c993fdfc,CTRL-FW,AST-00085,2026-07-30T00:23:38.249549,2025-10-19T14:23:38.249549,74.5,HEALTHY,453,cloud_api,GOOD,2026-07-30T00:23:38.249549,CURRENT
TEL-5fbaa994eb91,CTRL-FW,AST-00127,2026-05-10T14:23:38.249549,46.7,62.9,DEGRADED,171,agent,GOOD,2026-05-10T14:23:38.249549,BASELINE
TEL-ce3a11e3965e,CTRL-FW,AST-00127,2026-08-07T18:23:38.249549,82.5,88.0,HEALTHY,142,agent,GOOD,2026-08-07T18:23:38.249549,CURRENT
TEL-f0706dce94db,CTRL-FW,AST-00152,2026-05-11T14:23:38.249549,63.2,49.6,HEALTHY,298,cloud_api,GOOD,2026-05-11T14:23:38.249549,BASELINE
TEL-a550b372085b,CTRL-FW,AST-00152,2026-07-30T10:23:38.249549,99.6,73.7,HEALTHY,326,cloud_api,GOOD,2026-07-30T10:23:38.249549,CURRENT
TEL-105295a44f4b,CTRL-FW,AST-00178,2026-05-10T14:23:38.249549,71.9,58.0,DEGRADED,371,cloud_api,GOOD,2026-05-10T14:23:38.249549,BASELINE
TEL-10444e63f60a,CTRL-FW,AST-00178,2026-08-01T00:23:38.249549,97.9,80.8,HEALTHY,9,syslog,GOOD,2026-08-01T00:23:38.249549,CURRENT
TEL-171cc0218de2,CTRL-FW,AST-00164,2026-05-13T14:23:38.249549,,58.8,HEALTHY,477,syslog,GOOD,2026-05-13T14:23:38.249549,BASELINE
TEL-f9ef611ccee0,CTRL-FW,AST-00164,2026-07-29T18:23:38.249549,94.7,83.2,HEALTHY,134,agent,BAD,2026-07-15T14:23:38.249549,CURRENT
TEL-9e080086287d,CTRL-FW,AST-00018,2026-05-12T14:23:38.249549,51.0,42.7,HEALTHY,176,cloud_api,GOOD,2026-05-12T14:23:38.249549,BASELINE
TEL-617f001365f6,CTRL-FW,AST-00018,2026-08-04T19:23:38.249549,77.3,60.3,HEALTHY,434,agent,GOOD,2026-08-04T19:23:38.249549,CURRENT
TEL-b90b4c8c3a78,CTRL-FW,AST-00103,2026-05-13T14:23:38.249549,47.4,51.4,FAILED,162,agent,GOOD,2026-05-13T14:23:38.249549,BASELINE
TEL-b6b4806dbf5a,CTRL-FW,AST-00103,2026-08-06T02:23:38.249549,66.4,70.8,HEALTHY,97,agent,GOOD,2026-08-06T02:23:38.249549,CURRENT
TEL-fcbe71c0d1d9,CTRL-FW,AST-00114,2026-05-15T14:23:38.249549,71.7,49.2,HEALTHY,72,cloud_api,GOOD,2026-05-15T14:23:38.249549,BASELINE
TEL-59f5a44377de,CTRL-FW,AST-00114,2026-08-06T19:23:38.249549,,76.1,HEALTHY,27,agent,GOOD,2026-08-06T19:23:38.249549,CURRENT
TEL-7aadbd04ceba,CTRL-FW,AST-00089,2026-05-11T14:23:38.249549,65.5,52.0,HEALTHY,341,syslog,GOOD,2026-05-11T14:23:38.249549,BASELINE
TEL-699e26227ee2,CTRL-FW,AST-00089,2026-07-29T23:23:38.249549,100,77.6,HEALTHY,449,cloud_api,DEGRADED,2026-07-26T14:23:38.249549,CURRENT
TEL-f3b7cd836b89,CTRL-FW,AST-00169,2026-05-14T14:23:38.249549,62.7,43.1,HEALTHY,279,cloud_api,GOOD,2026-05-14T14:23:38.249549,BASELINE
TEL-205c0e58c7c7,CTRL-FW,AST-00169,2026-07-29T16:23:38.249549,98.4,61.9,HEALTHY,119,cloud_api,DEGRADED,2026-07-29T16:23:38.249549,CURRENT
TEL-782fcdab0fe4,CTRL-FW,AST-00115,2026-05-14T14:23:38.249549,51.9,47.3,FAILED,209,agent,GOOD,2026-05-14T14:23:38.249549,BASELINE
TEL-9e292db70007,CTRL-FW,AST-00115,2026-08-06T17:23:38.249549,87.5,64.6,HEALTHY,252,syslog,GOOD,2026-08-06T17:23:38.249549,CURRENT
TEL-3f466956ab0a,CTRL-FW,AST-00143,2026-05-13T14:23:38.249549,66.6,60.4,HEALTHY,480,cloud_api,GOOD,2026-05-13T14:23:38.249549,BASELINE
TEL-701423e3bf49,CTRL-FW,AST-00143,2026-08-03T12:23:38.249549,92.3,95.3,HEALTHY,405,agent,GOOD,2026-08-03T12:23:38.249549,CURRENT
TEL-da35d349afb9,CTRL-FW,AST-00196,2026-05-11T14:23:38.249549,45.1,42.5,HEALTHY,81,agent,BAD,2026-05-11T14:23:38.249549,BASELINE
TEL-2aa257773413,CTRL-FW,AST-00196,2026-08-06T05:23:38.249549,73.6,74.3,HEALTHY,171,syslog,BAD,2026-08-06T05:23:38.249549,CURRENT
TEL-df945d248f2b,CTRL-FW,AST-00047,2026-05-10T14:23:38.249549,73.1,52.1,DEGRADED,37,syslog,GOOD,2026-05-10T14:23:38.249549,BASELINE
TEL-78ca88fabb02,CTRL-FW,AST-00047,2026-08-03T01:23:38.249549,100,70.2,HEALTHY,488,agent,GOOD,2026-08-03T01:23:38.249549,CURRENT
TEL-e52eef1e8829,CTRL-FW,AST-00092,2026-05-14T14:23:38.249549,61.0,47.1,DEGRADED,487,agent,GOOD,2026-05-14T14:23:38.249549,BASELINE
TEL-03f014417a8a,CTRL-FW,AST-00092,2026-08-05T13:23:38.249549,93.1,74.5,HEALTHY,487,syslog,GOOD,2026-08-05T13:23:38.249549,CURRENT
TEL-2416e4a58416,CTRL-FW,AST-00142,2026-05-15T14:23:38.249549,51.9,53.0,FAILED,331,agent,GOOD,2026-05-15T14:23:38.249549,BASELINE
TEL-d754dd2a42cb,CTRL-FW,AST-00142,2026-08-01T05:23:38.249549,87.9,82.4,HEALTHY,283,syslog,GOOD,2026-08-01T05:23:38.249549,CURRENT
TEL-73458a941e21,CTRL-FW,AST-00071,2026-05-10T14:23:38.249549,47.5,58.8,HEALTHY,472,agent,GOOD,2026-05-10T14:23:38.249549,BASELINE
TEL-12e2ef3b13c5,CTRL-FW,AST-00071,2026-08-01T05:23:38.249549,71.2,83.9,HEALTHY,276,syslog,GOOD,2026-08-01T05:23:38.249549,CURRENT
TEL-a148ff20358a,CTRL-FW,AST-00042,2026-05-14T14:23:38.249549,73.0,51.4,HEALTHY,236,cloud_api,GOOD,2026-05-14T14:23:38.249549,BASELINE
TEL-650598d00044,CTRL-FW,AST-00042,2026-08-07T22:23:38.249549,99.3,68.0,DEGRADED,294,cloud_api,GOOD,2026-08-07T22:23:38.249549,CURRENT
TEL-012c9df7c206,CTRL-FW,AST-00027,2026-05-14T14:23:38.249549,66.6,65.0,HEALTHY,404,syslog,GOOD,2026-05-14T14:23:38.249549,BASELINE
TEL-dac475a4e397,CTRL-FW,AST-00027,2026-08-06T12:23:38.249549,85.4,86.4,HEALTHY,320,agent,GOOD,2026-07-11T14:23:38.249549,CURRENT
TEL-69d721eadbfa,CTRL-FW,AST-00060,2026-05-13T14:23:38.249549,65.9,59.9,HEALTHY,233,syslog,GOOD,2026-05-13T14:23:38.249549,BASELINE
TEL-cae65830b6f8,CTRL-FW,AST-00060,2026-08-04T13:23:38.249549,100,92.3,DEGRADED,90,syslog,GOOD,2026-08-04T13:23:38.249549,CURRENT
TEL-08c6ff7dc9d9,CTRL-FW,AST-00075,2026-05-14T14:23:38.249549,56.2,68.0,HEALTHY,417,syslog,GOOD,2026-05-14T14:23:38.249549,BASELINE
TEL-ad58b59a9c3d,CTRL-FW,AST-00075,2026-08-04T10:23:38.249549,77.5,90.9,HEALTHY,272,syslog,GOOD,2026-08-04T10:23:38.249549,CURRENT
TEL-2cf2548d3362,CTRL-FW,AST-00124,2026-05-11T14:23:38.249549,53.1,66.0,DEGRADED,478,agent,GOOD,2026-05-11T14:23:38.249549,BASELINE
TEL-e725c599b372,CTRL-FW,AST-00124,2026-08-02T19:23:38.249549,77.9,98.3,HEALTHY,167,agent,GOOD,2026-08-02T19:23:38.249549,CURRENT
TEL-0834ffb30461,CTRL-FW,AST-00023,2026-05-12T14:23:38.249549,55.1,54.5,HEALTHY,206,syslog,GOOD,2026-05-12T14:23:38.249549,BASELINE
TEL-de9886d8cc8f,CTRL-FW,AST-00023,2026-08-04T11:23:38.249549,94.9,87.8,HEALTHY,351,cloud_api,GOOD,2026-08-04T11:23:38.249549,CURRENT
TEL-d9e616a9e0ac,CTRL-FW,AST-00206,2026-05-12T14:23:38.249549,2025-11-01T14:23:38.249549,43.2,HEALTHY,489,cloud_api,DEGRADED,2026-05-12T14:23:38.249549,BASELINE
TEL-3bc9e5cdb131,CTRL-FW,AST-00206,2026-08-04T17:23:38.249549,100,72.4,HEALTHY,395,syslog,GOOD,2026-07-21T14:23:38.249549,CURRENT
TEL-7c90dba813fc,CTRL-FW,AST-00173,2026-05-15T14:23:38.249549,52.9,49.2,HEALTHY,474,agent,DEGRADED,2026-05-15T14:23:38.249549,BASELINE
TEL-f34b2be46830,CTRL-FW,AST-00173,2026-07-30T02:23:38.249549,68.0,76.7,HEALTHY,426,syslog,GOOD,2026-07-30T02:23:38.249549,CURRENT
TEL-6e7b7c25f6ae,CTRL-FW,AST-00082,2026-05-13T14:23:38.249549,52.1,42.6,HEALTHY,55,cloud_api,GOOD,2026-05-13T14:23:38.249549,BASELINE
TEL-dce9cdef990c,CTRL-FW,AST-00082,2026-08-05T08:23:38.249549,86.9,64.9,HEALTHY,317,agent,GOOD,2026-08-05T08:23:38.249549,CURRENT
TEL-b7e41421b13e,CTRL-FW,AST-00032,2026-05-13T14:23:38.249549,59.3,55.7,HEALTHY,491,syslog,GOOD,2026-05-13T14:23:38.249549,BASELINE
TEL-b4851f69866d,CTRL-FW,AST-00032,2026-08-03T20:23:38.249549,95.4,75.5,HEALTHY,55,cloud_api,DEGRADED,2026-08-03T20:23:38.249549,CURRENT
TEL-d4b263354f12,CTRL-FW,AST-00098,2026-05-14T14:23:38.249549,68.8,50.6,HEALTHY,302,syslog,GOOD,2026-05-14T14:23:38.249549,BASELINE
TEL-75c3c6b0db48,CTRL-FW,AST-00098,2026-08-02T23:23:38.249549,84.7,74.7,HEALTHY,244,agent,GOOD,2026-08-02T23:23:38.249549,CURRENT
TEL-15f53596ae87,CTRL-FW,AST-00162,2026-05-12T14:23:38.249549,48.9,55.8,HEALTHY,169,syslog,GOOD,2026-05-12T14:23:38.249549,BASELINE
TEL-f99762543389,CTRL-FW,AST-00162,2026-08-04T08:23:38.249549,85.0,87.9,HEALTHY,166,syslog,GOOD,2026-08-04T08:23:38.249549,CURRENT
TEL-9ef1316ff965,CTRL-FW,AST-00091,2026-05-11T14:23:38.249549,68.8,53.3,HEALTHY,172,syslog,DEGRADED,2026-05-11T14:23:38.249549,BASELINE
TEL-74ecc664fc38,CTRL-FW,AST-00091,2026-08-07T03:23:38.249549,95.0,74.2,HEALTHY,216,cloud_api,GOOD,2026-08-07T03:23:38.249549,CURRENT
TEL-88ebe54b3609,CTRL-FW,AST-00044,2026-05-11T14:23:38.249549,54.5,58.4,DEGRADED,495,agent,GOOD,2026-05-11T14:23:38.249549,BASELINE
TEL-bc068b89ca47,CTRL-FW,AST-00044,2026-08-05T09:23:38.249549,87.3,77.0,HEALTHY,435,agent,DEGRADED,2026-08-05T09:23:38.249549,CURRENT
TEL-47ffea22f0cf,CTRL-FW,AST-00217,2026-05-15T14:23:38.249549,46.3,51.2,FAILED,67,syslog,DEGRADED,2026-05-15T14:23:38.249549,BASELINE
TEL-6d66161a6cc8,CTRL-FW,AST-00217,2026-07-30T06:23:38.249549,81.3,70.8,HEALTHY,444,cloud_api,GOOD,2026-07-30T06:23:38.249549,CURRENT
TEL-d9f5437afd4b,CTRL-FW,AST-00135,2026-05-15T14:23:38.249549,45.2,41.0,HEALTHY,51,cloud_api,GOOD,2026-05-15T14:23:38.249549,BASELINE
TEL-cb5ff10e59ec,CTRL-FW,AST-00135,2026-08-04T02:23:38.249549,68.7,60.1,HEALTHY,300,syslog,BAD,2026-08-04T02:23:38.249549,CURRENT
TEL-dd7d69f3aa3a,CTRL-FW,AST-00215,2026-05-11T14:23:38.249549,59.7,65.5,HEALTHY,225,syslog,DEGRADED,2026-05-11T14:23:38.249549,BASELINE
TEL-801c050f2cd3,CTRL-FW,AST-00215,2026-08-04T02:23:38.249549,87.2,100,HEALTHY,187,syslog,BAD,2026-08-04T02:23:38.249549,CURRENT
TEL-71abbd79ac7f,CTRL-FW,AST-00048,2026-05-10T14:23:38.249549,66.1,48.6,DEGRADED,362,syslog,GOOD,2026-05-10T14:23:38.249549,BASELINE
TEL-29f3f77a0e84,CTRL-FW,AST-00048,2026-08-03T00:23:38.249549,100,82.6,DEGRADED,64,agent,GOOD,2026-08-03T00:23:38.249549,CURRENT
TEL-6343443d94da,CTRL-FW,AST-00129,2026-05-10T14:23:38.249549,71.4,58.8,DEGRADED,266,agent,GOOD,2026-05-10T14:23:38.249549,BASELINE
TEL-e85029e3f855,CTRL-FW,AST-00129,2026-08-04T14:23:38.249549,100,86.3,HEALTHY,176,agent,GOOD,2026-08-04T14:23:38.249549,CURRENT
TEL-db4020295c6d,CTRL-FW,AST-00051,2026-05-11T14:23:38.249549,68.0,61.2,HEALTHY,237,cloud_api,GOOD,2026-05-11T14:23:38.249549,BASELINE
TEL-2d7545e06abd,CTRL-FW,AST-00051,2026-07-31T05:23:38.249549,93.1,89.5,HEALTHY,69,cloud_api,GOOD,2026-07-31T05:23:38.249549,CURRENT
TEL-8c694bb28b7b,CTRL-FW,AST-00175,2026-05-15T14:23:38.249549,62.1,44.3,DEGRADED,283,agent,GOOD,2026-05-15T14:23:38.249549,BASELINE
TEL-f4142c919402,CTRL-FW,AST-00175,2026-07-31T17:23:38.249549,78.0,61.1,HEALTHY,225,agent,GOOD,2026-07-31T17:23:38.249549,CURRENT
TEL-23f33bfa8405,CTRL-FW,AST-00035,2026-05-15T14:23:38.249549,50.3,46.5,HEALTHY,298,agent,DEGRADED,2026-05-15T14:23:38.249549,BASELINE
TEL-c8e7fe317f48,CTRL-FW,AST-00035,2026-07-31T20:23:38.249549,76.7,70.3,HEALTHY,295,syslog,DEGRADED,2026-07-31T20:23:38.249549,CURRENT
TEL-ba1dca0df619,CTRL-FW,AST-00073,2026-05-13T14:23:38.249549,51.4,45.1,DEGRADED,38,syslog,GOOD,2026-05-13T14:23:38.249549,BASELINE
TEL-6b33a3e5bf0c,CTRL-FW,AST-00073,2026-07-31T02:23:38.249549,76.7,62.2,DEGRADED,166,syslog,GOOD,2026-07-31T02:23:38.249549,CURRENT
TEL-b80935ba159f,CTRL-FW,AST-00180,2026-05-12T14:23:38.249549,73.9,65.7,HEALTHY,62,cloud_api,GOOD,2026-05-12T14:23:38.249549,BASELINE
TEL-9a86a8a272b2,CTRL-FW,AST-00180,2026-08-02T16:23:38.249549,100,91.5,HEALTHY,82,cloud_api,GOOD,2026-08-02T16:23:38.249549,CURRENT
TEL-0832440c0591,CTRL-FW,AST-00159,2026-05-13T14:23:38.249549,73.3,47.8,HEALTHY,457,cloud_api,GOOD,2026-05-13T14:23:38.249549,BASELINE
TEL-396a71ccbeba,CTRL-FW,AST-00159,2026-08-02T02:23:38.249549,100,67.9,HEALTHY,292,agent,GOOD,2026-08-02T02:23:38.249549,CURRENT
TEL-a07960fbcf8a,CTRL-FW,AST-00117,2026-05-14T14:23:38.249549,49.9,60.0,HEALTHY,251,syslog,DEGRADED,2026-05-14T14:23:38.249549,BASELINE
TEL-33bfd51f5bb7,CTRL-FW,AST-00117,2026-07-29T21:23:38.249549,73.1,86.9,HEALTHY,468,syslog,GOOD,2026-07-29T21:23:38.249549,CURRENT
TEL-a04915066d81,CTRL-FW,AST-00218,2026-05-12T14:23:38.249549,49.5,62.6,HEALTHY,27,syslog,GOOD,2026-05-12T14:23:38.249549,BASELINE
TEL-e899c3c4bfc8,CTRL-FW,AST-00218,2026-08-04T09:23:38.249549,,79.6,HEALTHY,310,syslog,DEGRADED,2026-08-04T09:23:38.249549,CURRENT
TEL-99ccc3ff3b0d,CTRL-FW,AST-00190,2026-05-11T14:23:38.249549,60.6,57.1,HEALTHY,190,syslog,GOOD,2026-05-11T14:23:38.249549,BASELINE
TEL-9ec0c1c45a1e,CTRL-FW,AST-00190,2026-08-01T05:23:38.249549,88.2,79.1,HEALTHY,31,agent,GOOD,2026-08-01T05:23:38.249549,CURRENT
TEL-04e44f96efa8,CTRL-FW,AST-00010,2026-05-14T14:23:38.249549,53.3,67.7,HEALTHY,235,agent,GOOD,2026-05-14T14:23:38.249549,BASELINE
TEL-757ef3370ba2,CTRL-FW,AST-00010,2026-07-30T12:23:38.249549,75.9,95.6,DEGRADED,292,agent,GOOD,2026-07-30T12:23:38.249549,CURRENT
TEL-45c18f7e1652,CTRL-FW,AST-00184,2026-05-14T14:23:38.249549,49.5,63.4,HEALTHY,155,agent,GOOD,2026-05-14T14:23:38.249549,BASELINE
TEL-98312ff089a6,CTRL-FW,AST-00184,2026-07-31T15:23:38.249549,78.9,93.0,HEALTHY,313,agent,DEGRADED,2026-07-31T15:23:38.249549,CURRENT
TEL-8aa3043df3a8,CTRL-FW,AST-00210,2026-05-13T14:23:38.249549,62.3,42.5,HEALTHY,203,agent,GOOD,2026-05-13T14:23:38.249549,BASELINE
TEL-c1912e5affb7,CTRL-FW,AST-00210,2026-08-07T15:23:38.249549,100,71.2,HEALTHY,443,syslog,DEGRADED,2026-08-07T15:23:38.249549,CURRENT
TEL-e5abe2d49d66,CTRL-FW,AST-00130,2026-05-10T14:23:38.249549,73.8,62.6,HEALTHY,59,agent,GOOD,2026-05-10T14:23:38.249549,BASELINE
TEL-043419da0f0c,CTRL-FW,AST-00130,2026-08-02T03:23:38.249549,99.1,80.4,HEALTHY,316,syslog,GOOD,2026-08-02T03:23:38.249549,CURRENT
TEL-bc8361e02245,CTRL-FW,AST-00080,2026-05-13T14:23:38.249549,49.1,62.3,DEGRADED,382,syslog,GOOD,2026-05-13T14:23:38.249549,BASELINE
TEL-18cc995c84fb,CTRL-FW,AST-00080,2026-07-29T16:23:38.249549,72.7,87.9,HEALTHY,106,syslog,GOOD,2026-07-29T16:23:38.249549,CURRENT
TEL-43418dbb5127,CTRL-FW,AST-00001,2026-05-14T14:23:38.249549,50.4,60.0,HEALTHY,90,agent,GOOD,2026-05-14T14:23:38.249549,BASELINE
TEL-d49b60bab888,CTRL-FW,AST-00001,2026-08-07T12:23:38.249549,2025-07-25T14:23:38.249549,81.0,HEALTHY,472,cloud_api,DEGRADED,2026-08-07T12:23:38.249549,CURRENT
TEL-1f68fe0e35c0,CTRL-FW,AST-00009,2026-05-13T14:23:38.249549,2026-04-01T14:23:38.249549,44.0,HEALTHY,187,cloud_api,GOOD,2026-05-13T14:23:38.249549,BASELINE
TEL-33f478b8ddb4,CTRL-FW,AST-00009,2026-08-07T06:23:38.249549,85.5,71.0,HEALTHY,335,agent,GOOD,2026-08-07T06:23:38.249549,CURRENT
TEL-c22b88819dbd,CTRL-FW,AST-00150,2026-05-15T14:23:38.249549,51.4,57.9,HEALTHY,49,agent,DEGRADED,2026-05-15T14:23:38.249549,BASELINE
TEL-c38bdd3877ee,CTRL-FW,AST-00150,2026-08-02T09:23:38.249549,83.1,75.5,HEALTHY,183,syslog,GOOD,2026-08-02T09:23:38.249549,CURRENT
TEL-f0ca7c398447,CTRL-FW,AST-00052,2026-05-10T14:23:38.249549,56.0,67.7,DEGRADED,398,agent,GOOD,2026-05-10T14:23:38.249549,BASELINE
TEL-c031edd8edcd,CTRL-FW,AST-00052,2026-08-05T20:23:38.249549,78.7,87.0,HEALTHY,185,syslog,GOOD,2026-08-05T20:23:38.249549,CURRENT
TEL-9cb6d2c76521,CTRL-FW,AST-00097,2026-05-10T14:23:38.249549,51.9,41.8,FAILED,220,cloud_api,DEGRADED,2026-05-10T14:23:38.249549,BASELINE
TEL-e96607874fc4,CTRL-FW,AST-00097,2026-08-03T21:23:38.249549,,68.8,DEGRADED,271,syslog,DEGRADED,2026-08-03T21:23:38.249549,CURRENT
TEL-b9ae1817cf94,CTRL-FW,AST-00140,2026-05-15T14:23:38.249549,48.2,68.6,HEALTHY,363,cloud_api,GOOD,2026-05-15T14:23:38.249549,BASELINE
TEL-bc16e25f987c,CTRL-FW,AST-00140,2026-08-01T21:23:38.249549,,86.8,DEGRADED,207,cloud_api,GOOD,2026-08-01T21:23:38.249549,CURRENT
TEL-2135444978fd,CTRL-FW,AST-00113,2026-05-14T14:23:38.249549,68.1,52.7,HEALTHY,398,cloud_api,GOOD,2026-05-14T14:23:38.249549,BASELINE
TEL-7243c95294c6,CTRL-FW,AST-00113,2026-08-07T22:23:38.249549,94.3,83.4,HEALTHY,245,agent,GOOD,2026-08-07T22:23:38.249549,CURRENT
TEL-514d182bb70d,CTRL-FW,AST-00141,2026-05-10T14:23:38.249549,69.3,40.1,HEALTHY,62,agent,GOOD,2026-05-10T14:23:38.249549,BASELINE
TEL-df52da4cbbd5,CTRL-FW,AST-00141,2026-07-31T10:23:38.249549,95.8,56.0,HEALTHY,117,agent,GOOD,2026-07-31T10:23:38.249549,CURRENT
TEL-fda3f97df9c7,CTRL-FW,AST-00030,2026-05-10T14:23:38.249549,,54.7,DEGRADED,343,cloud_api,GOOD,2026-05-10T14:23:38.249549,BASELINE
TEL-62d0d1668680,CTRL-FW,AST-00030,2026-08-02T19:23:38.249549,91.9,78.1,FAILED,360,agent,GOOD,2026-07-28T14:23:38.249549,CURRENT
TEL-a984d5b01ec2,CTRL-FW,AST-00149,2026-05-13T14:23:38.249549,50.9,53.6,HEALTHY,24,cloud_api,GOOD,2026-05-13T14:23:38.249549,BASELINE
TEL-ed105b282c3a,CTRL-FW,AST-00149,2026-08-01T00:23:38.249549,66.9,73.5,HEALTHY,410,cloud_api,GOOD,2026-08-01T00:23:38.249549,CURRENT
TEL-6c194576af11,CTRL-FW,AST-00201,2026-05-14T14:23:38.249549,66.1,57.0,HEALTHY,218,syslog,GOOD,2026-05-14T14:23:38.249549,BASELINE
TEL-d974a95db526,CTRL-FW,AST-00201,2026-07-30T10:23:38.249549,81.7,75.6,HEALTHY,170,agent,BAD,2026-07-28T14:23:38.249549,CURRENT
TEL-f6540412236d,CTRL-FW,AST-00122,2026-05-13T14:23:38.249549,69.1,58.2,HEALTHY,201,cloud_api,GOOD,2026-05-13T14:23:38.249549,BASELINE
TEL-1a84a53875c5,CTRL-FW,AST-00122,2026-07-29T18:23:38.249549,100,76.3,HEALTHY,425,agent,GOOD,2026-07-29T18:23:38.249549,CURRENT
TEL-8c6dfb51668d,CTRL-FW,AST-00176,2026-05-13T14:23:38.249549,59.3,69.4,HEALTHY,301,agent,GOOD,2026-05-13T14:23:38.249549,BASELINE
TEL-b4581bf86093,CTRL-FW,AST-00176,2026-08-07T13:23:38.249549,75.1,92.5,HEALTHY,341,cloud_api,GOOD,2026-08-07T13:23:38.249549,CURRENT
TEL-0fbb3b408c40,CTRL-FW,AST-00112,2026-05-14T14:23:38.249549,52.6,59.7,HEALTHY,366,syslog,GOOD,2026-05-14T14:23:38.249549,BASELINE
TEL-08fdfa3daddb,CTRL-FW,AST-00112,2026-07-31T10:23:38.249549,68.1,86.4,HEALTHY,1,cloud_api,GOOD,2026-07-31T10:23:38.249549,CURRENT
TEL-38de0ad525e8,CTRL-FW,AST-00037,2026-05-14T14:23:38.249549,74.9,63.5,DEGRADED,152,syslog,GOOD,2026-05-14T14:23:38.249549,BASELINE
TEL-3e8c593ed59d,CTRL-FW,AST-00037,2026-08-02T03:23:38.249549,91.6,79.4,HEALTHY,310,syslog,BAD,2026-08-02T03:23:38.249549,CURRENT
TEL-6116c081b728,CTRL-FW,AST-00108,2026-05-15T14:23:38.249549,64.2,46.0,HEALTHY,284,syslog,GOOD,2026-05-15T14:23:38.249549,BASELINE
TEL-04d18cd18551,CTRL-FW,AST-00108,2026-08-07T08:23:38.249549,95.4,72.8,HEALTHY,110,cloud_api,GOOD,2026-08-07T08:23:38.249549,CURRENT
TEL-c011eaff058f,CTRL-FW,AST-00013,2026-05-11T14:23:38.249549,46.5,48.0,HEALTHY,377,syslog,DEGRADED,2026-05-11T14:23:38.249549,BASELINE
TEL-d6d5af5a731b,CTRL-FW,AST-00013,2026-07-31T11:23:38.249549,73.5,67.7,HEALTHY,466,agent,BAD,2026-07-31T11:23:38.249549,CURRENT
TEL-675407ea93d1,CTRL-FW,AST-00054,2026-05-11T14:23:38.249549,58.4,61.3,FAILED,338,agent,GOOD,2026-05-11T14:23:38.249549,BASELINE
TEL-5c4037e3281f,CTRL-FW,AST-00054,2026-07-30T04:23:38.249549,73.7,94.6,DEGRADED,276,agent,GOOD,2026-07-30T04:23:38.249549,CURRENT
TEL-87b02c7a5014,CTRL-FW,AST-00004,2026-05-15T14:23:38.249549,57.3,59.8,HEALTHY,435,syslog,DEGRADED,2026-05-15T14:23:38.249549,BASELINE
TEL-755c25866692,CTRL-FW,AST-00004,2026-07-31T01:23:38.249549,93.3,88.0,HEALTHY,384,syslog,GOOD,2026-07-31T01:23:38.249549,CURRENT
TEL-b9789bac3b44,CTRL-FW,AST-00028,2026-05-11T14:23:38.249549,62.9,63.4,FAILED,492,agent,GOOD,2026-05-11T14:23:38.249549,BASELINE
TEL-20eb28a8f976,CTRL-FW,AST-00028,2026-07-30T01:23:38.249549,100.0,87.4,FAILED,475,syslog,GOOD,2026-07-30T01:23:38.249549,CURRENT
TEL-5eece0d64d27,CTRL-FW,AST-00183,2026-05-12T14:23:38.249549,69.5,69.1,HEALTHY,61,cloud_api,DEGRADED,2026-05-12T14:23:38.249549,BASELINE
TEL-24df22f40303,CTRL-FW,AST-00183,2026-08-05T09:23:38.249549,100,100,HEALTHY,119,syslog,BAD,2026-08-05T09:23:38.249549,CURRENT
TEL-21dcf6ce3ee2,CTRL-FW,AST-00076,2026-05-10T14:23:38.249549,2026-06-16T14:23:38.249549,68.0,HEALTHY,163,cloud_api,GOOD,2026-05-10T14:23:38.249549,BASELINE
TEL-860766f9dd31,CTRL-FW,AST-00076,2026-07-30T23:23:38.249549,98.5,93.8,HEALTHY,288,agent,GOOD,2026-07-30T23:23:38.249549,CURRENT
TEL-cdef14d7c2bd,CTRL-FW,AST-00039,2026-05-14T14:23:38.249549,57.1,60.0,DEGRADED,138,agent,GOOD,2026-05-14T14:23:38.249549,BASELINE
TEL-938665357f56,CTRL-FW,AST-00039,2026-07-30T02:23:38.249549,91.2,93.7,HEALTHY,371,cloud_api,GOOD,2026-07-30T02:23:38.249549,CURRENT
TEL-959ae894eeb7,CTRL-FW,AST-00007,2026-05-12T14:23:38.249549,75.0,54.3,HEALTHY,60,cloud_api,DEGRADED,2026-05-12T14:23:38.249549,BASELINE
TEL-57c06e175c9e,CTRL-FW,AST-00007,2026-08-08T03:23:38.249549,100,82.0,HEALTHY,218,agent,GOOD,2026-08-08T03:23:38.249549,CURRENT
TEL-eb99b082dfe3,CTRL-FW,AST-00031,2026-05-15T14:23:38.249549,61.6,54.6,HEALTHY,193,cloud_api,GOOD,2026-05-15T14:23:38.249549,BASELINE
TEL-98f2a08d708e,CTRL-FW,AST-00031,2026-08-02T17:23:38.249549,82.8,83.1,DEGRADED,337,syslog,GOOD,2026-08-02T17:23:38.249549,CURRENT
TEL-85b84b47ba27,CTRL-FW,AST-00110,2026-05-15T14:23:38.249549,50.5,66.5,HEALTHY,196,syslog,GOOD,2026-05-15T14:23:38.249549,BASELINE
TEL-170c353efec6,CTRL-FW,AST-00110,2026-08-01T19:23:38.249549,81.5,100,HEALTHY,231,syslog,GOOD,2026-08-01T19:23:38.249549,CURRENT
TEL-8add30ac1218,CTRL-FW,AST-00157,2026-05-11T14:23:38.249549,46.9,56.8,HEALTHY,389,agent,GOOD,2026-05-11T14:23:38.249549,BASELINE
TEL-37ae11a314ad,CTRL-FW,AST-00157,2026-08-06T22:23:38.249549,62.2,73.9,HEALTHY,257,syslog,DEGRADED,2026-08-06T22:23:38.249549,CURRENT
TEL-db59c8e293b8,CTRL-FW,AST-00021,2026-05-11T14:23:38.249549,-68.4,52.0,HEALTHY,245,agent,BAD,2026-05-11T14:23:38.249549,BASELINE
TEL-c056ef96aa43,CTRL-FW,AST-00021,2026-08-02T01:23:38.249549,90.0,80.9,HEALTHY,217,agent,GOOD,2026-08-02T01:23:38.249549,CURRENT
TEL-a45f036fab44,CTRL-FW,AST-00174,2026-05-14T14:23:38.249549,46.9,46.4,HEALTHY,183,syslog,GOOD,2026-05-14T14:23:38.249549,BASELINE
TEL-1b6b695b9ead,CTRL-FW,AST-00174,2026-07-30T01:23:38.249549,69.4,78.0,FAILED,447,agent,GOOD,2026-07-30T01:23:38.249549,CURRENT
TEL-7398b13e289e,CTRL-FW,AST-00139,2026-05-12T14:23:38.249549,48.2,61.6,HEALTHY,130,cloud_api,GOOD,2026-05-12T14:23:38.249549,BASELINE
TEL-57e65799c204,CTRL-FW,AST-00139,2026-08-06T15:23:38.249549,68.6,94.5,DEGRADED,11,agent,GOOD,2026-08-06T15:23:38.249549,CURRENT
TEL-7d2037351ad6,CTRL-FW,AST-00012,2026-05-14T14:23:38.249549,73.7,54.9,HEALTHY,446,agent,GOOD,2026-05-14T14:23:38.249549,BASELINE
TEL-1c0bf3ee05d0,CTRL-FW,AST-00012,2026-08-07T14:23:38.249549,100,75.1,HEALTHY,432,agent,GOOD,2026-08-07T14:23:38.249549,CURRENT
TEL-03d04efaec9f,CTRL-FW,AST-00056,2026-05-14T14:23:38.249549,67.2,67.9,HEALTHY,293,syslog,GOOD,2026-05-14T14:23:38.249549,BASELINE
TEL-b8e0ba9849cf,CTRL-FW,AST-00056,2026-08-07T06:23:38.249549,100,84.2,HEALTHY,443,cloud_api,GOOD,2026-08-07T06:23:38.249549,CURRENT
TEL-01096bf392cb,CTRL-FW,AST-00205,2026-05-14T14:23:38.249549,61.5,42.4,HEALTHY,429,cloud_api,GOOD,2026-05-14T14:23:38.249549,BASELINE
TEL-5731cf9a3148,CTRL-FW,AST-00205,2026-07-30T13:23:38.249549,79.0,62.8,DEGRADED,279,cloud_api,GOOD,2026-07-30T13:23:38.249549,CURRENT
TEL-14bf5430429c,CTRL-BACKUP,AST-00207,2026-05-14T14:23:38.249549,66.3,51.2,HEALTHY,264,syslog,GOOD,2026-05-14T14:23:38.249549,BASELINE
TEL-73ab33231268,CTRL-BACKUP,AST-00207,2026-07-30T22:23:38.249549,2026-07-02T14:23:38.249549,85.6,HEALTHY,202,cloud_api,GOOD,2026-07-30T22:23:38.249549,CURRENT
TEL-584c64129702,CTRL-BACKUP,AST-00064,2026-05-14T14:23:38.249549,74.7,66.2,HEALTHY,402,agent,DEGRADED,2026-05-14T14:23:38.249549,BASELINE
TEL-60b242f64891,CTRL-BACKUP,AST-00064,2026-07-30T05:23:38.249549,92.9,84.7,HEALTHY,405,cloud_api,DEGRADED,2026-07-30T05:23:38.249549,CURRENT
TEL-a26dfc155d43,CTRL-BACKUP,AST-00179,2026-05-11T14:23:38.249549,64.2,44.4,HEALTHY,376,cloud_api,GOOD,2026-05-11T14:23:38.249549,BASELINE
TEL-c7edc190fe56,CTRL-BACKUP,AST-00179,2026-08-08T01:23:38.249549,89.8,61.6,HEALTHY,443,syslog,GOOD,2026-08-08T01:23:38.249549,CURRENT
TEL-2c5d76fab250,CTRL-BACKUP,AST-00149,2026-05-12T14:23:38.249549,61.6,59.1,HEALTHY,343,syslog,GOOD,2026-05-12T14:23:38.249549,BASELINE
TEL-edefea919cfd,CTRL-BACKUP,AST-00149,2026-08-03T03:23:38.249549,100,81.4,HEALTHY,408,cloud_api,GOOD,2026-08-03T03:23:38.249549,CURRENT
TEL-28560b07afb6,CTRL-BACKUP,AST-00102,2026-05-15T14:23:38.249549,65.3,49.2,HEALTHY,100,agent,GOOD,2026-05-15T14:23:38.249549,BASELINE
TEL-1c0248b90424,CTRL-BACKUP,AST-00102,2026-08-03T15:23:38.249549,91.0,71.5,HEALTHY,229,cloud_api,GOOD,2026-08-03T15:23:38.249549,CURRENT
TEL-830fdfc3ab26,CTRL-BACKUP,AST-00218,2026-05-14T14:23:38.249549,63.4,69.3,HEALTHY,224,cloud_api,GOOD,2026-05-14T14:23:38.249549,BASELINE
TEL-40e062ec5c21,CTRL-BACKUP,AST-00218,2026-07-31T19:23:38.249549,96.9,98.0,HEALTHY,380,agent,GOOD,2026-07-31T19:23:38.249549,CURRENT
TEL-3a08254abda9,CTRL-BACKUP,AST-00159,2026-05-11T14:23:38.249549,45.9,56.7,HEALTHY,365,agent,GOOD,2026-05-11T14:23:38.249549,BASELINE
TEL-ceed8ad7a295,CTRL-BACKUP,AST-00159,2026-07-30T21:23:38.249549,82.6,79.2,HEALTHY,198,agent,GOOD,2026-07-30T21:23:38.249549,CURRENT
TEL-c01cf36b48ff,CTRL-BACKUP,AST-00141,2026-05-11T14:23:38.249549,52.6,45.8,HEALTHY,74,cloud_api,GOOD,2026-05-11T14:23:38.249549,BASELINE
TEL-986a3c39e1a0,CTRL-BACKUP,AST-00141,2026-08-05T03:23:38.249549,85.5,68.6,DEGRADED,6,agent,DEGRADED,2026-08-05T03:23:38.249549,CURRENT
TEL-b47f901c27d7,CTRL-BACKUP,AST-00113,2026-05-15T14:23:38.249549,70.9,62.2,HEALTHY,146,syslog,DEGRADED,2026-05-15T14:23:38.249549,BASELINE
TEL-ce151c94579c,CTRL-BACKUP,AST-00113,2026-07-30T07:23:38.249549,100,87.5,HEALTHY,130,cloud_api,DEGRADED,2026-07-30T07:23:38.249549,CURRENT
TEL-751923aa6ea0,CTRL-BACKUP,AST-00080,2026-05-11T14:23:38.249549,73.7,52.8,HEALTHY,33,cloud_api,GOOD,2026-05-11T14:23:38.249549,BASELINE
TEL-2bfa7f25fcf3,CTRL-BACKUP,AST-00080,2026-07-30T21:23:38.249549,95.2,84.3,HEALTHY,7,syslog,GOOD,2026-07-30T21:23:38.249549,CURRENT
TEL-9acc049a800c,CTRL-BACKUP,AST-00130,2026-05-14T14:23:38.249549,67.7,60.1,HEALTHY,257,syslog,GOOD,2026-05-14T14:23:38.249549,BASELINE
TEL-261e6f0c7362,CTRL-BACKUP,AST-00130,2026-08-07T07:23:38.249549,100,79.9,DEGRADED,290,syslog,GOOD,2026-08-07T07:23:38.249549,CURRENT
TEL-c1d7255c04b8,CTRL-BACKUP,AST-00098,2026-05-15T14:23:38.249549,62.6,44.7,FAILED,161,cloud_api,GOOD,2026-05-15T14:23:38.249549,BASELINE
TEL-9d9d01403923,CTRL-BACKUP,AST-00098,2026-08-02T05:23:38.249549,90.5,77.4,HEALTHY,230,syslog,GOOD,2026-08-02T05:23:38.249549,CURRENT
TEL-3093f3b384dc,CTRL-BACKUP,AST-00146,2026-05-14T14:23:38.249549,56.3,42.7,HEALTHY,129,agent,GOOD,2026-05-14T14:23:38.249549,BASELINE
TEL-e24c5b5136ea,CTRL-BACKUP,AST-00146,2026-08-02T20:23:38.249549,72.2,72.3,HEALTHY,303,cloud_api,GOOD,2026-08-02T20:23:38.249549,CURRENT
TEL-2aacbdfc1573,CTRL-BACKUP,AST-00211,2026-05-15T14:23:38.249549,52.1,43.1,HEALTHY,471,agent,DEGRADED,2026-05-15T14:23:38.249549,BASELINE
TEL-d2acd5443260,CTRL-BACKUP,AST-00211,2026-08-01T14:23:38.249549,81.3,77.6,HEALTHY,263,agent,GOOD,2026-08-01T14:23:38.249549,CURRENT
TEL-e33a524ba706,CTRL-BACKUP,AST-00177,2026-05-10T14:23:38.249549,61.7,44.4,HEALTHY,1,agent,GOOD,2026-05-10T14:23:38.249549,BASELINE
TEL-94d89da4312b,CTRL-BACKUP,AST-00177,2026-08-08T11:23:38.249549,82.0,60.3,HEALTHY,23,agent,GOOD,2026-08-08T11:23:38.249549,CURRENT
TEL-a3543ea99520,CTRL-BACKUP,AST-00024,2026-05-13T14:23:38.249549,63.9,56.7,HEALTHY,42,cloud_api,GOOD,2026-05-13T14:23:38.249549,BASELINE
TEL-1d93087b1c56,CTRL-BACKUP,AST-00024,2026-07-31T23:23:38.249549,95.7,87.8,HEALTHY,370,agent,DEGRADED,2026-07-31T23:23:38.249549,CURRENT
TEL-849ca6ba23e3,CTRL-BACKUP,AST-00084,2026-05-14T14:23:38.249549,53.7,47.3,HEALTHY,141,cloud_api,GOOD,2026-05-14T14:23:38.249549,BASELINE
TEL-c181553af23e,CTRL-BACKUP,AST-00084,2026-08-03T04:23:38.249549,76.7,81.2,HEALTHY,161,cloud_api,GOOD,2026-08-03T04:23:38.249549,CURRENT
TEL-61046fde5213,CTRL-BACKUP,AST-00088,2026-05-10T14:23:38.249549,74.5,60.3,FAILED,234,cloud_api,DEGRADED,2026-05-10T14:23:38.249549,BASELINE
TEL-fc973647767d,CTRL-BACKUP,AST-00088,2026-08-06T12:23:38.249549,1097.4,77.2,HEALTHY,224,agent,GOOD,2026-08-06T12:23:38.249549,CURRENT
TEL-2ce50137e494,CTRL-BACKUP,AST-00151,2026-05-13T14:23:38.249549,72.1,53.0,HEALTHY,463,syslog,GOOD,2026-05-13T14:23:38.249549,BASELINE
TEL-b73ddf7008b4,CTRL-BACKUP,AST-00151,2026-08-04T02:23:38.249549,88.2,85.9,HEALTHY,360,agent,BAD,2026-08-04T02:23:38.249549,CURRENT
TEL-22e7e12b5561,CTRL-BACKUP,AST-00067,2026-05-14T14:23:38.249549,45.0,49.7,HEALTHY,267,syslog,GOOD,2026-05-14T14:23:38.249549,BASELINE
TEL-b971d367c32f,CTRL-BACKUP,AST-00067,2026-08-05T18:23:38.249549,71.2,72.7,HEALTHY,280,agent,GOOD,2026-08-05T18:23:38.249549,CURRENT
TEL-0fb95ef6de3a,CTRL-BACKUP,AST-00081,2026-05-11T14:23:38.249549,49.2,57.0,HEALTHY,270,agent,GOOD,2026-05-11T14:23:38.249549,BASELINE
TEL-597e6bc9de5b,CTRL-BACKUP,AST-00081,2026-08-04T11:23:38.249549,77.6,84.5,HEALTHY,60,cloud_api,GOOD,2026-08-04T11:23:38.249549,CURRENT
TEL-b8758ac88a72,CTRL-BACKUP,AST-00169,2026-05-10T14:23:38.249549,65.5,63.4,HEALTHY,185,cloud_api,GOOD,2026-05-10T14:23:38.249549,BASELINE
TEL-43736a114714,CTRL-BACKUP,AST-00169,2026-08-04T16:23:38.249549,96.5,79.9,HEALTHY,304,agent,GOOD,2026-08-04T16:23:38.249549,CURRENT
TEL-9d0b973d7d71,CTRL-BACKUP,AST-00013,2026-05-12T14:23:38.249549,73.3,66.4,HEALTHY,295,syslog,GOOD,2026-05-12T14:23:38.249549,BASELINE
TEL-6e3d71c1b8e2,CTRL-BACKUP,AST-00013,2026-08-03T18:23:38.249549,91.6,96.7,HEALTHY,2,syslog,GOOD,2026-07-29T14:23:38.249549,CURRENT
TEL-62b261f5ae36,CTRL-BACKUP,AST-00029,2026-05-12T14:23:38.249549,49.2,53.8,HEALTHY,361,agent,GOOD,2026-05-12T14:23:38.249549,BASELINE
TEL-721f6da7df47,CTRL-BACKUP,AST-00029,2026-08-07T08:23:38.249549,66.0,75.5,HEALTHY,401,agent,GOOD,2026-08-07T08:23:38.249549,CURRENT
TEL-b71f478b4c27,CTRL-BACKUP,AST-00032,2026-05-14T14:23:38.249549,65.2,56.5,DEGRADED,223,cloud_api,GOOD,2026-05-14T14:23:38.249549,BASELINE
TEL-dd253d45592b,CTRL-BACKUP,AST-00032,2026-08-01T00:23:38.249549,100,77.1,HEALTHY,300,agent,GOOD,2026-08-01T00:23:38.249549,CURRENT
TEL-fcb8c5ce90ee,CTRL-BACKUP,AST-00158,2026-05-15T14:23:38.249549,69.3,67.4,HEALTHY,421,syslog,GOOD,2026-05-15T14:23:38.249549,BASELINE
TEL-cadc9e585fd1,CTRL-BACKUP,AST-00158,2026-08-04T17:23:38.249549,100,87.7,DEGRADED,163,cloud_api,GOOD,2026-08-04T17:23:38.249549,CURRENT
TEL-bb8f37f37bc8,CTRL-BACKUP,AST-00035,2026-05-12T14:23:38.249549,48.8,44.2,HEALTHY,9,syslog,GOOD,2026-05-12T14:23:38.249549,BASELINE
TEL-5964eed1a3ff,CTRL-BACKUP,AST-00035,2026-08-03T07:23:38.249549,84.9,76.1,HEALTHY,175,cloud_api,GOOD,2026-08-03T07:23:38.249549,CURRENT
TEL-bcaaedb0a74e,CTRL-BACKUP,AST-00185,2026-05-13T14:23:38.249549,46.6,64.8,DEGRADED,312,cloud_api,DEGRADED,2026-05-13T14:23:38.249549,BASELINE
TEL-77e6dc0b0ec8,CTRL-BACKUP,AST-00185,2026-08-06T17:23:38.249549,65.9,85.4,HEALTHY,248,syslog,GOOD,2026-08-06T17:23:38.249549,CURRENT
TEL-05993fbb92f2,CTRL-BACKUP,AST-00154,2026-05-13T14:23:38.249549,72.4,44.8,FAILED,37,cloud_api,DEGRADED,2026-05-13T14:23:38.249549,BASELINE
TEL-e8c55b3b97c9,CTRL-BACKUP,AST-00154,2026-08-06T01:23:38.249549,100,65.1,HEALTHY,3,cloud_api,GOOD,2026-08-06T01:23:38.249549,CURRENT
TEL-155dd46d5e27,CTRL-BACKUP,AST-00174,2026-05-10T14:23:38.249549,68.6,59.2,HEALTHY,0,syslog,GOOD,2026-05-10T14:23:38.249549,BASELINE
TEL-a2eebbb8bfa9,CTRL-BACKUP,AST-00174,2026-08-07T15:23:38.249549,100,89.3,FAILED,336,agent,GOOD,2026-08-07T15:23:38.249549,CURRENT
TEL-89af7312b3df,CTRL-BACKUP,AST-00047,2026-05-13T14:23:38.249549,57.8,41.3,HEALTHY,22,agent,GOOD,2026-05-13T14:23:38.249549,BASELINE
TEL-01c04b6a5846,CTRL-BACKUP,AST-00047,2026-08-08T01:23:38.249549,91.5,63.6,HEALTHY,2,cloud_api,GOOD,2026-08-08T01:23:38.249549,CURRENT
TEL-6d415ed06564,CTRL-BACKUP,AST-00015,2026-05-12T14:23:38.249549,66.0,42.6,HEALTHY,116,syslog,GOOD,2026-05-12T14:23:38.249549,BASELINE
TEL-8a26006ecc85,CTRL-BACKUP,AST-00015,2026-08-02T15:23:38.249549,100,67.7,HEALTHY,293,agent,DEGRADED,2026-08-02T15:23:38.249549,CURRENT
TEL-d9906edc3ffe,CTRL-BACKUP,AST-00176,2026-05-10T14:23:38.249549,57.4,47.7,HEALTHY,319,syslog,GOOD,2026-05-10T14:23:38.249549,BASELINE
TEL-dd4d0ab4c7cb,CTRL-BACKUP,AST-00176,2026-08-04T05:23:38.249549,75.7,81.8,DEGRADED,415,syslog,GOOD,2026-08-04T05:23:38.249549,CURRENT
TEL-f7ab466b5947,CTRL-BACKUP,AST-00123,2026-05-10T14:23:38.249549,72.1,42.1,HEALTHY,312,cloud_api,GOOD,2026-05-10T14:23:38.249549,BASELINE
TEL-f65c8c9478c1,CTRL-BACKUP,AST-00123,2026-08-06T23:23:38.249549,100,62.3,HEALTHY,497,syslog,GOOD,2026-08-06T23:23:38.249549,CURRENT
TEL-25c34bc42450,CTRL-BACKUP,AST-00093,2026-05-11T14:23:38.249549,52.7,64.7,HEALTHY,139,syslog,GOOD,2026-05-11T14:23:38.249549,BASELINE
TEL-59de9fec16de,CTRL-BACKUP,AST-00093,2026-08-04T03:23:38.249549,86.8,86.5,HEALTHY,112,syslog,BAD,2026-08-04T03:23:38.249549,CURRENT
TEL-21afff4c4f16,CTRL-BACKUP,AST-00219,2026-05-11T14:23:38.249549,71.7,55.1,HEALTHY,408,syslog,DEGRADED,2026-05-11T14:23:38.249549,BASELINE
TEL-4b47d91a2958,CTRL-BACKUP,AST-00219,2026-08-05T05:23:38.249549,100,81.0,HEALTHY,169,cloud_api,GOOD,2026-08-05T05:23:38.249549,CURRENT
TEL-32d3e373fe5e,CTRL-BACKUP,AST-00215,2026-05-13T14:23:38.249549,69.5,61.1,HEALTHY,491,cloud_api,GOOD,2026-05-13T14:23:38.249549,BASELINE
TEL-8392ddc90e53,CTRL-BACKUP,AST-00215,2026-08-02T00:23:38.249549,100,84.0,HEALTHY,17,syslog,DEGRADED,2026-08-02T00:23:38.249549,CURRENT
TEL-111db98d7b40,CTRL-BACKUP,AST-00209,2026-05-12T14:23:38.249549,2026-05-18T14:23:38.249549,41.3,DEGRADED,51,agent,BAD,2026-05-12T14:23:38.249549,BASELINE
TEL-b424980b2322,CTRL-BACKUP,AST-00209,2026-07-31T19:23:38.249549,95.2,68.9,HEALTHY,307,syslog,GOOD,2026-07-31T19:23:38.249549,CURRENT
TEL-59fee037b855,CTRL-BACKUP,AST-00178,2026-05-10T14:23:38.249549,54.9,68.3,HEALTHY,12,cloud_api,GOOD,2026-05-10T14:23:38.249549,BASELINE
TEL-c9adc0829533,CTRL-BACKUP,AST-00178,2026-08-01T07:23:38.249549,77.2,96.9,DEGRADED,477,cloud_api,GOOD,2026-08-01T07:23:38.249549,CURRENT
TEL-83bf8cafcf90,CTRL-BACKUP,AST-00012,2026-05-11T14:23:38.249549,47.5,40.0,HEALTHY,406,syslog,GOOD,2026-05-11T14:23:38.249549,BASELINE
TEL-b70e4972fd9c,CTRL-BACKUP,AST-00012,2026-08-06T16:23:38.249549,66.9,56.7,HEALTHY,358,agent,GOOD,2026-07-18T14:23:38.249549,CURRENT
TEL-e2d874449ee8,CTRL-BACKUP,AST-00090,2026-05-12T14:23:38.249549,48.3,61.6,HEALTHY,132,cloud_api,GOOD,2026-05-12T14:23:38.249549,BASELINE
TEL-2b063275e55e,CTRL-BACKUP,AST-00090,2026-07-31T02:23:38.249549,68.7,80.2,HEALTHY,427,cloud_api,GOOD,2026-07-22T14:23:38.249549,CURRENT
TEL-49509bd8ff57,CTRL-BACKUP,AST-00030,2026-05-10T14:23:38.249549,58.3,43.9,HEALTHY,345,cloud_api,GOOD,2026-05-10T14:23:38.249549,BASELINE
TEL-7cb7ff2dcc47,CTRL-BACKUP,AST-00030,2026-07-29T16:23:38.249549,78.1,70.8,DEGRADED,24,agent,BAD,2026-07-29T16:23:38.249549,CURRENT
TEL-eb308d9ed071,CTRL-BACKUP,AST-00019,2026-05-15T14:23:38.249549,53.6,46.5,DEGRADED,60,agent,GOOD,2026-05-15T14:23:38.249549,BASELINE
TEL-ff3d87229a3c,CTRL-BACKUP,AST-00019,2026-08-08T11:23:38.249549,85.6,67.6,HEALTHY,259,syslog,GOOD,2026-07-25T14:23:38.249549,CURRENT
TEL-78915acb1982,CTRL-BACKUP,AST-00122,2026-05-10T14:23:38.249549,67.8,56.3,HEALTHY,315,syslog,DEGRADED,2026-05-10T14:23:38.249549,BASELINE
TEL-a565c1d56ff8,CTRL-BACKUP,AST-00122,2026-08-06T06:23:38.249549,84.4,83.8,HEALTHY,124,cloud_api,GOOD,2026-08-06T06:23:38.249549,CURRENT
TEL-18555cc45aaf,CTRL-BACKUP,AST-00021,2026-05-13T14:23:38.249549,55.2,51.6,HEALTHY,329,agent,GOOD,2026-05-13T14:23:38.249549,BASELINE
TEL-40529e12d51b,CTRL-BACKUP,AST-00021,2026-08-03T10:23:38.249549,71.4,67.3,DEGRADED,30,agent,GOOD,2026-08-03T10:23:38.249549,CURRENT
TEL-fdc06f50dc6e,CTRL-BACKUP,AST-00109,2026-05-11T14:23:38.249549,66.5,41.3,HEALTHY,64,syslog,DEGRADED,2026-05-11T14:23:38.249549,BASELINE
TEL-d1fc23187fc5,CTRL-BACKUP,AST-00109,2026-08-03T12:23:38.249549,93.5,70.2,DEGRADED,157,syslog,GOOD,2026-08-03T12:23:38.249549,CURRENT
TEL-9336361ecb31,CTRL-BACKUP,AST-00016,2026-05-13T14:23:38.249549,74.6,40.6,DEGRADED,171,cloud_api,GOOD,2026-05-13T14:23:38.249549,BASELINE
TEL-7e3af4521dc7,CTRL-BACKUP,AST-00016,2026-08-04T14:23:38.249549,100,63.5,HEALTHY,252,agent,BAD,2026-08-04T14:23:38.249549,CURRENT
TEL-c3bc833168d2,CTRL-BACKUP,AST-00059,2026-05-13T14:23:38.249549,54.4,51.7,HEALTHY,321,agent,GOOD,2026-05-13T14:23:38.249549,BASELINE
TEL-93cc06234fad,CTRL-BACKUP,AST-00059,2026-08-02T21:23:38.249549,72.6,72.5,HEALTHY,113,cloud_api,GOOD,2026-08-02T21:23:38.249549,CURRENT
TEL-026948e06754,CTRL-BACKUP,AST-00153,2026-05-15T14:23:38.249549,47.9,63.6,DEGRADED,23,cloud_api,GOOD,2026-05-15T14:23:38.249549,BASELINE
TEL-6a1eaf1c9a25,CTRL-BACKUP,AST-00153,2026-07-30T01:23:38.249549,63.2,90.1,HEALTHY,211,syslog,GOOD,2026-07-30T01:23:38.249549,CURRENT
TEL-7b2f19b8a554,CTRL-BACKUP,AST-00138,2026-05-13T14:23:38.249549,45.4,43.5,HEALTHY,3,cloud_api,DEGRADED,2026-05-13T14:23:38.249549,BASELINE
TEL-b9bdb80c070a,CTRL-BACKUP,AST-00138,2026-08-06T06:23:38.249549,82.6,66.2,DEGRADED,171,syslog,GOOD,2026-08-06T06:23:38.249549,CURRENT
TEL-804e174b094e,CTRL-BACKUP,AST-00143,2026-05-10T14:23:38.249549,74.5,65.7,HEALTHY,216,cloud_api,GOOD,2026-05-10T14:23:38.249549,BASELINE
TEL-9fd110f9fcf4,CTRL-BACKUP,AST-00143,2026-08-06T19:23:38.249549,,97.9,DEGRADED,91,agent,DEGRADED,2026-08-06T19:23:38.249549,CURRENT
TEL-0efd5ccaac96,CTRL-BACKUP,AST-00216,2026-05-13T14:23:38.249549,49.2,55.6,HEALTHY,64,agent,DEGRADED,2026-05-13T14:23:38.249549,BASELINE
TEL-96182599b009,CTRL-BACKUP,AST-00216,2026-08-03T16:23:38.249549,73.5,72.2,DEGRADED,115,syslog,GOOD,2026-08-03T16:23:38.249549,CURRENT
TEL-c7c12b9001be,CTRL-BACKUP,AST-00054,2026-05-15T14:23:38.249549,45.2,61.0,HEALTHY,34,cloud_api,DEGRADED,2026-05-15T14:23:38.249549,BASELINE
TEL-1f3eee8f4c5d,CTRL-BACKUP,AST-00054,2026-07-31T03:23:38.249549,64.9,79.4,HEALTHY,250,syslog,GOOD,2026-07-31T03:23:38.249549,CURRENT
TEL-2d9f50a91a5d,CTRL-BACKUP,AST-00108,2026-05-13T14:23:38.249549,56.0,43.2,HEALTHY,281,agent,GOOD,2026-05-13T14:23:38.249549,BASELINE
TEL-f9ccc5faf71d,CTRL-BACKUP,AST-00108,2026-08-06T08:23:38.249549,73.3,60.4,HEALTHY,498,cloud_api,GOOD,2026-08-06T08:23:38.249549,CURRENT
TEL-0bd60f3dd3f9,CTRL-BACKUP,AST-00200,2026-05-12T14:23:38.249549,65.7,55.5,HEALTHY,413,syslog,GOOD,2026-05-12T14:23:38.249549,BASELINE
TEL-87308beb8a95,CTRL-BACKUP,AST-00200,2026-07-29T20:23:38.249549,90.3,84.7,HEALTHY,482,agent,GOOD,2026-07-29T20:23:38.249549,CURRENT
TEL-af87dc7992c7,CTRL-BACKUP,AST-00193,2026-05-12T14:23:38.249549,,64.1,FAILED,70,agent,GOOD,2026-05-12T14:23:38.249549,BASELINE
TEL-af0d35464951,CTRL-BACKUP,AST-00193,2026-07-30T09:23:38.249549,99.9,84.6,HEALTHY,314,cloud_api,GOOD,2026-07-26T14:23:38.249549,CURRENT
TEL-b371c0bd5153,CTRL-BACKUP,AST-00106,2026-05-11T14:23:38.249549,63.8,46.9,HEALTHY,249,cloud_api,GOOD,2026-05-11T14:23:38.249549,BASELINE
TEL-f62ced65087b,CTRL-BACKUP,AST-00106,2026-08-07T23:23:38.249549,99.7,75.1,DEGRADED,382,agent,GOOD,2026-08-07T23:23:38.249549,CURRENT
TEL-6ebf9ed8e8ca,CTRL-BACKUP,AST-00033,2026-05-15T14:23:38.249549,74.2,57.3,HEALTHY,376,agent,GOOD,2026-05-15T14:23:38.249549,BASELINE
TEL-4a6113e0d5ef,CTRL-BACKUP,AST-00033,2026-08-08T12:23:38.249549,100,86.5,HEALTHY,365,syslog,GOOD,2026-08-08T12:23:38.249549,CURRENT
TEL-952b2dc410ae,CTRL-BACKUP,AST-00026,2026-05-11T14:23:38.249549,70.6,53.2,HEALTHY,367,agent,GOOD,2026-05-11T14:23:38.249549,BASELINE
TEL-480fb379128f,CTRL-BACKUP,AST-00026,2026-08-01T04:23:38.249549,88.8,75.4,HEALTHY,171,agent,GOOD,2026-08-01T04:23:38.249549,CURRENT
TEL-92a2b78472b0,CTRL-BACKUP,AST-00132,2026-05-15T14:23:38.249549,56.9,69.5,DEGRADED,225,cloud_api,GOOD,2026-05-15T14:23:38.249549,BASELINE
TEL-8dc57d13ae17,CTRL-BACKUP,AST-00132,2026-07-31T03:23:38.249549,71.9,85.7,HEALTHY,114,agent,GOOD,2026-07-31T03:23:38.249549,CURRENT
TEL-59718caf9b98,CTRL-BACKUP,AST-00217,2026-05-15T14:23:38.249549,65.5,69.7,FAILED,37,cloud_api,GOOD,2026-05-15T14:23:38.249549,BASELINE
TEL-e4073e3aff0b,CTRL-BACKUP,AST-00217,2026-07-30T04:23:38.249549,96.8,86.5,HEALTHY,489,syslog,GOOD,2026-07-26T14:23:38.249549,CURRENT
TEL-895d731dfb50,CTRL-BACKUP,AST-00201,2026-05-14T14:23:38.249549,73.3,47.4,HEALTHY,200,agent,GOOD,2026-05-14T14:23:38.249549,BASELINE
TEL-6172868371ca,CTRL-BACKUP,AST-00201,2026-07-30T20:23:38.249549,89.1,81.7,DEGRADED,214,cloud_api,GOOD,2026-07-30T20:23:38.249549,CURRENT
TEL-0d6d4bc97255,CTRL-BACKUP,AST-00204,2026-05-13T14:23:38.249549,46.7,66.5,HEALTHY,488,agent,GOOD,2026-05-13T14:23:38.249549,BASELINE
TEL-04b7d9f57dc8,CTRL-BACKUP,AST-00204,2026-07-30T15:23:38.249549,71.8,100,HEALTHY,262,cloud_api,GOOD,2026-07-30T15:23:38.249549,CURRENT
TEL-b93d3769de11,CTRL-BACKUP,AST-00096,2026-05-12T14:23:38.249549,-46.8,63.4,HEALTHY,156,syslog,GOOD,2026-05-12T14:23:38.249549,BASELINE
TEL-e5222dfdcb83,CTRL-BACKUP,AST-00096,2026-08-01T15:23:38.249549,76.3,94.0,HEALTHY,154,syslog,GOOD,2026-08-01T15:23:38.249549,CURRENT
TEL-7b695428a8ba,CTRL-BACKUP,AST-00192,2026-05-13T14:23:38.249549,50.0,65.4,HEALTHY,495,agent,GOOD,2026-05-13T14:23:38.249549,BASELINE
TEL-3552844e4f7d,CTRL-BACKUP,AST-00192,2026-07-30T05:23:38.249549,69.8,88.1,DEGRADED,378,cloud_api,DEGRADED,2026-07-30T05:23:38.249549,CURRENT
TEL-3012f990e19d,CTRL-BACKUP,AST-00189,2026-05-14T14:23:38.249549,61.6,60.2,DEGRADED,20,syslog,GOOD,2026-05-14T14:23:38.249549,BASELINE
TEL-50804d156e37,CTRL-BACKUP,AST-00189,2026-07-30T13:23:38.249549,84.7,77.2,HEALTHY,50,syslog,GOOD,2026-07-30T13:23:38.249549,CURRENT
TEL-5675f8daf5ae,CTRL-BACKUP,AST-00183,2026-05-15T14:23:38.249549,57.2,61.7,HEALTHY,194,cloud_api,GOOD,2026-05-15T14:23:38.249549,BASELINE
TEL-7fa97227709d,CTRL-BACKUP,AST-00183,2026-08-07T17:23:38.249549,88.2,94.9,DEGRADED,368,cloud_api,DEGRADED,2026-08-07T17:23:38.249549,CURRENT
TEL-a50e777da115,CTRL-BACKUP,AST-00125,2026-05-14T14:23:38.249549,74.2,51.0,HEALTHY,103,agent,GOOD,2026-05-14T14:23:38.249549,BASELINE
TEL-4619cd4e663b,CTRL-BACKUP,AST-00125,2026-08-06T02:23:38.249549,93.9,67.1,DEGRADED,434,syslog,GOOD,2026-08-06T02:23:38.249549,CURRENT
TEL-0913d0380f0b,CTRL-BACKUP,AST-00002,2026-05-13T14:23:38.249549,57.2,61.6,DEGRADED,288,syslog,GOOD,2026-05-13T14:23:38.249549,BASELINE
TEL-22cefee6755d,CTRL-BACKUP,AST-00002,2026-07-31T07:23:38.249549,81.5,84.0,HEALTHY,458,syslog,GOOD,2026-07-31T07:23:38.249549,CURRENT
TEL-52897e758065,CTRL-BACKUP,AST-00198,2026-05-11T14:23:38.249549,53.0,67.0,HEALTHY,288,cloud_api,BAD,2026-05-11T14:23:38.249549,BASELINE
TEL-0aefd67b95da,CTRL-BACKUP,AST-00198,2026-08-04T18:23:38.249549,87.3,94.8,HEALTHY,397,syslog,GOOD,2026-08-04T18:23:38.249549,CURRENT
TEL-e9bced6e2b83,CTRL-BACKUP,AST-00007,2026-05-11T14:23:38.249549,69.2,67.2,HEALTHY,357,agent,GOOD,2026-05-11T14:23:38.249549,BASELINE
TEL-7b39c7e1740a,CTRL-BACKUP,AST-00007,2026-08-04T23:23:38.249549,95.0,84.7,DEGRADED,156,syslog,GOOD,2026-08-04T23:23:38.249549,CURRENT
TEL-b2cdda21088e,CTRL-BACKUP,AST-00147,2026-05-12T14:23:38.249549,55.3,57.9,HEALTHY,228,agent,GOOD,2026-05-12T14:23:38.249549,BASELINE
TEL-f20c9ddd502d,CTRL-BACKUP,AST-00147,2026-08-02T11:23:38.249549,89.3,79.3,HEALTHY,188,syslog,GOOD,2026-07-23T14:23:38.249549,CURRENT
TEL-9c30925ae2b9,CTRL-BACKUP,AST-00078,2026-05-10T14:23:38.249549,48.6,43.7,HEALTHY,298,agent,GOOD,2026-05-10T14:23:38.249549,BASELINE
TEL-1987ab9ee190,CTRL-BACKUP,AST-00078,2026-08-01T12:23:38.249549,68.1,74.9,DEGRADED,154,cloud_api,DEGRADED,2026-08-01T12:23:38.249549,CURRENT
TEL-6d8018896b6b,CTRL-BACKUP,AST-00194,2026-05-15T14:23:38.249549,51.4,53.6,HEALTHY,464,syslog,DEGRADED,2026-05-15T14:23:38.249549,BASELINE
TEL-ea2109a2735a,CTRL-BACKUP,AST-00194,2026-07-31T09:23:38.249549,2025-07-23T14:23:38.249549,76.8,HEALTHY,271,cloud_api,DEGRADED,2026-07-31T09:23:38.249549,CURRENT
TEL-335f7fb53413,CTRL-BACKUP,AST-00077,2026-05-10T14:23:38.249549,49.3,51.1,HEALTHY,80,agent,GOOD,2026-05-10T14:23:38.249549,BASELINE
TEL-50bc2e3d53d7,CTRL-BACKUP,AST-00077,2026-07-29T20:23:38.249549,67.3,77.0,DEGRADED,221,syslog,GOOD,2026-07-29T20:23:38.249549,CURRENT
TEL-fc148b132883,CTRL-BACKUP,AST-00136,2026-05-10T14:23:38.249549,52.8,59.5,HEALTHY,83,syslog,DEGRADED,2026-05-10T14:23:38.249549,BASELINE
TEL-63c10ebf6319,CTRL-BACKUP,AST-00136,2026-08-07T10:23:38.249549,88.9,88.1,HEALTHY,174,syslog,GOOD,2026-08-07T10:23:38.249549,CURRENT
TEL-1d798a129656,CTRL-BACKUP,AST-00065,2026-05-13T14:23:38.249549,51.7,53.6,HEALTHY,239,agent,GOOD,2026-05-13T14:23:38.249549,BASELINE
TEL-f9ff3aabea89,CTRL-BACKUP,AST-00065,2026-08-01T08:23:38.249549,77.8,80.1,HEALTHY,390,syslog,GOOD,2026-08-01T08:23:38.249549,CURRENT
TEL-2ab23dbabd79,CTRL-BACKUP,AST-00046,2026-05-12T14:23:38.249549,69.5,68.0,HEALTHY,23,agent,GOOD,2026-05-12T14:23:38.249549,BASELINE
TEL-7d9c520ae355,CTRL-BACKUP,AST-00046,2026-08-05T03:23:38.249549,100,84.2,HEALTHY,65,agent,GOOD,2026-08-05T03:23:38.249549,CURRENT
TEL-cb5b3bd9b5f6,CTRL-BACKUP,AST-00202,2026-05-10T14:23:38.249549,54.6,68.4,FAILED,354,agent,GOOD,2026-05-10T14:23:38.249549,BASELINE
TEL-e1048bdca40f,CTRL-BACKUP,AST-00202,2026-08-02T04:23:38.249549,86.2,85.8,DEGRADED,355,agent,GOOD,2026-08-02T04:23:38.249549,CURRENT
TEL-97f72461c383,CTRL-BACKUP,AST-00076,2026-05-12T14:23:38.249549,49.9,43.6,HEALTHY,200,agent,DEGRADED,2026-05-12T14:23:38.249549,BASELINE
TEL-ecaf846b1d27,CTRL-BACKUP,AST-00076,2026-08-04T21:23:38.249549,2026-04-05T14:23:38.249549,66.2,HEALTHY,248,agent,GOOD,2026-08-04T21:23:38.249549,CURRENT
TEL-f4188c1e16ed,CTRL-BACKUP,AST-00097,2026-05-15T14:23:38.249549,66.6,50.6,HEALTHY,86,agent,GOOD,2026-05-15T14:23:38.249549,BASELINE
TEL-fd3d01db3968,CTRL-BACKUP,AST-00097,2026-08-01T08:23:38.249549,100,83.4,HEALTHY,97,syslog,GOOD,2026-08-01T08:23:38.249549,CURRENT
TEL-fdfd2e30fc8d,CTRL-BACKUP,AST-00140,2026-05-11T14:23:38.249549,50.2,65.6,HEALTHY,216,cloud_api,GOOD,2026-05-11T14:23:38.249549,BASELINE
TEL-bef939fbfd69,CTRL-BACKUP,AST-00140,2026-07-31T06:23:38.249549,72.4,94.4,HEALTHY,25,syslog,BAD,2026-07-19T14:23:38.249549,CURRENT
TEL-e5bb6fb91508,CTRL-BACKUP,AST-00071,2026-05-10T14:23:38.249549,46.4,58.2,HEALTHY,437,agent,GOOD,2026-05-10T14:23:38.249549,BASELINE
TEL-b65468fc6866,CTRL-BACKUP,AST-00071,2026-07-31T11:23:38.249549,66.1,89.0,HEALTHY,51,cloud_api,GOOD,2026-07-31T11:23:38.249549,CURRENT
TEL-1c724278ef45,CTRL-BACKUP,AST-00112,2026-05-15T14:23:38.249549,73.6,46.7,HEALTHY,45,cloud_api,GOOD,2026-05-15T14:23:38.249549,BASELINE
TEL-6d539a9d2b13,CTRL-BACKUP,AST-00112,2026-08-02T15:23:38.249549,100,80.9,HEALTHY,134,syslog,DEGRADED,2026-08-02T15:23:38.249549,CURRENT
TEL-d584e5ed52fb,CTRL-BACKUP,AST-00111,2026-05-11T14:23:38.249549,68.4,49.7,FAILED,110,syslog,BAD,2026-05-11T14:23:38.249549,BASELINE
TEL-586c14353d18,CTRL-BACKUP,AST-00111,2026-08-07T01:23:38.249549,95.3,79.8,HEALTHY,8,syslog,GOOD,2026-08-07T01:23:38.249549,CURRENT
TEL-d4890236ccd3,CTRL-BACKUP,AST-00128,2026-05-15T14:23:38.249549,63.2,44.6,HEALTHY,417,syslog,BAD,2026-05-15T14:23:38.249549,BASELINE
TEL-ee0c34060951,CTRL-BACKUP,AST-00128,2026-07-30T11:23:38.249549,84.6,70.8,HEALTHY,181,cloud_api,GOOD,2026-07-30T11:23:38.249549,CURRENT
TEL-e4432cd33656,CTRL-BACKUP,AST-00164,2026-05-12T14:23:38.249549,-50.5,69.8,DEGRADED,404,syslog,GOOD,2026-05-12T14:23:38.249549,BASELINE
TEL-0cc6be082bec,CTRL-BACKUP,AST-00164,2026-08-01T15:23:38.249549,87.7,91.5,HEALTHY,272,agent,GOOD,2026-08-01T15:23:38.249549,CURRENT
TEL-22c873eb3700,CTRL-BACKUP,AST-00142,2026-05-13T14:23:38.249549,65.5,43.1,DEGRADED,486,cloud_api,GOOD,2026-05-13T14:23:38.249549,BASELINE
TEL-2bab9848b4cd,CTRL-BACKUP,AST-00142,2026-08-01T11:23:38.249549,92.8,62.9,HEALTHY,337,agent,GOOD,2026-08-01T11:23:38.249549,CURRENT
TEL-71122fb11e58,CTRL-BACKUP,AST-00195,2026-05-15T14:23:38.249549,56.6,41.7,DEGRADED,242,syslog,GOOD,2026-05-15T14:23:38.249549,BASELINE
TEL-a3e99b10c665,CTRL-BACKUP,AST-00195,2026-08-04T08:23:38.249549,81.6,72.4,HEALTHY,23,cloud_api,GOOD,2026-08-04T08:23:38.249549,CURRENT
TEL-ce96b4a65adf,CTRL-BACKUP,AST-00137,2026-05-12T14:23:38.249549,62.1,68.1,HEALTHY,36,agent,GOOD,2026-05-12T14:23:38.249549,BASELINE
TEL-8ccf596cd3ef,CTRL-BACKUP,AST-00137,2026-08-07T16:23:38.249549,97.0,96.3,HEALTHY,8,syslog,DEGRADED,2026-08-07T16:23:38.249549,CURRENT
TEL-0786a76f2f28,CTRL-BACKUP,AST-00068,2026-05-12T14:23:38.249549,47.7,57.8,HEALTHY,94,agent,GOOD,2026-05-12T14:23:38.249549,BASELINE
TEL-f0909468dbca,CTRL-BACKUP,AST-00068,2026-08-03T19:23:38.249549,,77.0,HEALTHY,81,syslog,GOOD,2026-07-26T14:23:38.249549,CURRENT
TEL-6c7fd5f45cd3,CTRL-BACKUP,AST-00042,2026-05-10T14:23:38.249549,63.7,42.9,DEGRADED,292,agent,GOOD,2026-05-10T14:23:38.249549,BASELINE
TEL-9eae60d6b08f,CTRL-BACKUP,AST-00042,2026-08-07T00:23:38.249549,95.0,72.5,HEALTHY,272,syslog,GOOD,2026-08-07T00:23:38.249549,CURRENT
TEL-a510f0e8ca54,CTRL-BACKUP,AST-00004,2026-05-11T14:23:38.249549,57.2,55.7,HEALTHY,40,syslog,BAD,2026-05-11T14:23:38.249549,BASELINE
TEL-1b666cebb3c2,CTRL-BACKUP,AST-00004,2026-08-04T01:23:38.249549,86.3,75.0,HEALTHY,391,agent,GOOD,2026-08-04T01:23:38.249549,CURRENT
TEL-9505ba8657bd,CTRL-BACKUP,AST-00105,2026-05-15T14:23:38.249549,55.2,55.9,HEALTHY,326,agent,DEGRADED,2026-05-15T14:23:38.249549,BASELINE
TEL-5b23c2479015,CTRL-BACKUP,AST-00105,2026-08-02T19:23:38.249549,84.6,83.3,HEALTHY,158,agent,GOOD,2026-08-02T19:23:38.249549,CURRENT
TEL-0b279d70ffbb,CTRL-BACKUP,AST-00199,2026-05-14T14:23:38.249549,47.8,49.9,HEALTHY,171,agent,GOOD,2026-05-14T14:23:38.249549,BASELINE
TEL-c43c77cc0ebc,CTRL-BACKUP,AST-00199,2026-08-01T10:23:38.249549,82.0,68.6,HEALTHY,180,agent,GOOD,2026-08-01T10:23:38.249549,CURRENT
TEL-a8a84ee59844,CTRL-BACKUP,AST-00120,2026-05-13T14:23:38.249549,59.6,69.8,HEALTHY,364,agent,GOOD,2026-05-13T14:23:38.249549,BASELINE
TEL-0b78bc423ac5,CTRL-BACKUP,AST-00120,2026-07-31T02:23:38.249549,84.0,96.1,HEALTHY,158,syslog,GOOD,2026-07-31T02:23:38.249549,CURRENT
TEL-459a90e38d3a,CTRL-BACKUP,AST-00040,2026-05-12T14:23:38.249549,58.1,57.2,HEALTHY,103,cloud_api,DEGRADED,2026-05-12T14:23:38.249549,BASELINE
TEL-fb508f2e88d3,CTRL-BACKUP,AST-00040,2026-07-30T04:23:38.249549,83.1,84.0,HEALTHY,169,agent,GOOD,2026-07-30T04:23:38.249549,CURRENT
TEL-0fe709ee5bb2,CTRL-BACKUP,AST-00041,2026-05-14T14:23:38.249549,52.3,46.6,HEALTHY,218,syslog,GOOD,2026-05-14T14:23:38.249549,BASELINE
TEL-0b49a2d2583b,CTRL-BACKUP,AST-00041,2026-07-31T17:23:38.249549,75.2,65.6,DEGRADED,289,syslog,GOOD,2026-07-31T17:23:38.249549,CURRENT
TEL-39ff7d7d887e,CTRL-BACKUP,AST-00055,2026-05-12T14:23:38.249549,62.1,49.6,HEALTHY,188,cloud_api,GOOD,2026-05-12T14:23:38.249549,BASELINE
TEL-9b478b9f849e,CTRL-BACKUP,AST-00055,2026-08-02T07:23:38.249549,86.6,65.6,HEALTHY,218,cloud_api,GOOD,2026-08-02T07:23:38.249549,CURRENT
TEL-bc473c28f2b0,CTRL-BACKUP,AST-00145,2026-05-14T14:23:38.249549,47.4,48.7,HEALTHY,201,cloud_api,DEGRADED,2026-05-14T14:23:38.249549,BASELINE
TEL-5a8dd01e159c,CTRL-BACKUP,AST-00145,2026-07-30T15:23:38.249549,70.2,74.2,HEALTHY,169,cloud_api,DEGRADED,2026-07-30T15:23:38.249549,CURRENT
TEL-577c84c5850a,CTRL-BACKUP,AST-00190,2026-05-10T14:23:38.249549,73.3,46.6,HEALTHY,202,syslog,DEGRADED,2026-05-10T14:23:38.249549,BASELINE
TEL-f9f8fe2c4fc2,CTRL-BACKUP,AST-00190,2026-07-31T04:23:38.249549,95.6,75.8,HEALTHY,361,cloud_api,GOOD,2026-07-31T04:23:38.249549,CURRENT
TEL-489a695e4064,CTRL-BACKUP,AST-00063,2026-05-12T14:23:38.249549,58.5,66.4,HEALTHY,336,syslog,GOOD,2026-05-12T14:23:38.249549,BASELINE
TEL-84bd17793804,CTRL-BACKUP,AST-00063,2026-08-08T10:23:38.249549,79.2,99.0,HEALTHY,65,syslog,GOOD,2026-07-21T14:23:38.249549,CURRENT
TEL-714689114a69,CTRL-BACKUP,AST-00139,2026-05-15T14:23:38.249549,66.7,57.3,HEALTHY,478,cloud_api,GOOD,2026-05-15T14:23:38.249549,BASELINE
TEL-e82bca798af2,CTRL-BACKUP,AST-00139,2026-07-31T09:23:38.249549,87.2,88.6,FAILED,389,syslog,GOOD,2026-07-31T09:23:38.249549,CURRENT
TEL-89d0e714bf08,CTRL-BACKUP,AST-00057,2026-05-13T14:23:38.249549,46.8,65.8,DEGRADED,178,agent,GOOD,2026-05-13T14:23:38.249549,BASELINE
TEL-85cc961db91e,CTRL-BACKUP,AST-00057,2026-08-05T03:23:38.249549,66.2,96.0,HEALTHY,409,syslog,GOOD,2026-08-05T03:23:38.249549,CURRENT
TEL-37d64ff3b9da,CTRL-BACKUP,AST-00044,2026-05-14T14:23:38.249549,68.3,40.3,HEALTHY,32,agent,GOOD,2026-05-14T14:23:38.249549,BASELINE
TEL-1f75b5020381,CTRL-BACKUP,AST-00044,2026-08-04T00:23:38.249549,84.3,61.3,HEALTHY,459,syslog,DEGRADED,2026-08-04T00:23:38.249549,CURRENT
TEL-dd79a9aef514,CTRL-BACKUP,AST-00069,2026-05-12T14:23:38.249549,48.2,46.1,HEALTHY,361,syslog,GOOD,2026-05-12T14:23:38.249549,BASELINE
TEL-850b40d446a7,CTRL-BACKUP,AST-00069,2026-07-30T11:23:38.249549,82.7,78.4,HEALTHY,241,agent,GOOD,2026-07-30T11:23:38.249549,CURRENT
TEL-752a350ec078,CTRL-BACKUP,AST-00135,2026-05-10T14:23:38.249549,57.9,67.7,HEALTHY,96,cloud_api,GOOD,2026-05-10T14:23:38.249549,BASELINE
TEL-cb344d950b92,CTRL-BACKUP,AST-00135,2026-08-05T20:23:38.249549,93.1,94.9,HEALTHY,478,syslog,GOOD,2026-08-05T20:23:38.249549,CURRENT
TEL-2c16ca50baf1,CTRL-BACKUP,AST-00074,2026-05-13T14:23:38.249549,46.4,66.7,HEALTHY,17,agent,GOOD,2026-05-13T14:23:38.249549,BASELINE
TEL-c6dd29a97ec3,CTRL-BACKUP,AST-00074,2026-08-06T22:23:38.249549,66.6,85.5,HEALTHY,335,agent,GOOD,2026-08-06T22:23:38.249549,CURRENT
TEL-9c18b7cd814e,CTRL-BACKUP,AST-00058,2026-05-15T14:23:38.249549,52.0,57.4,HEALTHY,420,syslog,GOOD,2026-05-15T14:23:38.249549,BASELINE
TEL-8db2864199fa,CTRL-BACKUP,AST-00058,2026-08-01T10:23:38.249549,2026-01-30T14:23:38.249549,82.5,DEGRADED,291,cloud_api,GOOD,2026-08-01T10:23:38.249549,CURRENT
TEL-0a402f3974fa,CTRL-BACKUP,AST-00101,2026-05-15T14:23:38.249549,62.5,66.6,HEALTHY,146,agent,GOOD,2026-05-15T14:23:38.249549,BASELINE
TEL-cac002db2f23,CTRL-BACKUP,AST-00101,2026-08-01T13:23:38.249549,78.7,94.7,DEGRADED,29,agent,GOOD,2026-07-25T14:23:38.249549,CURRENT
TEL-f1beca2ce106,CTRL-BACKUP,AST-00124,2026-05-14T14:23:38.249549,68.8,68.4,HEALTHY,173,agent,GOOD,2026-05-14T14:23:38.249549,BASELINE
TEL-e8f2baef4af4,CTRL-BACKUP,AST-00124,2026-08-02T02:23:38.249549,100,86.7,DEGRADED,81,agent,GOOD,2026-08-02T02:23:38.249549,CURRENT
TEL-0c96af7d4d91,CTRL-BACKUP,AST-00099,2026-05-10T14:23:38.249549,60.6,63.8,HEALTHY,55,agent,GOOD,2026-05-10T14:23:38.249549,BASELINE
TEL-a4ebaf9230e3,CTRL-BACKUP,AST-00099,2026-08-07T04:23:38.249549,,79.0,HEALTHY,239,cloud_api,GOOD,2026-08-07T04:23:38.249549,CURRENT
TEL-c6202957c31f,CTRL-BACKUP,AST-00187,2026-05-10T14:23:38.249549,65.8,52.8,HEALTHY,244,syslog,GOOD,2026-05-10T14:23:38.249549,BASELINE
TEL-a1607ceff188,CTRL-BACKUP,AST-00187,2026-08-03T22:23:38.249549,97.5,77.0,DEGRADED,29,agent,GOOD,2026-08-03T22:23:38.249549,CURRENT
TEL-67fdfd6a6fd9,CTRL-BACKUP,AST-00197,2026-05-11T14:23:38.249549,56.1,68.2,HEALTHY,417,cloud_api,GOOD,2026-05-11T14:23:38.249549,BASELINE
TEL-dd02f35bb30a,CTRL-BACKUP,AST-00197,2026-07-31T18:23:38.249549,1072.5,86.7,HEALTHY,65,syslog,GOOD,2026-07-31T18:23:38.249549,CURRENT
TEL-6b34235c93f4,CTRL-BACKUP,AST-00025,2026-05-10T14:23:38.249549,47.0,57.4,HEALTHY,83,syslog,GOOD,2026-05-10T14:23:38.249549,BASELINE
TEL-c5fb40bc7cee,CTRL-BACKUP,AST-00025,2026-08-07T15:23:38.249549,86.3,87.3,HEALTHY,416,syslog,GOOD,2026-08-07T15:23:38.249549,CURRENT
TEL-b686e631d105,CTRL-BACKUP,AST-00121,2026-05-10T14:23:38.249549,69.9,56.4,HEALTHY,353,cloud_api,GOOD,2026-05-10T14:23:38.249549,BASELINE
TEL-3633253c188e,CTRL-BACKUP,AST-00121,2026-07-30T18:23:38.249549,100,86.0,HEALTHY,307,agent,DEGRADED,2026-07-30T18:23:38.249549,CURRENT
TEL-2180296f6bf2,CTRL-BACKUP,AST-00144,2026-05-13T14:23:38.249549,46.5,56.2,HEALTHY,75,cloud_api,GOOD,2026-05-13T14:23:38.249549,BASELINE
TEL-1fa5f81a555f,CTRL-BACKUP,AST-00144,2026-08-06T23:23:38.249549,70.5,82.0,HEALTHY,20,syslog,GOOD,2026-08-06T23:23:38.249549,CURRENT
TEL-5af023e86745,CTRL-BACKUP,AST-00148,2026-05-14T14:23:38.249549,55.3,56.0,DEGRADED,248,agent,GOOD,2026-05-14T14:23:38.249549,BASELINE
TEL-852a9127cc4a,CTRL-BACKUP,AST-00148,2026-07-31T21:23:38.249549,80.2,85.3,HEALTHY,95,agent,GOOD,2026-07-31T21:23:38.249549,CURRENT
TEL-3fcd6d420f38,CTRL-BACKUP,AST-00114,2026-05-10T14:23:38.249549,47.6,55.9,FAILED,283,cloud_api,GOOD,2026-05-10T14:23:38.249549,BASELINE
TEL-bb9e7695ad35,CTRL-BACKUP,AST-00114,2026-08-06T02:23:38.249549,63.8,90.2,HEALTHY,25,cloud_api,GOOD,2026-07-29T14:23:38.249549,CURRENT
TEL-11bd1fa17eec,CTRL-BACKUP,AST-00206,2026-05-10T14:23:38.249549,46.1,46.8,HEALTHY,355,cloud_api,GOOD,2026-05-10T14:23:38.249549,BASELINE
TEL-f621e507f60b,CTRL-BACKUP,AST-00206,2026-08-02T08:23:38.249549,76.8,64.8,HEALTHY,252,agent,GOOD,2026-08-02T08:23:38.249549,CURRENT
TEL-0259a33e0318,CTRL-BACKUP,AST-00017,2026-05-11T14:23:38.249549,49.3,51.6,HEALTHY,184,cloud_api,GOOD,2026-05-11T14:23:38.249549,BASELINE
TEL-a6ee63666010,CTRL-BACKUP,AST-00017,2026-08-02T16:23:38.249549,76.6,71.7,HEALTHY,350,cloud_api,GOOD,2026-08-02T16:23:38.249549,CURRENT
TEL-aa0584ac731d,CTRL-BACKUP,AST-00196,2026-05-15T14:23:38.249549,64.4,45.8,DEGRADED,103,cloud_api,GOOD,2026-05-15T14:23:38.249549,BASELINE
TEL-2e7b6178761d,CTRL-BACKUP,AST-00196,2026-08-08T14:23:38.249549,100,64.7,HEALTHY,257,syslog,GOOD,2026-08-08T14:23:38.249549,CURRENT
TEL-005a0806691c,CTRL-BACKUP,AST-00048,2026-05-11T14:23:38.249549,63.0,40.4,HEALTHY,193,syslog,GOOD,2026-05-11T14:23:38.249549,BASELINE
TEL-213d71eb6050,CTRL-BACKUP,AST-00048,2026-08-08T12:23:38.249549,100,64.6,HEALTHY,403,syslog,GOOD,2026-08-08T12:23:38.249549,CURRENT
TEL-3fabce3f9ae6,CTRL-BACKUP,AST-00034,2026-05-15T14:23:38.249549,52.7,45.4,DEGRADED,379,cloud_api,GOOD,2026-05-15T14:23:38.249549,BASELINE
TEL-9cad6dc4f042,CTRL-BACKUP,AST-00034,2026-08-06T09:23:38.249549,85.3,69.0,HEALTHY,163,agent,GOOD,2026-08-06T09:23:38.249549,CURRENT
TEL-bc94ac55ddc8,CTRL-BACKUP,AST-00052,2026-05-12T14:23:38.249549,55.8,52.6,DEGRADED,68,agent,GOOD,2026-05-12T14:23:38.249549,BASELINE
TEL-18cdb0059f62,CTRL-BACKUP,AST-00052,2026-08-02T20:23:38.249549,74.6,85.3,HEALTHY,146,agent,GOOD,2026-08-02T20:23:38.249549,CURRENT
TEL-0323823eb04a,CTRL-BACKUP,AST-00049,2026-05-11T14:23:38.249549,72.7,63.1,HEALTHY,358,syslog,GOOD,2026-05-11T14:23:38.249549,BASELINE
TEL-d050e558943d,CTRL-BACKUP,AST-00049,2026-08-02T07:23:38.249549,100,82.4,HEALTHY,78,syslog,GOOD,2026-08-02T07:23:38.249549,CURRENT
TEL-4fee939d19db,CTRL-BACKUP,AST-00100,2026-05-10T14:23:38.249549,69.8,59.9,HEALTHY,132,syslog,GOOD,2026-05-10T14:23:38.249549,BASELINE
TEL-dede63dcbe59,CTRL-BACKUP,AST-00100,2026-08-04T00:23:38.249549,100,94.0,HEALTHY,104,syslog,GOOD,2026-08-04T00:23:38.249549,CURRENT
TEL-1cc1acd8bc71,CTRL-BACKUP,AST-00082,2026-05-14T14:23:38.249549,64.6,41.2,HEALTHY,80,agent,GOOD,2026-05-14T14:23:38.249549,BASELINE
TEL-08c79f277435,CTRL-BACKUP,AST-00082,2026-07-30T12:23:38.249549,98.6,61.7,HEALTHY,424,agent,GOOD,2026-07-30T12:23:38.249549,CURRENT
TEL-39c3c802b3e7,CTRL-BACKUP,AST-00205,2026-05-15T14:23:38.249549,56.2,59.9,DEGRADED,278,cloud_api,GOOD,2026-05-15T14:23:38.249549,BASELINE
TEL-b0d80be79d29,CTRL-BACKUP,AST-00205,2026-08-04T15:23:38.249549,78.6,92.6,HEALTHY,390,syslog,GOOD,2026-08-04T15:23:38.249549,CURRENT
TEL-a1ee25f9e049,CTRL-BACKUP,AST-00168,2026-05-12T14:23:38.249549,54.8,41.8,DEGRADED,0,agent,GOOD,2026-05-12T14:23:38.249549,BASELINE
TEL-c6d3d2f3871d,CTRL-BACKUP,AST-00168,2026-07-31T14:23:38.249549,83.7,62.9,DEGRADED,254,cloud_api,GOOD,2026-07-31T14:23:38.249549,CURRENT
TEL-d6fffea66fd9,CTRL-BACKUP,AST-00116,2026-05-13T14:23:38.249549,59.4,55.6,DEGRADED,204,syslog,GOOD,2026-05-13T14:23:38.249549,BASELINE
TEL-3a4c8434b01d,CTRL-BACKUP,AST-00116,2026-08-01T19:23:38.249549,95.2,86.1,HEALTHY,111,cloud_api,GOOD,2026-08-01T19:23:38.249549,CURRENT
TEL-9bfd3e574945,CTRL-BACKUP,AST-00038,2026-05-11T14:23:38.249549,48.4,67.9,HEALTHY,353,agent,GOOD,2026-05-11T14:23:38.249549,BASELINE
TEL-3f078c1f37ab,CTRL-BACKUP,AST-00038,2026-08-07T19:23:38.249549,66.9,99.1,HEALTHY,497,agent,GOOD,2026-08-07T19:23:38.249549,CURRENT
TEL-3777f79d2efc,CTRL-BACKUP,AST-00150,2026-05-15T14:23:38.249549,59.6,66.4,HEALTHY,314,cloud_api,GOOD,2026-05-15T14:23:38.249549,BASELINE
TEL-3f7831ffe0cd,CTRL-BACKUP,AST-00150,2026-07-30T09:23:38.249549,87.3,96.8,HEALTHY,313,cloud_api,GOOD,2026-07-30T09:23:38.249549,CURRENT
TEL-e4fa55fc0ca9,CTRL-BACKUP,AST-00014,2026-05-15T14:23:38.249549,,55.4,DEGRADED,216,cloud_api,GOOD,2026-05-15T14:23:38.249549,BASELINE
TEL-e274c9dfbd65,CTRL-BACKUP,AST-00014,2026-08-02T18:23:38.249549,92.1,74.4,HEALTHY,2,cloud_api,DEGRADED,2026-08-02T18:23:38.249549,CURRENT
TEL-7b6534e29000,CTRL-BACKUP,AST-00051,2026-05-10T14:23:38.249549,67.4,45.8,HEALTHY,414,agent,GOOD,2026-05-10T14:23:38.249549,BASELINE
TEL-a67daf176d55,CTRL-BACKUP,AST-00051,2026-08-08T14:23:38.249549,95.9,68.7,HEALTHY,0,cloud_api,GOOD,2026-08-08T14:23:38.249549,CURRENT
TEL-24bbb3031cbb,CTRL-BACKUP,AST-00166,2026-05-14T14:23:38.249549,49.9,64.3,HEALTHY,203,syslog,GOOD,2026-05-14T14:23:38.249549,BASELINE
TEL-dad16988bde8,CTRL-BACKUP,AST-00166,2026-07-31T10:23:38.249549,75.3,82.7,HEALTHY,124,agent,GOOD,2026-07-31T10:23:38.249549,CURRENT
TEL-57076d0ac63d,CTRL-BACKUP,AST-00043,2026-05-13T14:23:38.249549,61.7,66.5,FAILED,109,cloud_api,GOOD,2026-05-13T14:23:38.249549,BASELINE
TEL-92074c44752a,CTRL-BACKUP,AST-00043,2026-08-01T10:23:38.249549,98.9,91.5,HEALTHY,452,syslog,DEGRADED,2026-08-01T10:23:38.249549,CURRENT
TEL-6233c2a54394,CTRL-BACKUP,AST-00103,2026-05-13T14:23:38.249549,72.4,63.0,HEALTHY,494,agent,GOOD,2026-05-13T14:23:38.249549,BASELINE
TEL-5f7a31388ef4,CTRL-BACKUP,AST-00103,2026-08-07T12:23:38.249549,100,81.6,HEALTHY,80,agent,DEGRADED,2026-08-07T12:23:38.249549,CURRENT
TEL-8438eea6fdd3,CTRL-BACKUP,AST-00083,2026-05-15T14:23:38.249549,66.5,60.2,HEALTHY,377,syslog,GOOD,2026-05-15T14:23:38.249549,BASELINE
TEL-359142beba81,CTRL-BACKUP,AST-00083,2026-08-06T05:23:38.249549,85.3,92.2,HEALTHY,391,syslog,DEGRADED,2026-08-06T05:23:38.249549,CURRENT
TEL-e574b5e0169f,CTRL-BACKUP,AST-00045,2026-05-15T14:23:38.249549,45.6,54.5,HEALTHY,189,syslog,GOOD,2026-05-15T14:23:38.249549,BASELINE
TEL-05473bc7dc6c,CTRL-BACKUP,AST-00045,2026-08-08T03:23:38.249549,84.4,77.2,HEALTHY,438,syslog,GOOD,2026-08-08T03:23:38.249549,CURRENT
TEL-f537d1eb28fc,CTRL-BACKUP,AST-00184,2026-05-13T14:23:38.249549,52.4,43.8,HEALTHY,56,cloud_api,DEGRADED,2026-05-13T14:23:38.249549,BASELINE
TEL-413b6669b68f,CTRL-BACKUP,AST-00184,2026-08-07T09:23:38.249549,69.3,71.0,HEALTHY,277,syslog,GOOD,2026-08-07T09:23:38.249549,CURRENT
TEL-3fd81300a78b,CTRL-BACKUP,AST-00203,2026-05-15T14:23:38.249549,64.8,60.3,HEALTHY,356,cloud_api,GOOD,2026-05-15T14:23:38.249549,BASELINE
TEL-ea28c85ab097,CTRL-BACKUP,AST-00203,2026-08-07T00:23:38.249549,84.3,95.1,HEALTHY,424,agent,GOOD,2026-08-07T00:23:38.249549,CURRENT
TEL-9842897fc1c3,CTRL-BACKUP,AST-00152,2026-05-11T14:23:38.249549,58.4,55.2,HEALTHY,343,cloud_api,GOOD,2026-05-11T14:23:38.249549,BASELINE
TEL-f4c57ecbe6ef,CTRL-BACKUP,AST-00152,2026-08-04T23:23:38.249549,1081.1,81.5,HEALTHY,311,agent,GOOD,2026-08-04T23:23:38.249549,CURRENT
TEL-b4f2f2a01737,CTRL-BACKUP,AST-00127,2026-05-12T14:23:38.249549,63.8,58.5,HEALTHY,202,cloud_api,GOOD,2026-05-12T14:23:38.249549,BASELINE
TEL-7516002b7eab,CTRL-BACKUP,AST-00127,2026-08-07T22:23:38.249549,2025-11-17T14:23:38.249549,82.0,HEALTHY,130,syslog,GOOD,2026-08-07T22:23:38.249549,CURRENT
TEL-a6dd79b7654f,CTRL-BACKUP,AST-00188,2026-05-14T14:23:38.249549,63.5,52.2,DEGRADED,433,cloud_api,GOOD,2026-05-14T14:23:38.249549,BASELINE
TEL-256b4d46f635,CTRL-BACKUP,AST-00188,2026-08-06T13:23:38.249549,92.8,68.7,HEALTHY,483,syslog,GOOD,2026-08-06T13:23:38.249549,CURRENT
TEL-193e7a2a371e,CTRL-BACKUP,AST-00092,2026-05-13T14:23:38.249549,57.0,64.3,HEALTHY,135,cloud_api,GOOD,2026-05-13T14:23:38.249549,BASELINE
TEL-88c7aaa47828,CTRL-BACKUP,AST-00092,2026-08-05T12:23:38.249549,86.5,81.4,HEALTHY,412,cloud_api,DEGRADED,2026-08-05T12:23:38.249549,CURRENT
TEL-19e8f585434b,CTRL-BACKUP,AST-00191,2026-05-11T14:23:38.249549,54.8,65.1,HEALTHY,203,cloud_api,GOOD,2026-05-11T14:23:38.249549,BASELINE
TEL-aa6dba23e4a1,CTRL-BACKUP,AST-00191,2026-08-04T08:23:38.249549,74.1,99.8,DEGRADED,91,cloud_api,GOOD,2026-08-04T08:23:38.249549,CURRENT
TEL-add4cda556c2,CTRL-BACKUP,AST-00023,2026-05-14T14:23:38.249549,52.6,63.1,DEGRADED,411,agent,GOOD,2026-05-14T14:23:38.249549,BASELINE
TEL-33d41fbf93d5,CTRL-BACKUP,AST-00023,2026-08-02T12:23:38.249549,80.6,78.1,HEALTHY,316,syslog,GOOD,2026-08-02T12:23:38.249549,CURRENT
TEL-dafbb81eea8d,CTRL-BACKUP,AST-00020,2026-05-13T14:23:38.249549,52.9,69.8,HEALTHY,491,cloud_api,GOOD,2026-05-13T14:23:38.249549,BASELINE
TEL-f1d5a2b7532e,CTRL-BACKUP,AST-00020,2026-07-30T09:23:38.249549,89.2,95.9,HEALTHY,176,syslog,GOOD,2026-07-25T14:23:38.249549,CURRENT
TEL-c3309d1ef68c,CTRL-BACKUP,AST-00089,2026-05-12T14:23:38.249549,65.4,66.7,DEGRADED,486,cloud_api,GOOD,2026-05-12T14:23:38.249549,BASELINE
TEL-c735cccd40e1,CTRL-BACKUP,AST-00089,2026-08-01T17:23:38.249549,82.9,97.2,HEALTHY,422,cloud_api,BAD,2026-08-01T17:23:38.249549,CURRENT
TEL-443350bca245,CTRL-BACKUP,AST-00075,2026-05-10T14:23:38.249549,64.9,48.8,DEGRADED,467,agent,GOOD,2026-05-10T14:23:38.249549,BASELINE
TEL-1a73b4307846,CTRL-BACKUP,AST-00075,2026-08-03T06:23:38.249549,100,72.8,DEGRADED,411,agent,GOOD,2026-08-03T06:23:38.249549,CURRENT
TEL-c0db6aa63f57,CTRL-BACKUP,AST-00131,2026-05-10T14:23:38.249549,63.9,51.2,HEALTHY,486,cloud_api,GOOD,2026-05-10T14:23:38.249549,BASELINE
TEL-a0e3e4d4d791,CTRL-BACKUP,AST-00131,2026-08-06T03:23:38.249549,84.0,79.9,HEALTHY,175,cloud_api,GOOD,2026-07-16T14:23:38.249549,CURRENT
TEL-d828e540003c,CTRL-BACKUP,AST-00208,2026-05-10T14:23:38.249549,72.9,51.2,HEALTHY,59,cloud_api,DEGRADED,2026-05-10T14:23:38.249549,BASELINE
TEL-89a594c906e9,CTRL-BACKUP,AST-00208,2026-08-04T14:23:38.249549,100,72.2,HEALTHY,161,cloud_api,GOOD,2026-08-04T14:23:38.249549,CURRENT
TEL-e6d58f2b5293,CTRL-BACKUP,AST-00062,2026-05-11T14:23:38.249549,50.5,43.7,HEALTHY,150,cloud_api,GOOD,2026-05-11T14:23:38.249549,BASELINE
TEL-d9c982cdd3ff,CTRL-BACKUP,AST-00062,2026-08-06T07:23:38.249549,86.9,58.9,DEGRADED,155,syslog,GOOD,2026-08-06T07:23:38.249549,CURRENT
TEL-5ed47701cf3a,CTRL-BACKUP,AST-00061,2026-05-11T14:23:38.249549,68.6,46.7,DEGRADED,273,agent,GOOD,2026-05-11T14:23:38.249549,BASELINE
TEL-e635562f2bc5,CTRL-BACKUP,AST-00061,2026-08-07T14:23:38.249549,92.9,70.4,HEALTHY,170,syslog,GOOD,2026-08-07T14:23:38.249549,CURRENT
TEL-77aa2562e836,CTRL-BACKUP,AST-00110,2026-05-10T14:23:38.249549,48.0,65.9,HEALTHY,94,agent,DEGRADED,2026-05-10T14:23:38.249549,BASELINE
TEL-a476494ebc39,CTRL-BACKUP,AST-00110,2026-07-31T17:23:38.249549,80.6,92.8,HEALTHY,472,syslog,GOOD,2026-07-31T17:23:38.249549,CURRENT
TEL-e7e1911bd10c,CTRL-BACKUP,AST-00157,2026-05-15T14:23:38.249549,74.1,52.8,HEALTHY,284,cloud_api,GOOD,2026-05-15T14:23:38.249549,BASELINE
TEL-d5f3f9a54038,CTRL-BACKUP,AST-00157,2026-08-02T19:23:38.249549,100,73.2,HEALTHY,342,cloud_api,GOOD,2026-08-02T19:23:38.249549,CURRENT
TEL-56fac1eb31d8,CTRL-BACKUP,AST-00009,2026-05-10T14:23:38.249549,70.3,65.8,HEALTHY,43,cloud_api,GOOD,2026-05-10T14:23:38.249549,BASELINE
TEL-20f8aef0cab5,CTRL-BACKUP,AST-00009,2026-08-03T06:23:38.249549,88.7,82.8,DEGRADED,24,cloud_api,GOOD,2026-08-03T06:23:38.249549,CURRENT
TEL-0e87cad190a3,CTRL-BACKUP,AST-00095,2026-05-12T14:23:38.249549,47.8,49.2,HEALTHY,152,cloud_api,DEGRADED,2026-05-12T14:23:38.249549,BASELINE
TEL-1b619971d09a,CTRL-BACKUP,AST-00095,2026-08-01T19:23:38.249549,74.0,73.7,HEALTHY,426,cloud_api,GOOD,2026-08-01T19:23:38.249549,CURRENT
TEL-baaf5208ef2f,CTRL-BACKUP,AST-00213,2026-05-12T14:23:38.249549,62.4,69.4,HEALTHY,18,cloud_api,GOOD,2026-05-12T14:23:38.249549,BASELINE
TEL-e6a6dd9e06bf,CTRL-BACKUP,AST-00213,2026-08-05T12:23:38.249549,95.0,93.6,HEALTHY,111,cloud_api,GOOD,2026-07-25T14:23:38.249549,CURRENT
TEL-5089223533b5,CTRL-BACKUP,AST-00104,2026-05-14T14:23:38.249549,68.6,47.2,HEALTHY,242,syslog,GOOD,2026-05-14T14:23:38.249549,BASELINE
TEL-df9d05337a45,CTRL-BACKUP,AST-00104,2026-08-06T16:23:38.249549,100,75.1,HEALTHY,406,agent,GOOD,2026-08-06T16:23:38.249549,CURRENT
TEL-1b0da3cc46fd,CTRL-BACKUP,AST-00005,2026-05-12T14:23:38.249549,59.3,64.8,HEALTHY,227,syslog,GOOD,2026-05-12T14:23:38.249549,BASELINE
TEL-f4b647b4567f,CTRL-BACKUP,AST-00005,2026-08-01T07:23:38.249549,74.5,88.5,DEGRADED,373,agent,GOOD,2026-08-01T07:23:38.249549,CURRENT
TEL-4d00e15e59a3,CTRL-BACKUP,AST-00134,2026-05-10T14:23:38.249549,69.2,43.0,HEALTHY,149,cloud_api,DEGRADED,2026-05-10T14:23:38.249549,BASELINE
TEL-e3bf66272d85,CTRL-BACKUP,AST-00134,2026-08-04T19:23:38.249549,97.0,69.3,HEALTHY,193,agent,GOOD,2026-08-04T19:23:38.249549,CURRENT
TEL-80864908e34d,CTRL-BACKUP,AST-00186,2026-05-13T14:23:38.249549,56.9,69.6,HEALTHY,454,cloud_api,GOOD,2026-05-13T14:23:38.249549,BASELINE
TEL-8f7bf0070478,CTRL-BACKUP,AST-00186,2026-08-07T04:23:38.249549,95.2,89.1,HEALTHY,312,syslog,GOOD,2026-08-07T04:23:38.249549,CURRENT
TEL-7c7e3807e8b8,CTRL-BACKUP,AST-00079,2026-05-14T14:23:38.249549,68.7,43.4,HEALTHY,272,agent,GOOD,2026-05-14T14:23:38.249549,BASELINE
TEL-abc1571626f8,CTRL-BACKUP,AST-00079,2026-08-04T23:23:38.249549,100,69.0,HEALTHY,43,syslog,GOOD,2026-08-04T23:23:38.249549,CURRENT
TEL-faae26b54853,CTRL-BACKUP,AST-00006,2026-05-13T14:23:38.249549,64.9,48.6,HEALTHY,264,cloud_api,GOOD,2026-05-13T14:23:38.249549,BASELINE
TEL-367967620efe,CTRL-BACKUP,AST-00006,2026-08-05T16:23:38.249549,87.2,76.6,HEALTHY,234,syslog,GOOD,2026-08-05T16:23:38.249549,CURRENT
TEL-0760aaf028c1,CTRL-BACKUP,AST-00181,2026-05-13T14:23:38.249549,50.1,51.1,HEALTHY,386,syslog,GOOD,2026-05-13T14:23:38.249549,BASELINE
TEL-210f44013952,CTRL-BACKUP,AST-00181,2026-08-05T02:23:38.249549,87.9,81.6,HEALTHY,91,agent,GOOD,2026-08-05T02:23:38.249549,CURRENT
TEL-238c83b540e4,CTRL-BACKUP,AST-00018,2026-05-15T14:23:38.249549,67.4,56.2,HEALTHY,70,cloud_api,GOOD,2026-05-15T14:23:38.249549,BASELINE
TEL-d3249264e51c,CTRL-BACKUP,AST-00018,2026-07-30T14:23:38.249549,93.9,84.4,DEGRADED,460,agent,GOOD,2026-07-30T14:23:38.249549,CURRENT
TEL-749dcc88525b,CTRL-IAM,AST-00193,2026-05-12T14:23:38.249549,71.8,60.9,HEALTHY,446,syslog,DEGRADED,2026-05-12T14:23:38.249549,BASELINE
TEL-f8b0dc7ce639,CTRL-IAM,AST-00193,2026-08-01T20:23:38.249549,100,95.1,FAILED,493,agent,GOOD,2026-08-01T20:23:38.249549,CURRENT
TEL-b310f17627aa,CTRL-IAM,AST-00149,2026-05-10T14:23:38.249549,65.1,44.1,HEALTHY,216,agent,DEGRADED,2026-05-10T14:23:38.249549,BASELINE
TEL-55669b26aea2,CTRL-IAM,AST-00149,2026-08-05T19:23:38.249549,93.7,78.7,HEALTHY,346,cloud_api,GOOD,2026-08-05T19:23:38.249549,CURRENT
TEL-578bf117a603,CTRL-IAM,AST-00136,2026-05-10T14:23:38.249549,60.9,57.8,HEALTHY,214,cloud_api,GOOD,2026-05-10T14:23:38.249549,BASELINE
TEL-23b0130013d3,CTRL-IAM,AST-00136,2026-08-02T11:23:38.249549,90.3,88.6,HEALTHY,310,syslog,DEGRADED,2026-08-02T11:23:38.249549,CURRENT
TEL-ddba4dad9653,CTRL-IAM,AST-00077,2026-05-12T14:23:38.249549,72.6,45.2,HEALTHY,138,cloud_api,GOOD,2026-05-12T14:23:38.249549,BASELINE
TEL-4e63d6d9a477,CTRL-IAM,AST-00077,2026-07-29T14:23:38.249549,100,70.9,HEALTHY,425,cloud_api,GOOD,2026-07-29T14:23:38.249549,CURRENT
TEL-8ba92ecd6ec4,CTRL-IAM,AST-00068,2026-05-11T14:23:38.249549,71.8,54.7,HEALTHY,283,syslog,BAD,2026-05-11T14:23:38.249549,BASELINE
TEL-59d558e06dcd,CTRL-IAM,AST-00068,2026-08-08T09:23:38.249549,90.2,78.8,DEGRADED,420,cloud_api,GOOD,2026-08-08T09:23:38.249549,CURRENT
TEL-5d76242483f1,CTRL-IAM,AST-00085,2026-05-14T14:23:38.249549,68.0,49.2,HEALTHY,252,agent,GOOD,2026-05-14T14:23:38.249549,BASELINE
TEL-73da6b4d9292,CTRL-IAM,AST-00085,2026-07-31T12:23:38.249549,83.8,68.3,FAILED,113,syslog,GOOD,2026-07-31T12:23:38.249549,CURRENT
TEL-99c10f5dc181,CTRL-IAM,AST-00208,2026-05-10T14:23:38.249549,57.1,53.5,HEALTHY,318,agent,DEGRADED,2026-05-10T14:23:38.249549,BASELINE
TEL-b3acbfb69b46,CTRL-IAM,AST-00208,2026-08-06T03:23:38.249549,91.2,85.1,HEALTHY,214,agent,GOOD,2026-08-06T03:23:38.249549,CURRENT
TEL-05f013fc1112,CTRL-IAM,AST-00026,2026-05-10T14:23:38.249549,48.8,47.9,HEALTHY,87,agent,DEGRADED,2026-05-10T14:23:38.249549,BASELINE
TEL-1899a7e4c124,CTRL-IAM,AST-00026,2026-07-29T18:23:38.249549,67.2,66.3,HEALTHY,236,agent,GOOD,2026-07-29T18:23:38.249549,CURRENT
TEL-ebcbce27111c,CTRL-IAM,AST-00203,2026-05-15T14:23:38.249549,67.7,41.7,HEALTHY,289,agent,GOOD,2026-05-15T14:23:38.249549,BASELINE
TEL-9df410c62fda,CTRL-IAM,AST-00203,2026-08-02T07:23:38.249549,84.4,70.5,DEGRADED,329,agent,GOOD,2026-08-02T07:23:38.249549,CURRENT
TEL-a0ac99df18d4,CTRL-IAM,AST-00069,2026-05-11T14:23:38.249549,59.5,43.0,HEALTHY,238,agent,GOOD,2026-05-11T14:23:38.249549,BASELINE
TEL-4cfb80b9dcc8,CTRL-IAM,AST-00069,2026-08-07T02:23:38.249549,89.9,70.6,HEALTHY,130,syslog,GOOD,2026-08-07T02:23:38.249549,CURRENT
TEL-7bc092027200,CTRL-IAM,AST-00204,2026-05-11T14:23:38.249549,50.5,69.8,HEALTHY,455,syslog,GOOD,2026-05-11T14:23:38.249549,BASELINE
TEL-034df9851ec2,CTRL-IAM,AST-00204,2026-08-06T15:23:38.249549,74.8,100,HEALTHY,424,syslog,GOOD,2026-08-06T15:23:38.249549,CURRENT
TEL-322f64790a66,CTRL-IAM,AST-00053,2026-05-11T14:23:38.249549,50.8,52.9,HEALTHY,204,cloud_api,GOOD,2026-05-11T14:23:38.249549,BASELINE
TEL-7af151a0df41,CTRL-IAM,AST-00053,2026-08-08T02:23:38.249549,75.3,81.7,HEALTHY,17,agent,GOOD,2026-08-08T02:23:38.249549,CURRENT
TEL-9d814c141c23,CTRL-IAM,AST-00109,2026-05-11T14:23:38.249549,68.4,66.8,HEALTHY,490,syslog,GOOD,2026-05-11T14:23:38.249549,BASELINE
TEL-f60c2cd785b1,CTRL-IAM,AST-00109,2026-08-07T21:23:38.249549,-89.3,90.1,HEALTHY,253,agent,GOOD,2026-08-07T21:23:38.249549,CURRENT
TEL-5ad8e21186f9,CTRL-IAM,AST-00128,2026-05-11T14:23:38.249549,73.7,40.4,HEALTHY,398,agent,GOOD,2026-05-11T14:23:38.249549,BASELINE
TEL-fe5a56850bfa,CTRL-IAM,AST-00128,2026-08-02T01:23:38.249549,100,71.3,HEALTHY,416,cloud_api,GOOD,2026-08-02T01:23:38.249549,CURRENT
TEL-f2863120114b,CTRL-IAM,AST-00195,2026-05-11T14:23:38.249549,67.3,42.3,DEGRADED,129,cloud_api,DEGRADED,2026-05-11T14:23:38.249549,BASELINE
TEL-971fcc115b91,CTRL-IAM,AST-00195,2026-08-06T15:23:38.249549,94.1,65.1,HEALTHY,57,cloud_api,GOOD,2026-08-06T15:23:38.249549,CURRENT
TEL-f5533c8aa64d,CTRL-IAM,AST-00041,2026-05-10T14:23:38.249549,50.0,68.9,HEALTHY,27,agent,GOOD,2026-05-10T14:23:38.249549,BASELINE
TEL-cd1e78410dc0,CTRL-IAM,AST-00041,2026-08-03T18:23:38.249549,85.2,93.4,HEALTHY,462,agent,GOOD,2026-08-03T18:23:38.249549,CURRENT
TEL-e19021a0bbb7,CTRL-IAM,AST-00134,2026-05-11T14:23:38.249549,49.3,40.5,HEALTHY,72,syslog,DEGRADED,2026-05-11T14:23:38.249549,BASELINE
TEL-eb7fa7b42503,CTRL-IAM,AST-00134,2026-07-29T21:23:38.249549,80.5,62.3,HEALTHY,421,cloud_api,GOOD,2026-07-23T14:23:38.249549,CURRENT
TEL-6962841b1bed,CTRL-IAM,AST-00101,2026-05-11T14:23:38.249549,59.2,58.5,HEALTHY,48,agent,DEGRADED,2026-05-11T14:23:38.249549,BASELINE
TEL-64773c8d5bfd,CTRL-IAM,AST-00101,2026-08-04T03:23:38.249549,78.7,77.7,HEALTHY,418,cloud_api,GOOD,2026-08-04T03:23:38.249549,CURRENT
TEL-7d6d72639ded,CTRL-IAM,AST-00210,2026-05-15T14:23:38.249549,45.7,44.0,HEALTHY,195,agent,GOOD,2026-05-15T14:23:38.249549,BASELINE
TEL-fcc3f3d9c74e,CTRL-IAM,AST-00210,2026-08-04T19:23:38.249549,85.0,78.0,HEALTHY,476,syslog,GOOD,2026-08-04T19:23:38.249549,CURRENT
TEL-94204b57cce8,CTRL-IAM,AST-00027,2026-05-15T14:23:38.249549,70.2,52.9,DEGRADED,453,cloud_api,GOOD,2026-05-15T14:23:38.249549,BASELINE
TEL-5b1f86f0dac3,CTRL-IAM,AST-00027,2026-08-05T13:23:38.249549,89.5,85.5,DEGRADED,263,syslog,GOOD,2026-08-05T13:23:38.249549,CURRENT
TEL-7b204845f254,CTRL-IAM,AST-00022,2026-05-14T14:23:38.249549,51.4,41.8,HEALTHY,261,syslog,GOOD,2026-05-14T14:23:38.249549,BASELINE
TEL-78942363a528,CTRL-IAM,AST-00022,2026-08-05T18:23:38.249549,75.9,57.0,HEALTHY,289,agent,GOOD,2026-08-05T18:23:38.249549,CURRENT
TEL-2b0a8c22aef3,CTRL-IAM,AST-00047,2026-05-12T14:23:38.249549,2025-10-12T14:23:38.249549,57.0,DEGRADED,393,agent,GOOD,2026-05-12T14:23:38.249549,BASELINE
TEL-5ae1aa4129d3,CTRL-IAM,AST-00047,2026-08-08T03:23:38.249549,90.2,73.7,DEGRADED,402,cloud_api,BAD,2026-08-08T03:23:38.249549,CURRENT
TEL-ff8aebf2f6d2,CTRL-IAM,AST-00186,2026-05-10T14:23:38.249549,53.4,53.1,HEALTHY,494,syslog,GOOD,2026-05-10T14:23:38.249549,BASELINE
TEL-49e625e55b13,CTRL-IAM,AST-00186,2026-08-03T05:23:38.249549,75.1,77.1,HEALTHY,4,agent,GOOD,2026-08-03T05:23:38.249549,CURRENT
TEL-d536dd697e4a,CTRL-IAM,AST-00056,2026-05-11T14:23:38.249549,-50.0,54.8,HEALTHY,111,agent,GOOD,2026-05-11T14:23:38.249549,BASELINE
TEL-0d3bbfa9e17e,CTRL-IAM,AST-00056,2026-07-30T09:23:38.249549,2025-12-29T14:23:38.249549,88.5,HEALTHY,365,cloud_api,GOOD,2026-07-30T09:23:38.249549,CURRENT
TEL-c3f60a7c822b,CTRL-IAM,AST-00164,2026-05-14T14:23:38.249549,62.8,40.1,HEALTHY,408,agent,GOOD,2026-05-14T14:23:38.249549,BASELINE
TEL-3f3c5a11751b,CTRL-IAM,AST-00164,2026-08-07T15:23:38.249549,93.1,65.5,HEALTHY,385,syslog,GOOD,2026-08-07T15:23:38.249549,CURRENT
TEL-54036e8fcd39,CTRL-IAM,AST-00008,2026-05-15T14:23:38.249549,69.6,54.8,HEALTHY,395,syslog,GOOD,2026-05-15T14:23:38.249549,BASELINE
TEL-cbb3afb9a047,CTRL-IAM,AST-00008,2026-07-30T18:23:38.249549,88.1,88.5,HEALTHY,277,syslog,GOOD,2026-07-30T18:23:38.249549,CURRENT
TEL-782e30fa15fd,CTRL-IAM,AST-00054,2026-05-14T14:23:38.249549,61.3,42.5,HEALTHY,125,agent,GOOD,2026-05-14T14:23:38.249549,BASELINE
TEL-8e465f918e89,CTRL-IAM,AST-00054,2026-08-04T02:23:38.249549,97.4,74.6,FAILED,263,cloud_api,GOOD,2026-08-04T02:23:38.249549,CURRENT
TEL-6aaa7479142d,CTRL-IAM,AST-00218,2026-05-13T14:23:38.249549,52.5,42.9,HEALTHY,43,cloud_api,GOOD,2026-05-13T14:23:38.249549,BASELINE
TEL-fbaf2fd02f2b,CTRL-IAM,AST-00218,2026-08-07T17:23:38.249549,70.4,74.6,HEALTHY,168,syslog,GOOD,2026-08-07T17:23:38.249549,CURRENT
TEL-db747afc3fe3,CTRL-IAM,AST-00129,2026-05-15T14:23:38.249549,62.2,44.5,HEALTHY,35,cloud_api,GOOD,2026-05-15T14:23:38.249549,BASELINE
TEL-44e242a8d49d,CTRL-IAM,AST-00129,2026-08-05T20:23:38.249549,97.3,59.9,HEALTHY,228,cloud_api,GOOD,2026-08-05T20:23:38.249549,CURRENT
TEL-d48ca5eb410b,CTRL-IAM,AST-00088,2026-05-12T14:23:38.249549,62.2,48.5,HEALTHY,366,agent,GOOD,2026-05-12T14:23:38.249549,BASELINE
TEL-9c0d42edc88c,CTRL-IAM,AST-00088,2026-07-30T10:23:38.249549,92.2,81.3,HEALTHY,8,agent,GOOD,2026-07-30T10:23:38.249549,CURRENT
TEL-8ed0761cab60,CTRL-IAM,AST-00112,2026-05-15T14:23:38.249549,61.2,55.2,HEALTHY,392,cloud_api,DEGRADED,2026-05-15T14:23:38.249549,BASELINE
TEL-2a9c968303d8,CTRL-IAM,AST-00112,2026-08-06T06:23:38.249549,78.5,88.6,HEALTHY,271,cloud_api,GOOD,2026-08-06T06:23:38.249549,CURRENT
TEL-56cf86c1ef35,CTRL-IAM,AST-00138,2026-05-11T14:23:38.249549,47.1,49.7,HEALTHY,98,cloud_api,GOOD,2026-05-11T14:23:38.249549,BASELINE
TEL-2ada7ff8d89e,CTRL-IAM,AST-00138,2026-07-31T04:23:38.249549,68.7,67.5,FAILED,8,agent,GOOD,2026-07-31T04:23:38.249549,CURRENT
TEL-aeeb7870cd18,CTRL-IAM,AST-00030,2026-05-14T14:23:38.249549,49.8,63.1,HEALTHY,351,cloud_api,DEGRADED,2026-05-14T14:23:38.249549,BASELINE
TEL-3285ecab8183,CTRL-IAM,AST-00030,2026-08-01T03:23:38.249549,67.2,97.2,FAILED,177,syslog,GOOD,2026-08-01T03:23:38.249549,CURRENT
TEL-ab3f8e3bde30,CTRL-IAM,AST-00021,2026-05-13T14:23:38.249549,65.0,43.4,HEALTHY,218,cloud_api,GOOD,2026-05-13T14:23:38.249549,BASELINE
TEL-dd860ada1019,CTRL-IAM,AST-00021,2026-08-02T04:23:38.249549,100,59.1,HEALTHY,234,agent,GOOD,2026-08-02T04:23:38.249549,CURRENT
TEL-8cba0794c305,CTRL-IAM,AST-00148,2026-05-11T14:23:38.249549,66.7,45.3,DEGRADED,218,agent,GOOD,2026-05-11T14:23:38.249549,BASELINE
TEL-cad28a1d995d,CTRL-IAM,AST-00148,2026-08-02T13:23:38.249549,100,79.9,HEALTHY,272,syslog,GOOD,2026-08-02T13:23:38.249549,CURRENT
TEL-c5ffa673b681,CTRL-IAM,AST-00063,2026-05-15T14:23:38.249549,59.9,62.5,HEALTHY,195,syslog,GOOD,2026-05-15T14:23:38.249549,BASELINE
TEL-855d9d50ffb6,CTRL-IAM,AST-00063,2026-07-29T21:23:38.249549,85.7,82.0,DEGRADED,500,cloud_api,GOOD,2026-07-29T21:23:38.249549,CURRENT
TEL-7b03fcec806b,CTRL-IAM,AST-00157,2026-05-10T14:23:38.249549,51.6,51.5,HEALTHY,187,cloud_api,GOOD,2026-05-10T14:23:38.249549,BASELINE
TEL-a25426fc4137,CTRL-IAM,AST-00157,2026-08-01T23:23:38.249549,82.4,85.8,FAILED,158,cloud_api,GOOD,2026-08-01T23:23:38.249549,CURRENT
TEL-d00ee37d28ee,CTRL-IAM,AST-00126,2026-05-13T14:23:38.249549,52.8,68.8,DEGRADED,387,agent,GOOD,2026-05-13T14:23:38.249549,BASELINE
TEL-a97b37e1ba82,CTRL-IAM,AST-00126,2026-08-02T22:23:38.249549,76.5,85.5,FAILED,201,cloud_api,BAD,2026-08-02T22:23:38.249549,CURRENT
TEL-1da0ad20d03b,CTRL-IAM,AST-00189,2026-05-12T14:23:38.249549,60.3,61.1,HEALTHY,78,agent,GOOD,2026-05-12T14:23:38.249549,BASELINE
TEL-59fa2f461807,CTRL-IAM,AST-00189,2026-07-29T16:23:38.249549,96.5,83.9,DEGRADED,452,cloud_api,DEGRADED,2026-07-29T16:23:38.249549,CURRENT
TEL-d4ae709102d5,CTRL-IAM,AST-00187,2026-05-13T14:23:38.249549,58.3,48.1,HEALTHY,296,agent,GOOD,2026-05-13T14:23:38.249549,BASELINE
TEL-6b4bf40f3b34,CTRL-IAM,AST-00187,2026-08-03T15:23:38.249549,94.7,75.6,DEGRADED,155,syslog,GOOD,2026-07-28T14:23:38.249549,CURRENT
TEL-7e921823ee44,CTRL-IAM,AST-00071,2026-05-12T14:23:38.249549,74.8,43.8,HEALTHY,371,cloud_api,DEGRADED,2026-05-12T14:23:38.249549,BASELINE
TEL-3754081415f1,CTRL-IAM,AST-00071,2026-07-30T23:23:38.249549,100,65.0,DEGRADED,77,agent,GOOD,2026-07-30T23:23:38.249549,CURRENT
TEL-13fefa3ea91f,CTRL-IAM,AST-00087,2026-05-11T14:23:38.249549,64.1,58.1,HEALTHY,8,cloud_api,GOOD,2026-05-11T14:23:38.249549,BASELINE
TEL-d37c400407f1,CTRL-IAM,AST-00087,2026-08-04T19:23:38.249549,100,88.2,DEGRADED,392,agent,GOOD,2026-08-04T19:23:38.249549,CURRENT
TEL-380f90e8c135,CTRL-IAM,AST-00198,2026-05-14T14:23:38.249549,66.3,45.9,HEALTHY,342,cloud_api,GOOD,2026-05-14T14:23:38.249549,BASELINE
TEL-20b5bb7d8750,CTRL-IAM,AST-00198,2026-08-07T01:23:38.249549,93.6,71.9,HEALTHY,256,syslog,GOOD,2026-08-07T01:23:38.249549,CURRENT
TEL-25db27db34f4,CTRL-IAM,AST-00003,2026-05-14T14:23:38.249549,66.7,48.3,HEALTHY,443,agent,GOOD,2026-05-14T14:23:38.249549,BASELINE
TEL-c85950651bd2,CTRL-IAM,AST-00003,2026-08-08T09:23:38.249549,94.9,79.3,HEALTHY,46,agent,GOOD,2026-08-08T09:23:38.249549,CURRENT
TEL-411418e0702d,CTRL-IAM,AST-00006,2026-05-15T14:23:38.249549,56.1,62.5,HEALTHY,362,cloud_api,GOOD,2026-05-15T14:23:38.249549,BASELINE
TEL-096afe5d1d12,CTRL-IAM,AST-00006,2026-08-06T15:23:38.249549,76.0,79.1,HEALTHY,421,agent,GOOD,2026-08-06T15:23:38.249549,CURRENT
TEL-072497d9703e,CTRL-IAM,AST-00159,2026-05-10T14:23:38.249549,48.0,66.2,FAILED,103,agent,GOOD,2026-05-10T14:23:38.249549,BASELINE
TEL-3f0038e5333f,CTRL-IAM,AST-00159,2026-08-06T11:23:38.249549,81.3,88.9,HEALTHY,490,agent,GOOD,2026-08-06T11:23:38.249549,CURRENT
TEL-676a2b505ab1,CTRL-IAM,AST-00169,2026-05-13T14:23:38.249549,69.2,40.4,HEALTHY,353,cloud_api,GOOD,2026-05-13T14:23:38.249549,BASELINE
TEL-0b7c49bfba4d,CTRL-IAM,AST-00169,2026-07-30T22:23:38.249549,85.0,61.4,HEALTHY,212,agent,GOOD,2026-07-30T22:23:38.249549,CURRENT
TEL-d9be577bd61c,CTRL-IAM,AST-00147,2026-05-12T14:23:38.249549,48.1,51.6,FAILED,26,syslog,GOOD,2026-05-12T14:23:38.249549,BASELINE
TEL-e59591395ad4,CTRL-IAM,AST-00147,2026-08-01T07:23:38.249549,78.9,85.2,DEGRADED,325,cloud_api,GOOD,2026-08-01T07:23:38.249549,CURRENT
TEL-38ae6887f73e,CTRL-IAM,AST-00162,2026-05-11T14:23:38.249549,54.9,40.3,HEALTHY,84,syslog,GOOD,2026-05-11T14:23:38.249549,BASELINE
TEL-127c59b97c7f,CTRL-IAM,AST-00162,2026-08-03T22:23:38.249549,79.0,57.7,HEALTHY,444,cloud_api,GOOD,2026-08-03T22:23:38.249549,CURRENT
TEL-2863dfe93ef8,CTRL-IAM,AST-00043,2026-05-15T14:23:38.249549,45.1,54.0,DEGRADED,54,cloud_api,GOOD,2026-05-15T14:23:38.249549,BASELINE
TEL-dc9cd20cca61,CTRL-IAM,AST-00043,2026-08-06T04:23:38.249549,63.5,84.2,HEALTHY,499,agent,GOOD,2026-08-06T04:23:38.249549,CURRENT
TEL-6ba21441a879,CTRL-IAM,AST-00201,2026-05-13T14:23:38.249549,51.1,62.7,HEALTHY,274,agent,GOOD,2026-05-13T14:23:38.249549,BASELINE
TEL-dc9ec168f641,CTRL-IAM,AST-00201,2026-08-05T22:23:38.249549,81.0,90.4,HEALTHY,54,agent,GOOD,2026-07-18T14:23:38.249549,CURRENT
TEL-e95487b73763,CTRL-IAM,AST-00114,2026-05-12T14:23:38.249549,53.6,61.7,HEALTHY,7,agent,GOOD,2026-05-12T14:23:38.249549,BASELINE
TEL-2348be6f773c,CTRL-IAM,AST-00114,2026-08-03T15:23:38.249549,69.0,87.7,HEALTHY,69,agent,DEGRADED,2026-08-03T15:23:38.249549,CURRENT
TEL-26bcdd89793b,CTRL-IAM,AST-00120,2026-05-10T14:23:38.249549,73.9,64.7,HEALTHY,390,cloud_api,GOOD,2026-05-10T14:23:38.249549,BASELINE
TEL-53890df837d1,CTRL-IAM,AST-00120,2026-07-31T04:23:38.249549,93.0,87.5,HEALTHY,10,cloud_api,GOOD,2026-07-31T04:23:38.249549,CURRENT
TEL-e117d9a47842,CTRL-IAM,AST-00178,2026-05-11T14:23:38.249549,65.5,53.1,DEGRADED,186,syslog,GOOD,2026-05-11T14:23:38.249549,BASELINE
TEL-8ec70e94e6c0,CTRL-IAM,AST-00178,2026-08-02T11:23:38.249549,89.4,81.9,HEALTHY,376,agent,GOOD,2026-08-02T11:23:38.249549,CURRENT
TEL-f2ddac7749b2,CTRL-IAM,AST-00013,2026-05-10T14:23:38.249549,71.8,51.7,HEALTHY,481,syslog,GOOD,2026-05-10T14:23:38.249549,BASELINE
TEL-2f6efc110577,CTRL-IAM,AST-00013,2026-08-06T07:23:38.249549,100,66.7,HEALTHY,108,syslog,GOOD,2026-08-06T07:23:38.249549,CURRENT
TEL-44e24dad8612,CTRL-IAM,AST-00095,2026-05-14T14:23:38.249549,48.4,46.7,HEALTHY,12,agent,GOOD,2026-05-14T14:23:38.249549,BASELINE
TEL-6ca35b9ea7bb,CTRL-IAM,AST-00095,2026-07-30T12:23:38.249549,76.8,64.4,DEGRADED,38,agent,GOOD,2026-07-30T12:23:38.249549,CURRENT
TEL-5a08a936a499,CTRL-IAM,AST-00081,2026-05-13T14:23:38.249549,51.9,51.0,DEGRADED,281,cloud_api,GOOD,2026-05-13T14:23:38.249549,BASELINE
TEL-5f9661a43b6c,CTRL-IAM,AST-00081,2026-07-31T22:23:38.249549,70.5,67.5,HEALTHY,444,syslog,DEGRADED,2026-07-31T22:23:38.249549,CURRENT
TEL-34e16f059845,CTRL-IAM,AST-00038,2026-05-10T14:23:38.249549,52.0,42.8,DEGRADED,215,cloud_api,GOOD,2026-05-10T14:23:38.249549,BASELINE
TEL-78066e9a0152,CTRL-IAM,AST-00038,2026-07-30T05:23:38.249549,80.7,64.3,DEGRADED,403,cloud_api,DEGRADED,2026-07-30T05:23:38.249549,CURRENT
TEL-c0c492a79158,CTRL-IAM,AST-00144,2026-05-10T14:23:38.249549,48.7,56.6,HEALTHY,229,cloud_api,GOOD,2026-05-10T14:23:38.249549,BASELINE
TEL-4a8b83e4eea7,CTRL-IAM,AST-00144,2026-08-07T03:23:38.249549,75.5,78.0,HEALTHY,288,cloud_api,GOOD,2026-08-07T03:23:38.249549,CURRENT
TEL-818166c983d6,CTRL-IAM,AST-00214,2026-05-10T14:23:38.249549,55.2,51.3,HEALTHY,82,agent,GOOD,2026-05-10T14:23:38.249549,BASELINE
TEL-7f6869be8e95,CTRL-IAM,AST-00214,2026-07-31T11:23:38.249549,1076.7,85.1,HEALTHY,189,cloud_api,GOOD,2026-07-31T11:23:38.249549,CURRENT
TEL-21df03eb5cf9,CTRL-IAM,AST-00161,2026-05-10T14:23:38.249549,58.9,50.7,DEGRADED,237,agent,GOOD,2026-05-10T14:23:38.249549,BASELINE
TEL-094b667f88bc,CTRL-IAM,AST-00161,2026-08-03T17:23:38.249549,77.4,74.6,HEALTHY,328,agent,GOOD,2026-08-03T17:23:38.249549,CURRENT
TEL-e35caea11621,CTRL-IAM,AST-00150,2026-05-11T14:23:38.249549,,54.6,DEGRADED,151,agent,GOOD,2026-05-11T14:23:38.249549,BASELINE
TEL-8af47c304f16,CTRL-IAM,AST-00150,2026-08-02T23:23:38.249549,87.1,75.7,HEALTHY,92,cloud_api,GOOD,2026-08-02T23:23:38.249549,CURRENT
TEL-6213c7f97cfa,CTRL-IAM,AST-00194,2026-05-14T14:23:38.249549,61.9,63.1,DEGRADED,95,syslog,GOOD,2026-05-14T14:23:38.249549,BASELINE
TEL-86bc1167dde5,CTRL-IAM,AST-00194,2026-08-04T07:23:38.249549,85.2,86.0,HEALTHY,69,agent,GOOD,2026-07-18T14:23:38.249549,CURRENT
TEL-863a05987d95,CTRL-IAM,AST-00057,2026-05-15T14:23:38.249549,71.8,44.3,HEALTHY,280,cloud_api,GOOD,2026-05-15T14:23:38.249549,BASELINE
TEL-34a0d475032e,CTRL-IAM,AST-00057,2026-08-06T10:23:38.249549,100,78.2,HEALTHY,457,syslog,GOOD,2026-08-06T10:23:38.249549,CURRENT
TEL-e9dd6c53d77d,CTRL-IAM,AST-00096,2026-05-15T14:23:38.249549,60.1,41.6,HEALTHY,479,syslog,BAD,2026-05-15T14:23:38.249549,BASELINE
TEL-25342faa25b6,CTRL-IAM,AST-00096,2026-08-08T07:23:38.249549,87.0,74.5,HEALTHY,171,cloud_api,GOOD,2026-08-08T07:23:38.249549,CURRENT
TEL-867877c53eb6,CTRL-IAM,AST-00023,2026-05-14T14:23:38.249549,52.8,40.8,HEALTHY,214,syslog,GOOD,2026-05-14T14:23:38.249549,BASELINE
TEL-560ff610c429,CTRL-IAM,AST-00023,2026-07-31T09:23:38.249549,76.5,66.3,HEALTHY,487,cloud_api,GOOD,2026-07-31T09:23:38.249549,CURRENT
TEL-7fc78a70afbc,CTRL-IAM,AST-00196,2026-05-10T14:23:38.249549,54.4,62.1,HEALTHY,237,cloud_api,GOOD,2026-05-10T14:23:38.249549,BASELINE
TEL-26bed4d357da,CTRL-IAM,AST-00196,2026-07-31T18:23:38.249549,86.5,85.4,DEGRADED,300,syslog,DEGRADED,2026-07-31T18:23:38.249549,CURRENT
TEL-8d77b4197bb5,CTRL-IAM,AST-00130,2026-05-13T14:23:38.249549,52.2,47.8,HEALTHY,66,cloud_api,GOOD,2026-05-13T14:23:38.249549,BASELINE
TEL-266839739db3,CTRL-IAM,AST-00130,2026-08-06T09:23:38.249549,86.8,79.7,HEALTHY,329,agent,GOOD,2026-08-06T09:23:38.249549,CURRENT
TEL-3d8f9fd14549,CTRL-IAM,AST-00182,2026-05-13T14:23:38.249549,48.2,53.9,FAILED,54,cloud_api,GOOD,2026-05-13T14:23:38.249549,BASELINE
TEL-ad0b7223014d,CTRL-IAM,AST-00182,2026-08-04T01:23:38.249549,65.1,76.4,DEGRADED,190,agent,GOOD,2026-08-04T01:23:38.249549,CURRENT
TEL-8dfb875b9b14,CTRL-IAM,AST-00176,2026-05-11T14:23:38.249549,70.1,56.6,HEALTHY,296,agent,GOOD,2026-05-11T14:23:38.249549,BASELINE
TEL-a1dc1b8912e0,CTRL-IAM,AST-00176,2026-07-29T14:23:38.249549,95.2,72.3,HEALTHY,92,syslog,GOOD,2026-07-29T14:23:38.249549,CURRENT
TEL-41ccbd19b273,CTRL-IAM,AST-00119,2026-05-12T14:23:38.249549,73.8,56.5,HEALTHY,424,agent,GOOD,2026-05-12T14:23:38.249549,BASELINE
TEL-92996520285f,CTRL-IAM,AST-00119,2026-08-06T15:23:38.249549,100,73.4,HEALTHY,452,agent,DEGRADED,2026-08-06T15:23:38.249549,CURRENT
TEL-f9f18747c1ad,CTRL-IAM,AST-00004,2026-05-10T14:23:38.249549,69.2,67.7,HEALTHY,16,cloud_api,GOOD,2026-05-10T14:23:38.249549,BASELINE
TEL-01de042edb71,CTRL-IAM,AST-00004,2026-07-30T03:23:38.249549,86.2,91.6,HEALTHY,129,cloud_api,GOOD,2026-07-30T03:23:38.249549,CURRENT
TEL-d903ed7a313c,CTRL-IAM,AST-00082,2026-05-12T14:23:38.249549,51.7,64.3,FAILED,468,syslog,GOOD,2026-05-12T14:23:38.249549,BASELINE
TEL-2f4f4e58ad27,CTRL-IAM,AST-00082,2026-07-31T06:23:38.249549,69.5,82.4,HEALTHY,387,cloud_api,GOOD,2026-07-31T06:23:38.249549,CURRENT
TEL-e5c24fa6ce15,CTRL-IAM,AST-00050,2026-05-14T14:23:38.249549,49.7,61.9,HEALTHY,377,syslog,GOOD,2026-05-14T14:23:38.249549,BASELINE
TEL-82108301e2f0,CTRL-IAM,AST-00050,2026-08-05T03:23:38.249549,73.4,93.2,HEALTHY,92,syslog,DEGRADED,2026-08-05T03:23:38.249549,CURRENT
TEL-d69a9bba208e,CTRL-IAM,AST-00033,2026-05-15T14:23:38.249549,49.8,64.7,HEALTHY,418,cloud_api,GOOD,2026-05-15T14:23:38.249549,BASELINE
TEL-a4fa15c92f85,CTRL-IAM,AST-00033,2026-08-08T02:23:38.249549,79.1,84.1,HEALTHY,330,cloud_api,GOOD,2026-08-08T02:23:38.249549,CURRENT
TEL-ff600c15f6d5,CTRL-IAM,AST-00102,2026-05-11T14:23:38.249549,58.6,59.3,HEALTHY,320,syslog,GOOD,2026-05-11T14:23:38.249549,BASELINE
TEL-eba3e1da24c7,CTRL-IAM,AST-00102,2026-08-02T08:23:38.249549,77.8,81.5,HEALTHY,417,agent,GOOD,2026-07-14T14:23:38.249549,CURRENT
TEL-5a6b5d116173,CTRL-IAM,AST-00151,2026-05-11T14:23:38.249549,59.9,52.4,HEALTHY,472,agent,GOOD,2026-05-11T14:23:38.249549,BASELINE
TEL-8e8572aaeb15,CTRL-IAM,AST-00151,2026-08-08T03:23:38.249549,83.9,84.8,HEALTHY,95,agent,DEGRADED,2026-08-08T03:23:38.249549,CURRENT
TEL-d90669c68b7b,CTRL-IAM,AST-00032,2026-05-10T14:23:38.249549,68.3,66.5,HEALTHY,17,syslog,GOOD,2026-05-10T14:23:38.249549,BASELINE
TEL-46591458f332,CTRL-IAM,AST-00032,2026-08-05T15:23:38.249549,100,86.2,HEALTHY,105,agent,GOOD,2026-08-05T15:23:38.249549,CURRENT
TEL-988fabb7552b,CTRL-IAM,AST-00143,2026-05-15T14:23:38.249549,50.0,41.2,DEGRADED,30,agent,GOOD,2026-05-15T14:23:38.249549,BASELINE
TEL-566befc9bbe1,CTRL-IAM,AST-00143,2026-07-31T00:23:38.249549,74.0,72.4,HEALTHY,407,syslog,GOOD,2026-07-31T00:23:38.249549,CURRENT
TEL-ef96b8a06949,CTRL-IAM,AST-00062,2026-05-14T14:23:38.249549,46.0,57.4,HEALTHY,99,agent,GOOD,2026-05-14T14:23:38.249549,BASELINE
TEL-489b9c406c29,CTRL-IAM,AST-00062,2026-08-05T14:23:38.249549,82.4,88.7,HEALTHY,83,syslog,GOOD,2026-08-05T14:23:38.249549,CURRENT
TEL-c6f1f8f77194,CTRL-IAM,AST-00181,2026-05-14T14:23:38.249549,45.2,50.4,HEALTHY,494,cloud_api,GOOD,2026-05-14T14:23:38.249549,BASELINE
TEL-c1d9943f4c5b,CTRL-IAM,AST-00181,2026-08-01T17:23:38.249549,73.7,80.3,HEALTHY,399,cloud_api,GOOD,2026-08-01T17:23:38.249549,CURRENT
TEL-efca2255f697,CTRL-IAM,AST-00177,2026-05-10T14:23:38.249549,56.8,58.4,FAILED,205,agent,GOOD,2026-05-10T14:23:38.249549,BASELINE
TEL-08a69ac675ac,CTRL-IAM,AST-00177,2026-08-07T08:23:38.249549,94.5,85.6,HEALTHY,33,agent,GOOD,2026-08-07T08:23:38.249549,CURRENT
TEL-8133e82658c9,CTRL-IAM,AST-00064,2026-05-13T14:23:38.249549,62.9,59.2,HEALTHY,300,agent,GOOD,2026-05-13T14:23:38.249549,BASELINE
TEL-8eca6adaad80,CTRL-IAM,AST-00064,2026-08-04T23:23:38.249549,99.5,85.6,HEALTHY,190,agent,GOOD,2026-08-04T23:23:38.249549,CURRENT
TEL-6b55cc182d89,CTRL-IAM,AST-00137,2026-05-11T14:23:38.249549,48.8,68.5,HEALTHY,204,cloud_api,GOOD,2026-05-11T14:23:38.249549,BASELINE
TEL-1eacef729641,CTRL-IAM,AST-00137,2026-08-01T12:23:38.249549,74.4,93.0,HEALTHY,317,cloud_api,GOOD,2026-08-01T12:23:38.249549,CURRENT
TEL-ffe3851654c7,CTRL-IAM,AST-00146,2026-05-15T14:23:38.249549,69.3,40.1,DEGRADED,161,agent,GOOD,2026-05-15T14:23:38.249549,BASELINE
TEL-7a5f2f52230a,CTRL-IAM,AST-00146,2026-07-31T17:23:38.249549,90.0,67.0,HEALTHY,353,agent,DEGRADED,2026-07-31T17:23:38.249549,CURRENT
TEL-bbe94b2f71c6,CTRL-IAM,AST-00122,2026-05-11T14:23:38.249549,55.6,48.1,HEALTHY,121,syslog,GOOD,2026-05-11T14:23:38.249549,BASELINE
TEL-59e6ad158b7c,CTRL-IAM,AST-00122,2026-08-07T13:23:38.249549,78.6,77.5,DEGRADED,236,syslog,GOOD,2026-08-07T13:23:38.249549,CURRENT
TEL-7b8023194059,CTRL-IAM,AST-00079,2026-05-11T14:23:38.249549,59.0,51.2,HEALTHY,120,syslog,GOOD,2026-05-11T14:23:38.249549,BASELINE
TEL-5841922bb91a,CTRL-IAM,AST-00079,2026-08-06T23:23:38.249549,98.3,81.1,HEALTHY,276,agent,GOOD,2026-08-06T23:23:38.249549,CURRENT
TEL-a759ddf4a807,CTRL-IAM,AST-00035,2026-05-13T14:23:38.249549,67.1,49.1,HEALTHY,424,syslog,GOOD,2026-05-13T14:23:38.249549,BASELINE
TEL-a5cd0eb65242,CTRL-IAM,AST-00035,2026-08-08T04:23:38.249549,100,74.9,HEALTHY,301,syslog,GOOD,2026-08-08T04:23:38.249549,CURRENT
TEL-d9256f2d91da,CTRL-IAM,AST-00154,2026-05-13T14:23:38.249549,47.9,68.3,HEALTHY,221,cloud_api,GOOD,2026-05-13T14:23:38.249549,BASELINE
TEL-6df763c9d474,CTRL-IAM,AST-00154,2026-07-31T23:23:38.249549,84.7,86.6,HEALTHY,183,syslog,GOOD,2026-07-31T23:23:38.249549,CURRENT
TEL-8884b3ca3ce6,CTRL-IAM,AST-00090,2026-05-15T14:23:38.249549,50.8,45.2,HEALTHY,207,agent,GOOD,2026-05-15T14:23:38.249549,BASELINE
TEL-751d967b86bb,CTRL-IAM,AST-00090,2026-08-03T23:23:38.249549,84.2,75.7,HEALTHY,299,agent,GOOD,2026-08-03T23:23:38.249549,CURRENT
TEL-48ab79206563,CTRL-IAM,AST-00142,2026-05-12T14:23:38.249549,72.7,59.1,HEALTHY,284,agent,GOOD,2026-05-12T14:23:38.249549,BASELINE
TEL-de2d4e4759ca,CTRL-IAM,AST-00142,2026-08-07T18:23:38.249549,100,80.5,HEALTHY,180,syslog,GOOD,2026-07-28T14:23:38.249549,CURRENT
TEL-802c41be6c0c,CTRL-IAM,AST-00185,2026-05-13T14:23:38.249549,73.0,62.7,HEALTHY,389,cloud_api,DEGRADED,2026-05-13T14:23:38.249549,BASELINE
TEL-576103fd79d2,CTRL-IAM,AST-00185,2026-08-06T18:23:38.249549,98.2,97.5,DEGRADED,405,agent,GOOD,2026-08-06T18:23:38.249549,CURRENT
TEL-9b3644f62d6c,CTRL-IAM,AST-00110,2026-05-10T14:23:38.249549,53.2,57.2,HEALTHY,87,syslog,GOOD,2026-05-10T14:23:38.249549,BASELINE
TEL-954e6138950b,CTRL-IAM,AST-00110,2026-08-02T03:23:38.249549,75.4,84.1,HEALTHY,425,cloud_api,GOOD,2026-08-02T03:23:38.249549,CURRENT
TEL-17203c2e5b69,CTRL-IAM,AST-00172,2026-05-13T14:23:38.249549,46.6,52.9,HEALTHY,367,agent,GOOD,2026-05-13T14:23:38.249549,BASELINE
TEL-2f830ac790df,CTRL-IAM,AST-00172,2026-07-30T16:23:38.249549,,71.6,HEALTHY,390,agent,GOOD,2026-07-30T16:23:38.249549,CURRENT
TEL-d901c01aac26,CTRL-IAM,AST-00074,2026-05-14T14:23:38.249549,50.3,65.1,HEALTHY,23,cloud_api,DEGRADED,2026-05-14T14:23:38.249549,BASELINE
TEL-8b1c2d7d1804,CTRL-IAM,AST-00074,2026-08-06T06:23:38.249549,69.3,82.0,HEALTHY,19,cloud_api,GOOD,2026-08-06T06:23:38.249549,CURRENT
TEL-f70a06cddf01,CTRL-IAM,AST-00206,2026-05-10T14:23:38.249549,57.0,62.5,DEGRADED,200,cloud_api,GOOD,2026-05-10T14:23:38.249549,BASELINE
TEL-c76807f6ba27,CTRL-IAM,AST-00206,2026-08-03T13:23:38.249549,95.1,94.1,HEALTHY,293,cloud_api,GOOD,2026-08-03T13:23:38.249549,CURRENT
TEL-4e95293c8934,CTRL-IAM,AST-00089,2026-05-15T14:23:38.249549,50.2,42.7,HEALTHY,105,agent,GOOD,2026-05-15T14:23:38.249549,BASELINE
TEL-3b1e2c5faa33,CTRL-IAM,AST-00089,2026-08-07T01:23:38.249549,72.0,74.2,HEALTHY,132,cloud_api,GOOD,2026-08-07T01:23:38.249549,CURRENT
TEL-cf3251eb9e72,CTRL-IAM,AST-00216,2026-05-13T14:23:38.249549,73.9,68.2,DEGRADED,59,syslog,GOOD,2026-05-13T14:23:38.249549,BASELINE
TEL-ff1332704ae4,CTRL-IAM,AST-00216,2026-08-04T21:23:38.249549,96.4,97.5,DEGRADED,267,cloud_api,GOOD,2026-08-04T21:23:38.249549,CURRENT
TEL-d492be20beea,CTRL-IAM,AST-00042,2026-05-11T14:23:38.249549,57.6,40.9,HEALTHY,319,agent,GOOD,2026-05-11T14:23:38.249549,BASELINE
TEL-f0e722c5fa3b,CTRL-IAM,AST-00042,2026-07-31T04:23:38.249549,95.6,73.1,HEALTHY,439,cloud_api,GOOD,2026-07-31T04:23:38.249549,CURRENT
TEL-9290cf9914ad,CTRL-IAM,AST-00106,2026-05-14T14:23:38.249549,61.5,42.6,HEALTHY,357,agent,GOOD,2026-05-14T14:23:38.249549,BASELINE
TEL-1ea6fcd30edd,CTRL-IAM,AST-00106,2026-08-02T01:23:38.249549,77.0,74.5,HEALTHY,136,cloud_api,GOOD,2026-08-02T01:23:38.249549,CURRENT
TEL-9c7c45f8b648,CTRL-IAM,AST-00211,2026-05-11T14:23:38.249549,59.9,50.4,HEALTHY,229,syslog,GOOD,2026-05-11T14:23:38.249549,BASELINE
TEL-8e3d3a696e28,CTRL-IAM,AST-00211,2026-08-03T06:23:38.249549,1080.4,81.0,HEALTHY,115,cloud_api,GOOD,2026-08-03T06:23:38.249549,CURRENT
TEL-06fbabb29b9b,CTRL-IAM,AST-00103,2026-05-11T14:23:38.249549,49.1,41.2,HEALTHY,136,agent,GOOD,2026-05-11T14:23:38.249549,BASELINE
TEL-efc972852335,CTRL-IAM,AST-00103,2026-08-06T12:23:38.249549,78.1,70.0,HEALTHY,447,cloud_api,GOOD,2026-07-21T14:23:38.249549,CURRENT
TEL-b5ffc82b815e,CTRL-IAM,AST-00166,2026-05-15T14:23:38.249549,54.4,48.0,HEALTHY,308,agent,GOOD,2026-05-15T14:23:38.249549,BASELINE
TEL-8e0881486eb1,CTRL-IAM,AST-00166,2026-08-05T15:23:38.249549,,64.9,HEALTHY,344,cloud_api,GOOD,2026-08-05T15:23:38.249549,CURRENT
TEL-9d36bee5f76a,CTRL-IAM,AST-00207,2026-05-11T14:23:38.249549,59.7,52.3,DEGRADED,134,cloud_api,GOOD,2026-05-11T14:23:38.249549,BASELINE
TEL-5cc75f6726a3,CTRL-IAM,AST-00207,2026-08-03T18:23:38.249549,2025-12-29T14:23:38.249549,69.2,HEALTHY,431,syslog,DEGRADED,2026-08-03T18:23:38.249549,CURRENT
TEL-755f2cefde13,CTRL-IAM,AST-00065,2026-05-11T14:23:38.249549,55.5,66.9,HEALTHY,206,syslog,DEGRADED,2026-05-11T14:23:38.249549,BASELINE
TEL-382a521d67eb,CTRL-IAM,AST-00065,2026-08-01T09:23:38.249549,80.9,98.9,HEALTHY,152,syslog,GOOD,2026-08-01T09:23:38.249549,CURRENT
TEL-1a2ddded966f,CTRL-IAM,AST-00092,2026-05-10T14:23:38.249549,56.2,58.3,DEGRADED,85,syslog,GOOD,2026-05-10T14:23:38.249549,BASELINE
TEL-12ffaf08ffdd,CTRL-IAM,AST-00092,2026-08-07T00:23:38.249549,2026-02-02T14:23:38.249549,73.9,HEALTHY,332,syslog,GOOD,2026-08-07T00:23:38.249549,CURRENT
TEL-9840b58fc139,CTRL-IAM,AST-00016,2026-05-10T14:23:38.249549,53.7,52.4,HEALTHY,126,cloud_api,GOOD,2026-05-10T14:23:38.249549,BASELINE
TEL-b34a731f0b62,CTRL-IAM,AST-00016,2026-08-05T00:23:38.249549,74.6,85.0,HEALTHY,202,cloud_api,GOOD,2026-08-05T00:23:38.249549,CURRENT
TEL-d0ae3d0b1315,CTRL-IAM,AST-00127,2026-05-10T14:23:38.249549,65.0,52.1,HEALTHY,93,cloud_api,GOOD,2026-05-10T14:23:38.249549,BASELINE
TEL-bc4ec3306104,CTRL-IAM,AST-00127,2026-08-02T18:23:38.249549,80.5,81.2,HEALTHY,397,agent,GOOD,2026-08-02T18:23:38.249549,CURRENT
TEL-2221d425045b,CTRL-IAM,AST-00037,2026-05-11T14:23:38.249549,68.1,59.4,HEALTHY,413,agent,GOOD,2026-05-11T14:23:38.249549,BASELINE
TEL-7459f870480e,CTRL-IAM,AST-00037,2026-08-03T06:23:38.249549,94.4,83.0,HEALTHY,348,agent,GOOD,2026-08-03T06:23:38.249549,CURRENT
TEL-145f43cca637,CTRL-IAM,AST-00135,2026-05-13T14:23:38.249549,65.8,55.1,HEALTHY,326,cloud_api,GOOD,2026-05-13T14:23:38.249549,BASELINE
TEL-6f8f44a9aef3,CTRL-IAM,AST-00135,2026-08-08T08:23:38.249549,100,79.7,HEALTHY,71,agent,GOOD,2026-08-08T08:23:38.249549,CURRENT
TEL-38b624596bcc,CTRL-IAM,AST-00125,2026-05-10T14:23:38.249549,46.8,56.8,HEALTHY,226,agent,GOOD,2026-05-10T14:23:38.249549,BASELINE
TEL-09648b90badd,CTRL-IAM,AST-00125,2026-08-02T19:23:38.249549,78.0,87.1,HEALTHY,205,agent,GOOD,2026-08-02T19:23:38.249549,CURRENT
TEL-052590466372,CTRL-IAM,AST-00018,2026-05-14T14:23:38.249549,73.9,40.4,DEGRADED,429,syslog,GOOD,2026-05-14T14:23:38.249549,BASELINE
TEL-61b8ca3ea821,CTRL-IAM,AST-00018,2026-08-02T10:23:38.249549,100,59.3,DEGRADED,251,agent,GOOD,2026-08-02T10:23:38.249549,CURRENT
TEL-8a3181cda435,CTRL-IAM,AST-00039,2026-05-11T14:23:38.249549,57.6,66.5,HEALTHY,472,agent,GOOD,2026-05-11T14:23:38.249549,BASELINE
TEL-b7f18b2b5525,CTRL-IAM,AST-00039,2026-08-03T16:23:38.249549,80.6,85.6,HEALTHY,207,syslog,GOOD,2026-08-03T16:23:38.249549,CURRENT
TEL-addf2d2e29d0,CTRL-IAM,AST-00028,2026-05-15T14:23:38.249549,45.9,57.7,HEALTHY,394,agent,DEGRADED,2026-05-15T14:23:38.249549,BASELINE
TEL-71c61fede0cd,CTRL-IAM,AST-00028,2026-08-06T02:23:38.249549,78.9,86.5,HEALTHY,9,agent,GOOD,2026-08-06T02:23:38.249549,CURRENT
TEL-bdbe8f06dc9b,CTRL-IAM,AST-00115,2026-05-13T14:23:38.249549,68.3,52.6,HEALTHY,419,syslog,GOOD,2026-05-13T14:23:38.249549,BASELINE
TEL-7615a9a4062e,CTRL-IAM,AST-00115,2026-08-02T05:23:38.249549,1098.5,68.1,FAILED,139,agent,GOOD,2026-08-02T05:23:38.249549,CURRENT
TEL-3a0463844dd6,CTRL-IAM,AST-00060,2026-05-10T14:23:38.249549,60.4,59.8,DEGRADED,347,syslog,GOOD,2026-05-10T14:23:38.249549,BASELINE
TEL-013881426782,CTRL-IAM,AST-00060,2026-08-01T04:23:38.249549,94.8,79.7,HEALTHY,440,agent,GOOD,2026-08-01T04:23:38.249549,CURRENT
TEL-e90d76f462ee,CTRL-IAM,AST-00170,2026-05-12T14:23:38.249549,56.3,59.9,HEALTHY,386,agent,GOOD,2026-05-12T14:23:38.249549,BASELINE
TEL-8b8dc934ee35,CTRL-IAM,AST-00170,2026-07-30T04:23:38.249549,87.3,88.5,HEALTHY,471,syslog,GOOD,2026-07-30T04:23:38.249549,CURRENT
TEL-b9329e91da9e,CTRL-IAM,AST-00052,2026-05-13T14:23:38.249549,-72.0,42.8,HEALTHY,79,cloud_api,GOOD,2026-05-13T14:23:38.249549,BASELINE
TEL-aeab9ae4364c,CTRL-IAM,AST-00052,2026-07-31T08:23:38.249549,,57.8,HEALTHY,276,agent,GOOD,2026-07-31T08:23:38.249549,CURRENT
TEL-0541c3702724,CTRL-IAM,AST-00009,2026-05-11T14:23:38.249549,71.9,42.0,DEGRADED,281,agent,GOOD,2026-05-11T14:23:38.249549,BASELINE
TEL-45b717c87462,CTRL-IAM,AST-00009,2026-08-02T23:23:38.249549,100,60.2,DEGRADED,167,agent,GOOD,2026-08-02T23:23:38.249549,CURRENT
TEL-053ca7299799,CTRL-IAM,AST-00044,2026-05-12T14:23:38.249549,45.6,55.2,HEALTHY,323,cloud_api,GOOD,2026-05-12T14:23:38.249549,BASELINE
TEL-4c21a2516ed3,CTRL-IAM,AST-00044,2026-08-02T14:23:38.249549,64.3,81.8,HEALTHY,368,syslog,DEGRADED,2026-07-13T14:23:38.249549,CURRENT
TEL-8711622e300f,CTRL-IAM,AST-00131,2026-05-11T14:23:38.249549,56.5,64.0,HEALTHY,430,agent,GOOD,2026-05-11T14:23:38.249549,BASELINE
TEL-9e99ecf845da,CTRL-IAM,AST-00131,2026-08-08T11:23:38.249549,74.3,87.1,HEALTHY,89,cloud_api,GOOD,2026-08-08T11:23:38.249549,CURRENT
TEL-e0b63f7ecd97,CTRL-IAM,AST-00123,2026-05-14T14:23:38.249549,72.0,48.1,HEALTHY,129,cloud_api,BAD,2026-05-14T14:23:38.249549,BASELINE
TEL-b17109688cfc,CTRL-IAM,AST-00123,2026-08-04T13:23:38.249549,93.7,69.6,DEGRADED,41,agent,GOOD,2026-08-04T13:23:38.249549,CURRENT
TEL-72fbed3c1a4a,CTRL-IAM,AST-00152,2026-05-11T14:23:38.249549,67.4,67.9,HEALTHY,305,agent,GOOD,2026-05-11T14:23:38.249549,BASELINE
TEL-7417df7d5b70,CTRL-IAM,AST-00152,2026-08-01T14:23:38.249549,100,85.8,HEALTHY,186,agent,GOOD,2026-08-01T14:23:38.249549,CURRENT
TEL-32e5883e5e13,CTRL-IAM,AST-00104,2026-05-15T14:23:38.249549,61.5,53.5,HEALTHY,389,cloud_api,GOOD,2026-05-15T14:23:38.249549,BASELINE
TEL-2c3a1e9e513f,CTRL-IAM,AST-00104,2026-08-07T23:23:38.249549,83.2,85.0,HEALTHY,68,syslog,GOOD,2026-08-07T23:23:38.249549,CURRENT
TEL-e50930b49f8c,CTRL-IAM,AST-00049,2026-05-10T14:23:38.249549,55.6,62.9,HEALTHY,188,cloud_api,GOOD,2026-05-10T14:23:38.249549,BASELINE
TEL-805a1bab2ceb,CTRL-IAM,AST-00049,2026-08-01T03:23:38.249549,76.1,83.0,DEGRADED,139,syslog,GOOD,2026-08-01T03:23:38.249549,CURRENT
TEL-11090fb1cb29,CTRL-IAM,AST-00175,2026-05-11T14:23:38.249549,48.6,57.1,DEGRADED,204,cloud_api,GOOD,2026-05-11T14:23:38.249549,BASELINE
TEL-0a34ec7497f9,CTRL-IAM,AST-00175,2026-08-03T02:23:38.249549,85.4,92.1,HEALTHY,195,cloud_api,GOOD,2026-08-03T02:23:38.249549,CURRENT
TEL-ae145cb9115b,CTRL-IAM,AST-00160,2026-05-10T14:23:38.249549,63.1,55.9,HEALTHY,418,cloud_api,DEGRADED,2026-05-10T14:23:38.249549,BASELINE
TEL-af808a758cf7,CTRL-IAM,AST-00160,2026-08-07T05:23:38.249549,93.8,76.5,HEALTHY,383,agent,DEGRADED,2026-08-07T05:23:38.249549,CURRENT
TEL-7df6b2670f38,CTRL-IAM,AST-00184,2026-05-14T14:23:38.249549,50.6,45.5,HEALTHY,203,agent,DEGRADED,2026-05-14T14:23:38.249549,BASELINE
TEL-02d78a9bee2e,CTRL-IAM,AST-00184,2026-08-02T00:23:38.249549,78.7,79.8,HEALTHY,96,cloud_api,GOOD,2026-08-02T00:23:38.249549,CURRENT
TEL-75f424785aaa,CTRL-IAM,AST-00011,2026-05-11T14:23:38.249549,74.6,68.4,HEALTHY,487,syslog,GOOD,2026-05-11T14:23:38.249549,BASELINE
TEL-39055f5dfb68,CTRL-IAM,AST-00011,2026-08-02T08:23:38.249549,100,96.6,HEALTHY,442,cloud_api,GOOD,2026-08-02T08:23:38.249549,CURRENT
TEL-8ec3dfe5cb3e,CTRL-IAM,AST-00107,2026-05-13T14:23:38.249549,58.9,58.3,HEALTHY,268,agent,GOOD,2026-05-13T14:23:38.249549,BASELINE
TEL-d65414466207,CTRL-IAM,AST-00107,2026-08-08T11:23:38.249549,86.3,80.8,DEGRADED,416,agent,GOOD,2026-08-08T11:23:38.249549,CURRENT
TEL-164154493aac,CTRL-IAM,AST-00124,2026-05-10T14:23:38.249549,51.0,45.7,HEALTHY,15,agent,DEGRADED,2026-05-10T14:23:38.249549,BASELINE
TEL-ac3d5a097739,CTRL-IAM,AST-00124,2026-08-06T23:23:38.249549,79.2,76.0,HEALTHY,476,cloud_api,GOOD,2026-07-10T14:23:38.249549,CURRENT
TEL-568f3740946d,CTRL-IAM,AST-00045,2026-05-15T14:23:38.249549,63.5,42.0,DEGRADED,445,cloud_api,GOOD,2026-05-15T14:23:38.249549,BASELINE
TEL-ee6cc75a6427,CTRL-IAM,AST-00045,2026-08-01T16:23:38.249549,97.2,72.9,HEALTHY,104,syslog,GOOD,2026-08-01T16:23:38.249549,CURRENT
TEL-5bff03ea5147,CTRL-IAM,AST-00066,2026-05-11T14:23:38.249549,59.9,59.1,HEALTHY,329,cloud_api,GOOD,2026-05-11T14:23:38.249549,BASELINE
TEL-c7b8ca0386cb,CTRL-IAM,AST-00066,2026-08-08T06:23:38.249549,78.7,84.9,HEALTHY,481,syslog,GOOD,2026-08-08T06:23:38.249549,CURRENT
TEL-7974d00dc687,CTRL-IAM,AST-00217,2026-05-10T14:23:38.249549,72.3,69.1,HEALTHY,118,agent,GOOD,2026-05-10T14:23:38.249549,BASELINE
TEL-f21af56d4273,CTRL-IAM,AST-00217,2026-08-03T02:23:38.249549,95.5,97.1,HEALTHY,409,agent,GOOD,2026-08-03T02:23:38.249549,CURRENT
TEL-ff6557d6869e,CTRL-IAM,AST-00165,2026-05-14T14:23:38.249549,52.8,52.0,HEALTHY,471,agent,GOOD,2026-05-14T14:23:38.249549,BASELINE
TEL-790b2df49391,CTRL-IAM,AST-00165,2026-07-29T14:23:38.249549,90.5,85.3,HEALTHY,2,agent,GOOD,2026-07-29T14:23:38.249549,CURRENT
TEL-4ed7562c2d26,CTRL-IAM,AST-00073,2026-05-13T14:23:38.249549,55.9,40.1,HEALTHY,170,cloud_api,GOOD,2026-05-13T14:23:38.249549,BASELINE
TEL-7217b9737710,CTRL-IAM,AST-00073,2026-08-07T13:23:38.249549,86.6,67.4,HEALTHY,394,cloud_api,GOOD,2026-08-07T13:23:38.249549,CURRENT
TEL-692f8940e533,CTRL-IAM,AST-00153,2026-05-10T14:23:38.249549,45.2,68.2,HEALTHY,37,syslog,GOOD,2026-05-10T14:23:38.249549,BASELINE
TEL-0f6e3a4a9556,CTRL-IAM,AST-00153,2026-08-01T01:23:38.249549,66.4,93.0,HEALTHY,6,agent,GOOD,2026-08-01T01:23:38.249549,CURRENT
TEL-37c83212f7fd,CTRL-IAM,AST-00097,2026-05-12T14:23:38.249549,59.9,42.2,HEALTHY,294,syslog,GOOD,2026-05-12T14:23:38.249549,BASELINE
TEL-8da02b74f4df,CTRL-IAM,AST-00097,2026-08-07T23:23:38.249549,2026-01-20T14:23:38.249549,77.0,HEALTHY,298,syslog,GOOD,2026-08-07T23:23:38.249549,CURRENT
TEL-80ac7bab1d33,CTRL-IAM,AST-00046,2026-05-11T14:23:38.249549,62.7,45.8,DEGRADED,436,cloud_api,GOOD,2026-05-11T14:23:38.249549,BASELINE
TEL-2f84566386bb,CTRL-IAM,AST-00046,2026-08-05T10:23:38.249549,90.6,70.0,HEALTHY,138,cloud_api,GOOD,2026-08-05T10:23:38.249549,CURRENT
TEL-a3f7014622b5,CTRL-IAM,AST-00031,2026-05-11T14:23:38.249549,58.3,52.5,DEGRADED,453,agent,GOOD,2026-05-11T14:23:38.249549,BASELINE
TEL-eafaaab9bbd4,CTRL-IAM,AST-00031,2026-08-05T06:23:38.249549,97.3,70.1,HEALTHY,311,agent,GOOD,2026-08-05T06:23:38.249549,CURRENT
TEL-8586644a54fc,CTRL-IAM,AST-00080,2026-05-12T14:23:38.249549,63.9,60.6,HEALTHY,336,agent,DEGRADED,2026-05-12T14:23:38.249549,BASELINE
TEL-3b3d79c6bf2e,CTRL-IAM,AST-00080,2026-08-07T16:23:38.249549,100,92.7,HEALTHY,98,cloud_api,GOOD,2026-08-07T16:23:38.249549,CURRENT
TEL-084df4fe3e44,CTRL-IAM,AST-00117,2026-05-12T14:23:38.249549,69.4,50.6,HEALTHY,413,agent,GOOD,2026-05-12T14:23:38.249549,BASELINE
TEL-f817915ce8fd,CTRL-IAM,AST-00117,2026-08-02T19:23:38.249549,98.4,65.6,HEALTHY,317,cloud_api,GOOD,2026-08-02T19:23:38.249549,CURRENT
TEL-e09076e3072c,CTRL-IAM,AST-00001,2026-05-13T14:23:38.249549,52.5,67.7,HEALTHY,5,syslog,GOOD,2026-05-13T14:23:38.249549,BASELINE
TEL-c39657bd9b7d,CTRL-IAM,AST-00001,2026-07-30T20:23:38.249549,84.1,83.6,HEALTHY,159,agent,GOOD,2026-07-22T14:23:38.249549,CURRENT
TEL-9f339605049c,CTRL-IAM,AST-00171,2026-05-15T14:23:38.249549,74.5,47.5,HEALTHY,276,agent,GOOD,2026-05-15T14:23:38.249549,BASELINE
TEL-d9758e6c10c8,CTRL-IAM,AST-00171,2026-08-02T19:23:38.249549,100,80.9,HEALTHY,481,syslog,GOOD,2026-08-02T19:23:38.249549,CURRENT
TEL-39d10f18f5fa,CTRL-IAM,AST-00070,2026-05-15T14:23:38.249549,52.2,64.6,HEALTHY,10,syslog,GOOD,2026-05-15T14:23:38.249549,BASELINE
TEL-c9f5f797081a,CTRL-IAM,AST-00070,2026-08-05T15:23:38.249549,76.5,90.7,HEALTHY,311,syslog,GOOD,2026-08-05T15:23:38.249549,CURRENT
TEL-c50d919a48af,CTRL-IAM,AST-00111,2026-05-11T14:23:38.249549,74.1,60.8,HEALTHY,369,cloud_api,GOOD,2026-05-11T14:23:38.249549,BASELINE
TEL-88a42ec104b2,CTRL-IAM,AST-00111,2026-07-30T09:23:38.249549,,89.9,HEALTHY,134,agent,GOOD,2026-07-30T09:23:38.249549,CURRENT
TEL-3d7bec44d439,CTRL-IAM,AST-00197,2026-05-10T14:23:38.249549,60.2,63.1,HEALTHY,247,agent,GOOD,2026-05-10T14:23:38.249549,BASELINE
TEL-68d2b6706113,CTRL-IAM,AST-00197,2026-08-03T05:23:38.249549,2025-07-08T14:23:38.249549,86.7,HEALTHY,47,syslog,GOOD,2026-08-03T05:23:38.249549,CURRENT
TEL-6a051177f00e,CTRL-IAM,AST-00012,2026-05-10T14:23:38.249549,69.7,69.4,DEGRADED,74,cloud_api,GOOD,2026-05-10T14:23:38.249549,BASELINE
TEL-81164391216c,CTRL-IAM,AST-00012,2026-08-07T15:23:38.249549,100,100,HEALTHY,287,agent,GOOD,2026-08-07T15:23:38.249549,CURRENT
TEL-476838fdf9c4,CTRL-IAM,AST-00199,2026-05-15T14:23:38.249549,1069.0,59.7,HEALTHY,81,agent,GOOD,2026-05-15T14:23:38.249549,BASELINE
TEL-3622c0ca4107,CTRL-IAM,AST-00199,2026-08-04T07:23:38.249549,90.0,77.0,HEALTHY,243,cloud_api,DEGRADED,2026-08-04T07:23:38.249549,CURRENT
TEL-b2a950994d24,CTRL-IAM,AST-00163,2026-05-10T14:23:38.249549,55.9,54.4,DEGRADED,395,agent,DEGRADED,2026-05-10T14:23:38.249549,BASELINE
TEL-a215270bd6e8,CTRL-IAM,AST-00163,2026-07-30T09:23:38.249549,77.9,83.4,HEALTHY,148,cloud_api,GOOD,2026-07-30T09:23:38.249549,CURRENT
TEL-985885d1653c,CTRL-IAM,AST-00058,2026-05-13T14:23:38.249549,69.7,61.9,DEGRADED,208,agent,DEGRADED,2026-05-13T14:23:38.249549,BASELINE
TEL-422011e48009,CTRL-IAM,AST-00058,2026-07-30T06:23:38.249549,99.0,88.4,HEALTHY,192,agent,GOOD,2026-07-30T06:23:38.249549,CURRENT
TEL-8c431b16df47,CTRL-IAM,AST-00084,2026-05-12T14:23:38.249549,74.3,51.5,HEALTHY,284,cloud_api,GOOD,2026-05-12T14:23:38.249549,BASELINE
TEL-56ea7a3aa6b3,CTRL-IAM,AST-00084,2026-08-08T10:23:38.249549,92.7,81.3,HEALTHY,475,agent,GOOD,2026-08-08T10:23:38.249549,CURRENT
TEL-37300c271e9f,CTRL-IAM,AST-00215,2026-05-10T14:23:38.249549,46.2,53.0,DEGRADED,44,syslog,GOOD,2026-05-10T14:23:38.249549,BASELINE
TEL-fc0a82642561,CTRL-IAM,AST-00215,2026-08-07T05:23:38.249549,71.1,68.2,HEALTHY,5,agent,GOOD,2026-07-14T14:23:38.249549,CURRENT
TEL-387f074d58a9,CTRL-IAM,AST-00179,2026-05-15T14:23:38.249549,62.8,41.8,HEALTHY,311,cloud_api,GOOD,2026-05-15T14:23:38.249549,BASELINE
TEL-12f86cee437c,CTRL-IAM,AST-00179,2026-08-08T07:23:38.249549,100,71.6,HEALTHY,189,syslog,GOOD,2026-08-08T07:23:38.249549,CURRENT
TEL-e6f27d3c3872,CTRL-IAM,AST-00173,2026-05-11T14:23:38.249549,2025-07-08T14:23:38.249549,43.4,HEALTHY,22,agent,DEGRADED,2026-05-11T14:23:38.249549,BASELINE
TEL-c74ea63dbe05,CTRL-IAM,AST-00173,2026-08-04T10:23:38.249549,83.7,71.3,DEGRADED,478,cloud_api,GOOD,2026-08-04T10:23:38.249549,CURRENT
TEL-47064a8385da,CTRL-IAM,AST-00156,2026-05-10T14:23:38.249549,52.7,58.9,HEALTHY,309,cloud_api,GOOD,2026-05-10T14:23:38.249549,BASELINE
TEL-15ee793476a6,CTRL-IAM,AST-00156,2026-08-05T05:23:38.249549,74.6,92.9,HEALTHY,285,agent,GOOD,2026-08-05T05:23:38.249549,CURRENT
TEL-dfa6d3edaddd,CTRL-IAM,AST-00132,2026-05-14T14:23:38.249549,48.6,51.7,DEGRADED,144,cloud_api,GOOD,2026-05-14T14:23:38.249549,BASELINE
TEL-e95aafd5e727,CTRL-IAM,AST-00132,2026-08-06T08:23:38.249549,77.3,79.3,HEALTHY,351,cloud_api,GOOD,2026-08-06T08:23:38.249549,CURRENT
TEL-41e09c38c7a9,CTRL-IAM,AST-00180,2026-05-10T14:23:38.249549,59.8,49.4,HEALTHY,415,cloud_api,GOOD,2026-05-10T14:23:38.249549,BASELINE
TEL-ac120d0ea029,CTRL-IAM,AST-00180,2026-08-06T02:23:38.249549,87.2,72.6,HEALTHY,151,cloud_api,DEGRADED,2026-08-06T02:23:38.249549,CURRENT
TEL-58803fb13d7d,CTRL-IAM,AST-00168,2026-05-11T14:23:38.249549,49.6,67.6,HEALTHY,258,cloud_api,GOOD,2026-05-11T14:23:38.249549,BASELINE
TEL-b19cd925ee0c,CTRL-IAM,AST-00168,2026-08-04T20:23:38.249549,75.2,83.0,HEALTHY,225,agent,GOOD,2026-08-04T20:23:38.249549,CURRENT
TEL-d9f65ccc5f92,CTRL-IAM,AST-00190,2026-05-13T14:23:38.249549,64.0,54.9,HEALTHY,31,cloud_api,GOOD,2026-05-13T14:23:38.249549,BASELINE
TEL-ad80648a799c,CTRL-IAM,AST-00190,2026-08-08T01:23:38.249549,81.3,71.8,HEALTHY,167,cloud_api,GOOD,2026-08-08T01:23:38.249549,CURRENT
TEL-8c19da3f4eeb,CTRL-IAM,AST-00099,2026-05-12T14:23:38.249549,53.0,69.1,DEGRADED,355,cloud_api,GOOD,2026-05-12T14:23:38.249549,BASELINE
TEL-368dea3754fc,CTRL-IAM,AST-00099,2026-08-06T08:23:38.249549,85.7,98.7,HEALTHY,376,agent,GOOD,2026-08-06T08:23:38.249549,CURRENT
TEL-bffd02a18b7f,CTRL-IAM,AST-00155,2026-05-15T14:23:38.249549,73.0,55.9,HEALTHY,297,agent,GOOD,2026-05-15T14:23:38.249549,BASELINE
TEL-3f9988bed7d1,CTRL-IAM,AST-00155,2026-07-29T15:23:38.249549,100,79.6,HEALTHY,451,cloud_api,GOOD,2026-07-29T15:23:38.249549,CURRENT
TEL-05b38f23ccfe,CTRL-IAM,AST-00059,2026-05-10T14:23:38.249549,59.8,56.8,HEALTHY,95,agent,BAD,2026-05-10T14:23:38.249549,BASELINE
TEL-a8a3a115491d,CTRL-IAM,AST-00059,2026-08-04T15:23:38.249549,90.5,79.7,DEGRADED,45,syslog,GOOD,2026-08-04T15:23:38.249549,CURRENT
TEL-67e3f182926f,CTRL-IAM,AST-00051,2026-05-10T14:23:38.249549,70.7,43.0,HEALTHY,111,agent,DEGRADED,2026-05-10T14:23:38.249549,BASELINE
TEL-d91c311c6951,CTRL-IAM,AST-00051,2026-08-02T04:23:38.249549,100,61.7,HEALTHY,108,syslog,GOOD,2026-08-02T04:23:38.249549,CURRENT
TEL-19262170c6cf,CTRL-IAM,AST-00202,2026-05-14T14:23:38.249549,62.0,48.7,HEALTHY,83,cloud_api,DEGRADED,2026-05-14T14:23:38.249549,BASELINE
TEL-c37c6665c2f2,CTRL-IAM,AST-00202,2026-07-29T19:23:38.249549,98.5,64.5,HEALTHY,303,syslog,GOOD,2026-07-29T19:23:38.249549,CURRENT
TEL-896c76421e51,CTRL-IAM,AST-00007,2026-05-11T14:23:38.249549,50.0,47.1,DEGRADED,333,agent,GOOD,2026-05-11T14:23:38.249549,BASELINE
TEL-483367b125fa,CTRL-IAM,AST-00007,2026-08-06T05:23:38.249549,76.8,80.8,HEALTHY,128,syslog,BAD,2026-08-06T05:23:38.249549,CURRENT
TEL-ac9bda26021f,CTRL-IAM,AST-00025,2026-05-14T14:23:38.249549,47.0,46.8,HEALTHY,152,cloud_api,GOOD,2026-05-14T14:23:38.249549,BASELINE
TEL-b915ce161d47,CTRL-IAM,AST-00025,2026-08-05T15:23:38.249549,77.4,77.8,DEGRADED,4,syslog,GOOD,2026-08-05T15:23:38.249549,CURRENT
TEL-db9be5e74450,CTRL-IAM,AST-00019,2026-05-12T14:23:38.249549,69.6,49.8,HEALTHY,474,cloud_api,GOOD,2026-05-12T14:23:38.249549,BASELINE
TEL-f75d25e0ae10,CTRL-IAM,AST-00019,2026-08-07T06:23:38.249549,100,70.2,HEALTHY,282,agent,GOOD,2026-08-07T06:23:38.249549,CURRENT
TEL-619827f75516,CTRL-IAM,AST-00174,2026-05-11T14:23:38.249549,45.1,63.7,HEALTHY,221,syslog,GOOD,2026-05-11T14:23:38.249549,BASELINE
TEL-24f925152239,CTRL-IAM,AST-00174,2026-08-01T10:23:38.249549,80.9,98.4,HEALTHY,239,agent,GOOD,2026-08-01T10:23:38.249549,CURRENT
TEL-ca947223fc8c,CTRL-IAM,AST-00213,2026-05-13T14:23:38.249549,47.3,55.2,HEALTHY,14,cloud_api,GOOD,2026-05-13T14:23:38.249549,BASELINE
TEL-461dc9b8e85e,CTRL-IAM,AST-00213,2026-08-04T08:23:38.249549,84.4,89.4,HEALTHY,17,cloud_api,GOOD,2026-08-04T08:23:38.249549,CURRENT
TEL-0e72fafebe13,CTRL-IAM,AST-00212,2026-05-10T14:23:38.249549,50.1,49.1,HEALTHY,405,syslog,GOOD,2026-05-10T14:23:38.249549,BASELINE
TEL-f58d4b53d9fc,CTRL-IAM,AST-00212,2026-07-31T20:23:38.249549,-77.7,76.7,DEGRADED,242,cloud_api,GOOD,2026-07-31T20:23:38.249549,CURRENT
TEL-4087cffb3ee3,CTRL-IAM,AST-00040,2026-05-13T14:23:38.249549,57.8,51.1,DEGRADED,125,syslog,GOOD,2026-05-13T14:23:38.249549,BASELINE
TEL-73c4380682cd,CTRL-IAM,AST-00040,2026-07-30T18:23:38.249549,83.3,84.7,HEALTHY,433,cloud_api,DEGRADED,2026-07-30T18:23:38.249549,CURRENT
TEL-77a97dd44378,CTRL-IAM,AST-00139,2026-05-13T14:23:38.249549,68.9,61.9,HEALTHY,300,agent,GOOD,2026-05-13T14:23:38.249549,BASELINE
TEL-c004403f26b1,CTRL-IAM,AST-00139,2026-08-05T18:23:38.249549,100,82.5,HEALTHY,292,syslog,GOOD,2026-08-05T18:23:38.249549,CURRENT
TEL-65c0006e39da,CTRL-IAM,AST-00067,2026-05-10T14:23:38.249549,62.2,48.3,HEALTHY,218,agent,GOOD,2026-05-10T14:23:38.249549,BASELINE
TEL-6987c9bc2db4,CTRL-IAM,AST-00067,2026-08-05T21:23:38.249549,90.8,83.3,HEALTHY,443,cloud_api,GOOD,2026-08-05T21:23:38.249549,CURRENT
TEL-72a935bb5df3,CTRL-IAM,AST-00145,2026-05-13T14:23:38.249549,69.0,64.7,HEALTHY,113,syslog,GOOD,2026-05-13T14:23:38.249549,BASELINE
TEL-bfca120139ec,CTRL-IAM,AST-00145,2026-08-05T11:23:38.249549,89.2,95.2,HEALTHY,280,syslog,GOOD,2026-08-05T11:23:38.249549,CURRENT
TEL-bc36cdd43baa,CTRL-IAM,AST-00220,2026-05-10T14:23:38.249549,71.4,42.2,HEALTHY,173,agent,GOOD,2026-05-10T14:23:38.249549,BASELINE
TEL-f37c8fef911d,CTRL-IAM,AST-00220,2026-08-05T02:23:38.249549,,74.6,HEALTHY,379,syslog,BAD,2026-08-05T02:23:38.249549,CURRENT
TEL-18311e807f37,CTRL-IAM,AST-00086,2026-05-14T14:23:38.249549,71.3,45.8,DEGRADED,153,agent,GOOD,2026-05-14T14:23:38.249549,BASELINE
TEL-d9c17cd46083,CTRL-IAM,AST-00086,2026-08-01T02:23:38.249549,89.7,72.6,HEALTHY,236,syslog,GOOD,2026-08-01T02:23:38.249549,CURRENT
TEL-e6068787bec0,CTRL-IAM,AST-00098,2026-05-11T14:23:38.249549,59.8,63.2,HEALTHY,332,cloud_api,GOOD,2026-05-11T14:23:38.249549,BASELINE
TEL-ef63d37ffaa6,CTRL-IAM,AST-00098,2026-08-06T10:23:38.249549,95.9,88.8,HEALTHY,198,syslog,GOOD,2026-08-06T10:23:38.249549,CURRENT
TEL-656c01e6b382,CTRL-IAM,AST-00141,2026-05-14T14:23:38.249549,65.9,46.0,HEALTHY,382,syslog,GOOD,2026-05-14T14:23:38.249549,BASELINE
TEL-cfd6a0de9005,CTRL-IAM,AST-00141,2026-08-01T18:23:38.249549,100,75.5,HEALTHY,385,syslog,GOOD,2026-08-01T18:23:38.249549,CURRENT
TEL-6e1bb8980c72,CTRL-IAM,AST-00105,2026-05-13T14:23:38.249549,57.9,48.1,HEALTHY,497,agent,DEGRADED,2026-05-13T14:23:38.249549,BASELINE
TEL-33df5b0e2592,CTRL-IAM,AST-00105,2026-08-06T13:23:38.249549,83.9,78.6,HEALTHY,411,agent,GOOD,2026-08-06T13:23:38.249549,CURRENT
TEL-7f31bb6e8ea9,CTRL-IAM,AST-00188,2026-05-13T14:23:38.249549,-61.3,44.2,DEGRADED,375,cloud_api,GOOD,2026-05-13T14:23:38.249549,BASELINE
TEL-7faa9ed25d66,CTRL-IAM,AST-00188,2026-08-07T05:23:38.249549,90.6,60.9,HEALTHY,474,syslog,DEGRADED,2026-08-07T05:23:38.249549,CURRENT
TEL-b368ee9e2438,CTRL-IAM,AST-00002,2026-05-10T14:23:38.249549,54.7,50.8,HEALTHY,2,agent,GOOD,2026-05-10T14:23:38.249549,BASELINE
TEL-aeef5a338e3e,CTRL-IAM,AST-00002,2026-08-06T18:23:38.249549,88.5,75.6,HEALTHY,212,syslog,DEGRADED,2026-08-06T18:23:38.249549,CURRENT
TEL-43d599b8d89f,CTRL-IAM,AST-00121,2026-05-12T14:23:38.249549,53.7,42.1,HEALTHY,131,cloud_api,GOOD,2026-05-12T14:23:38.249549,BASELINE
TEL-af50c3ca06c0,CTRL-IAM,AST-00121,2026-08-05T03:23:38.249549,70.2,64.8,HEALTHY,151,agent,GOOD,2026-08-05T03:23:38.249549,CURRENT
TEL-46c5d5e3f5e1,CTRL-IAM,AST-00133,2026-05-13T14:23:38.249549,70.4,55.9,HEALTHY,162,cloud_api,DEGRADED,2026-05-13T14:23:38.249549,BASELINE
TEL-85a2c3b87c1e,CTRL-IAM,AST-00133,2026-08-08T10:23:38.249549,90.5,89.1,FAILED,209,agent,GOOD,2026-08-08T10:23:38.249549,CURRENT
TEL-eab5f495e245,CTRL-IAM,AST-00083,2026-05-14T14:23:38.249549,63.7,48.0,HEALTHY,408,syslog,GOOD,2026-05-14T14:23:38.249549,BASELINE
TEL-b94f91a8820d,CTRL-IAM,AST-00083,2026-08-01T18:23:38.249549,2025-10-09T14:23:38.249549,81.4,FAILED,397,cloud_api,GOOD,2026-08-01T18:23:38.249549,CURRENT
TEL-3611733be13a,CTRL-IAM,AST-00158,2026-05-15T14:23:38.249549,51.4,40.4,HEALTHY,248,syslog,DEGRADED,2026-05-15T14:23:38.249549,BASELINE
TEL-6358ce2f915f,CTRL-IAM,AST-00158,2026-08-07T22:23:38.249549,83.1,70.8,FAILED,284,cloud_api,GOOD,2026-08-07T22:23:38.249549,CURRENT
TEL-fa9a68da3718,CTRL-IAM,AST-00036,2026-05-10T14:23:38.249549,55.9,55.8,HEALTHY,193,syslog,GOOD,2026-05-10T14:23:38.249549,BASELINE
TEL-cef8237d3b9a,CTRL-IAM,AST-00036,2026-08-03T16:23:38.249549,86.1,76.8,HEALTHY,164,cloud_api,GOOD,2026-08-03T16:23:38.249549,CURRENT
TEL-9c560b28f2dd,CTRL-IAM,AST-00078,2026-05-14T14:23:38.249549,73.6,60.3,HEALTHY,71,syslog,BAD,2026-05-14T14:23:38.249549,BASELINE
TEL-5ee29a1562b1,CTRL-IAM,AST-00078,2026-07-30T18:23:38.249549,2025-08-28T14:23:38.249549,93.1,HEALTHY,446,agent,GOOD,2026-07-30T18:23:38.249549,CURRENT
TEL-41c405bbb4ac,CTRL-IAM,AST-00200,2026-05-11T14:23:38.249549,74.1,55.9,HEALTHY,445,agent,GOOD,2026-05-11T14:23:38.249549,BASELINE
TEL-9002f5b10399,CTRL-IAM,AST-00200,2026-08-05T01:23:38.249549,97.9,90.4,HEALTHY,288,syslog,GOOD,2026-08-05T01:23:38.249549,CURRENT
TEL-466a6d0e2c46,CTRL-IAM,AST-00116,2026-05-12T14:23:38.249549,58.8,53.1,HEALTHY,460,cloud_api,GOOD,2026-05-12T14:23:38.249549,BASELINE
TEL-e1b6e39bcff9,CTRL-IAM,AST-00116,2026-08-07T09:23:38.249549,80.9,75.4,HEALTHY,103,agent,GOOD,2026-08-07T09:23:38.249549,CURRENT
TEL-aa5e312c19f4,CTRL-IAM,AST-00183,2026-05-14T14:23:38.249549,67.6,58.2,HEALTHY,480,cloud_api,GOOD,2026-05-14T14:23:38.249549,BASELINE
TEL-425ea8d1c13e,CTRL-IAM,AST-00183,2026-07-30T07:23:38.249549,85.9,88.9,HEALTHY,86,cloud_api,GOOD,2026-07-30T07:23:38.249549,CURRENT
TEL-5a6d974afd6b,CTRL-IAM,AST-00010,2026-05-12T14:23:38.249549,64.3,51.3,DEGRADED,149,syslog,GOOD,2026-05-12T14:23:38.249549,BASELINE
TEL-11fe1e02072e,CTRL-IAM,AST-00010,2026-08-06T20:23:38.249549,97.3,78.8,HEALTHY,196,cloud_api,GOOD,2026-08-06T20:23:38.249549,CURRENT
TEL-e017bbdf2827,CTRL-IAM,AST-00113,2026-05-12T14:23:38.249549,62.7,59.3,HEALTHY,457,agent,GOOD,2026-05-12T14:23:38.249549,BASELINE
TEL-10225a4b2aad,CTRL-IAM,AST-00113,2026-08-07T15:23:38.249549,94.1,87.9,HEALTHY,195,cloud_api,GOOD,2026-08-07T15:23:38.249549,CURRENT
TEL-1ca1c4680663,CTRL-IAM,AST-00017,2026-05-13T14:23:38.249549,61.9,56.5,HEALTHY,371,agent,GOOD,2026-05-13T14:23:38.249549,BASELINE
TEL-24079fabe012,CTRL-IAM,AST-00017,2026-07-29T17:23:38.249549,87.3,88.2,HEALTHY,296,agent,BAD,2026-07-29T17:23:38.249549,CURRENT
TEL-9921448d42ea,CTRL-IAM,AST-00048,2026-05-10T14:23:38.249549,71.5,60.4,HEALTHY,219,cloud_api,GOOD,2026-05-10T14:23:38.249549,BASELINE
TEL-04bffb5d6c07,CTRL-IAM,AST-00048,2026-08-01T01:23:38.249549,92.2,86.8,HEALTHY,229,agent,GOOD,2026-08-01T01:23:38.249549,CURRENT
TEL-48489aa3a25d,CTRL-IAM,AST-00118,2026-05-15T14:23:38.249549,61.6,69.5,HEALTHY,215,cloud_api,GOOD,2026-05-15T14:23:38.249549,BASELINE
TEL-5d53e6e3214e,CTRL-IAM,AST-00118,2026-08-05T20:23:38.249549,96.8,96.2,FAILED,449,syslog,GOOD,2026-08-05T20:23:38.249549,CURRENT
TEL-25a45a1fa96c,CTRL-IAM,AST-00167,2026-05-10T14:23:38.249549,65.6,62.5,HEALTHY,308,agent,GOOD,2026-05-10T14:23:38.249549,BASELINE
TEL-df7496d8dddd,CTRL-IAM,AST-00167,2026-08-04T20:23:38.249549,100,86.7,HEALTHY,364,syslog,GOOD,2026-08-04T20:23:38.249549,CURRENT
TEL-49146c5144eb,CTRL-IAM,AST-00024,2026-05-13T14:23:38.249549,57.1,55.2,HEALTHY,79,agent,GOOD,2026-05-13T14:23:38.249549,BASELINE
TEL-57d07319f867,CTRL-IAM,AST-00024,2026-08-04T05:23:38.249549,85.9,81.2,HEALTHY,348,agent,GOOD,2026-08-04T05:23:38.249549,CURRENT
TEL-4a2987694082,CTRL-IAM,AST-00093,2026-05-12T14:23:38.249549,73.1,58.1,DEGRADED,279,agent,GOOD,2026-05-12T14:23:38.249549,BASELINE
TEL-82e2c674954d,CTRL-IAM,AST-00093,2026-07-31T18:23:38.249549,100,85.7,HEALTHY,198,syslog,GOOD,2026-07-31T18:23:38.249549,CURRENT
TEL-9baa36d4db26,CTRL-IAM,AST-00014,2026-05-13T14:23:38.249549,47.9,64.5,HEALTHY,389,syslog,GOOD,2026-05-13T14:23:38.249549,BASELINE
TEL-d569285b54d8,CTRL-IAM,AST-00014,2026-08-08T13:23:38.249549,82.1,80.0,HEALTHY,246,agent,GOOD,2026-08-08T13:23:38.249549,CURRENT
TEL-3b1afb03e9e2,CTRL-IAM,AST-00075,2026-05-15T14:23:38.249549,49.3,66.8,DEGRADED,338,cloud_api,GOOD,2026-05-15T14:23:38.249549,BASELINE
TEL-6b4d7ed79e7d,CTRL-IAM,AST-00075,2026-08-03T04:23:38.249549,78.2,86.3,HEALTHY,215,cloud_api,GOOD,2026-07-09T14:23:38.249549,CURRENT
TEL-1f4d0fae2397,CTRL-IAM,AST-00108,2026-05-11T14:23:38.249549,60.3,55.6,HEALTHY,6,cloud_api,GOOD,2026-05-11T14:23:38.249549,BASELINE
TEL-6056edd7a8f8,CTRL-IAM,AST-00108,2026-08-06T14:23:38.249549,85.7,85.1,DEGRADED,336,agent,GOOD,2026-08-06T14:23:38.249549,CURRENT
TEL-09654bd5e4bf,CTRL-CLOUDSEC,AST-00162,2026-05-13T14:23:38.249549,54.0,65.4,HEALTHY,323,syslog,GOOD,2026-05-13T14:23:38.249549,BASELINE
TEL-c413baf1113e,CTRL-CLOUDSEC,AST-00162,2026-08-06T17:23:38.249549,88.9,94.6,HEALTHY,137,syslog,DEGRADED,2026-08-06T17:23:38.249549,CURRENT
TEL-5f41e7c2bee6,CTRL-CLOUDSEC,AST-00011,2026-05-10T14:23:38.249549,72.9,41.9,HEALTHY,340,agent,GOOD,2026-05-10T14:23:38.249549,BASELINE
TEL-2b1a7ce5a2d2,CTRL-CLOUDSEC,AST-00011,2026-08-06T21:23:38.249549,90.7,57.0,DEGRADED,456,agent,GOOD,2026-08-06T21:23:38.249549,CURRENT
TEL-ba69f533530f,CTRL-CLOUDSEC,AST-00175,2026-05-10T14:23:38.249549,67.9,60.0,DEGRADED,104,syslog,GOOD,2026-05-10T14:23:38.249549,BASELINE
TEL-deb7971df432,CTRL-CLOUDSEC,AST-00175,2026-08-01T02:23:38.249549,100,82.8,HEALTHY,368,agent,GOOD,2026-07-27T14:23:38.249549,CURRENT
TEL-60f134459ef6,CTRL-CLOUDSEC,AST-00217,2026-05-10T14:23:38.249549,53.7,47.2,FAILED,324,cloud_api,DEGRADED,2026-05-10T14:23:38.249549,BASELINE
TEL-6a9f41ae6047,CTRL-CLOUDSEC,AST-00217,2026-07-30T23:23:38.249549,84.6,66.3,HEALTHY,196,syslog,GOOD,2026-07-30T23:23:38.249549,CURRENT
TEL-a2dcd4d7c017,CTRL-CLOUDSEC,AST-00197,2026-05-10T14:23:38.249549,48.5,52.5,FAILED,211,cloud_api,DEGRADED,2026-05-10T14:23:38.249549,BASELINE
TEL-7dec299d3714,CTRL-CLOUDSEC,AST-00197,2026-08-02T05:23:38.249549,1085.8,76.5,HEALTHY,415,agent,GOOD,2026-08-02T05:23:38.249549,CURRENT
TEL-66e384f6b72e,CTRL-CLOUDSEC,AST-00082,2026-05-12T14:23:38.249549,70.5,60.4,HEALTHY,460,agent,GOOD,2026-05-12T14:23:38.249549,BASELINE
TEL-090b40b44cfb,CTRL-CLOUDSEC,AST-00082,2026-08-02T01:23:38.249549,88.7,95.0,DEGRADED,249,cloud_api,GOOD,2026-08-02T01:23:38.249549,CURRENT
TEL-42fb79c842e1,CTRL-CLOUDSEC,AST-00113,2026-05-11T14:23:38.249549,45.5,53.6,DEGRADED,61,cloud_api,GOOD,2026-05-11T14:23:38.249549,BASELINE
TEL-c1d1d3bd45d2,CTRL-CLOUDSEC,AST-00113,2026-08-01T20:23:38.249549,72.3,70.0,HEALTHY,179,agent,GOOD,2026-08-01T20:23:38.249549,CURRENT
TEL-49ac62a1da97,CTRL-CLOUDSEC,AST-00174,2026-05-13T14:23:38.249549,2025-12-25T14:23:38.249549,53.0,HEALTHY,384,agent,GOOD,2026-05-13T14:23:38.249549,BASELINE
TEL-e24204355978,CTRL-CLOUDSEC,AST-00174,2026-07-30T22:23:38.249549,100,74.2,HEALTHY,376,syslog,GOOD,2026-07-30T22:23:38.249549,CURRENT
TEL-3a7acb67a731,CTRL-CLOUDSEC,AST-00009,2026-05-11T14:23:38.249549,63.4,57.5,HEALTHY,450,cloud_api,GOOD,2026-05-11T14:23:38.249549,BASELINE
TEL-2bc9652813f7,CTRL-CLOUDSEC,AST-00009,2026-08-03T10:23:38.249549,86.7,75.6,DEGRADED,495,syslog,GOOD,2026-07-25T14:23:38.249549,CURRENT
TEL-26606f6d1b3b,CTRL-CLOUDSEC,AST-00092,2026-05-15T14:23:38.249549,74.2,50.0,HEALTHY,138,cloud_api,DEGRADED,2026-05-15T14:23:38.249549,BASELINE
TEL-102455970ac7,CTRL-CLOUDSEC,AST-00092,2026-08-06T09:23:38.249549,100,66.3,HEALTHY,92,syslog,DEGRADED,2026-08-06T09:23:38.249549,CURRENT
TEL-40c116c76b87,CTRL-CLOUDSEC,AST-00033,2026-05-11T14:23:38.249549,51.9,54.1,HEALTHY,193,syslog,GOOD,2026-05-11T14:23:38.249549,BASELINE
TEL-1cfff69e66aa,CTRL-CLOUDSEC,AST-00033,2026-08-07T22:23:38.249549,66.9,73.9,HEALTHY,424,agent,GOOD,2026-08-07T22:23:38.249549,CURRENT
TEL-75100dcb9cb8,CTRL-CLOUDSEC,AST-00165,2026-05-14T14:23:38.249549,47.8,63.5,HEALTHY,32,agent,DEGRADED,2026-05-14T14:23:38.249549,BASELINE
TEL-05e8cd58fd33,CTRL-CLOUDSEC,AST-00165,2026-08-03T15:23:38.249549,,87.6,HEALTHY,225,cloud_api,GOOD,2026-08-03T15:23:38.249549,CURRENT
TEL-57c1bb3e076d,CTRL-CLOUDSEC,AST-00024,2026-05-12T14:23:38.249549,,41.6,HEALTHY,274,cloud_api,DEGRADED,2026-05-12T14:23:38.249549,BASELINE
TEL-e5c4811fb236,CTRL-CLOUDSEC,AST-00024,2026-08-03T06:23:38.249549,85.6,67.1,HEALTHY,47,agent,GOOD,2026-08-03T06:23:38.249549,CURRENT
TEL-7f8a08390280,CTRL-CLOUDSEC,AST-00135,2026-05-10T14:23:38.249549,58.0,45.1,HEALTHY,233,agent,GOOD,2026-05-10T14:23:38.249549,BASELINE
TEL-5e45f80a6a19,CTRL-CLOUDSEC,AST-00135,2026-08-03T10:23:38.249549,86.4,62.2,HEALTHY,154,agent,GOOD,2026-08-03T10:23:38.249549,CURRENT
TEL-52b1e583c9f6,CTRL-CLOUDSEC,AST-00123,2026-05-10T14:23:38.249549,58.6,59.3,DEGRADED,336,agent,GOOD,2026-05-10T14:23:38.249549,BASELINE
TEL-c685846170eb,CTRL-CLOUDSEC,AST-00123,2026-08-07T02:23:38.249549,74.9,87.3,DEGRADED,91,syslog,GOOD,2026-08-07T02:23:38.249549,CURRENT
TEL-90839a40df48,CTRL-CLOUDSEC,AST-00159,2026-05-14T14:23:38.249549,45.4,45.5,FAILED,353,cloud_api,DEGRADED,2026-05-14T14:23:38.249549,BASELINE
TEL-0156e34311e0,CTRL-CLOUDSEC,AST-00159,2026-08-04T00:23:38.249549,1061.2,61.6,HEALTHY,48,agent,GOOD,2026-08-04T00:23:38.249549,CURRENT
TEL-e3a98a0286fa,CTRL-CLOUDSEC,AST-00155,2026-05-10T14:23:38.249549,49.6,54.4,HEALTHY,72,agent,GOOD,2026-05-10T14:23:38.249549,BASELINE
TEL-8f6a3117f42c,CTRL-CLOUDSEC,AST-00155,2026-08-05T21:23:38.249549,74.7,71.5,HEALTHY,434,syslog,GOOD,2026-08-05T21:23:38.249549,CURRENT
TEL-232c580b2159,CTRL-CLOUDSEC,AST-00173,2026-05-12T14:23:38.249549,48.9,48.3,HEALTHY,94,syslog,GOOD,2026-05-12T14:23:38.249549,BASELINE
TEL-092a9fe43053,CTRL-CLOUDSEC,AST-00173,2026-08-06T03:23:38.249549,85.2,64.0,HEALTHY,491,syslog,GOOD,2026-08-06T03:23:38.249549,CURRENT
TEL-441dcb8a09df,CTRL-CLOUDSEC,AST-00190,2026-05-14T14:23:38.249549,67.7,43.4,HEALTHY,98,agent,GOOD,2026-05-14T14:23:38.249549,BASELINE
TEL-974b70f189b8,CTRL-CLOUDSEC,AST-00190,2026-08-05T08:23:38.249549,100,62.6,FAILED,59,agent,GOOD,2026-08-05T08:23:38.249549,CURRENT
TEL-9f12eafae2d7,CTRL-CLOUDSEC,AST-00057,2026-05-12T14:23:38.249549,67.0,65.0,HEALTHY,256,cloud_api,GOOD,2026-05-12T14:23:38.249549,BASELINE
TEL-db32e4c70b51,CTRL-CLOUDSEC,AST-00057,2026-08-05T01:23:38.249549,88.3,88.2,HEALTHY,2,agent,GOOD,2026-08-05T01:23:38.249549,CURRENT
TEL-c7cc00c8a594,CTRL-CLOUDSEC,AST-00133,2026-05-15T14:23:38.249549,60.4,48.0,HEALTHY,223,cloud_api,GOOD,2026-05-15T14:23:38.249549,BASELINE
TEL-cd87423ea7f7,CTRL-CLOUDSEC,AST-00133,2026-07-30T23:23:38.249549,86.1,77.9,DEGRADED,141,syslog,GOOD,2026-07-30T23:23:38.249549,CURRENT
TEL-dda280cfbcf8,CTRL-CLOUDSEC,AST-00071,2026-05-12T14:23:38.249549,64.1,58.7,HEALTHY,352,agent,BAD,2026-05-12T14:23:38.249549,BASELINE
TEL-9e64f8ace886,CTRL-CLOUDSEC,AST-00071,2026-08-04T07:23:38.249549,88.1,90.3,DEGRADED,288,agent,GOOD,2026-08-04T07:23:38.249549,CURRENT
TEL-9ac2cedbab53,CTRL-CLOUDSEC,AST-00182,2026-05-15T14:23:38.249549,67.9,44.7,DEGRADED,213,cloud_api,GOOD,2026-05-15T14:23:38.249549,BASELINE
TEL-e280265622df,CTRL-CLOUDSEC,AST-00182,2026-08-03T04:23:38.249549,92.7,75.5,HEALTHY,207,syslog,GOOD,2026-08-03T04:23:38.249549,CURRENT
TEL-2c0264a834b9,CTRL-CLOUDSEC,AST-00072,2026-05-13T14:23:38.249549,49.8,63.3,HEALTHY,173,agent,GOOD,2026-05-13T14:23:38.249549,BASELINE
TEL-2d07f84b3837,CTRL-CLOUDSEC,AST-00072,2026-08-03T23:23:38.249549,86.7,97.3,HEALTHY,390,syslog,DEGRADED,2026-08-03T23:23:38.249549,CURRENT
TEL-0679af87ae23,CTRL-CLOUDSEC,AST-00068,2026-05-11T14:23:38.249549,62.3,62.4,HEALTHY,198,cloud_api,DEGRADED,2026-05-11T14:23:38.249549,BASELINE
TEL-f5bf5cf09621,CTRL-CLOUDSEC,AST-00068,2026-07-30T06:23:38.249549,99.5,80.5,HEALTHY,80,syslog,GOOD,2026-07-30T06:23:38.249549,CURRENT
TEL-d014e002e96c,CTRL-CLOUDSEC,AST-00012,2026-05-14T14:23:38.249549,64.3,68.5,HEALTHY,481,syslog,GOOD,2026-05-14T14:23:38.249549,BASELINE
TEL-6f6bab2332bf,CTRL-CLOUDSEC,AST-00012,2026-07-29T16:23:38.249549,100,98.4,HEALTHY,342,syslog,GOOD,2026-07-29T16:23:38.249549,CURRENT
TEL-419d65af682e,CTRL-CLOUDSEC,AST-00080,2026-05-13T14:23:38.249549,68.5,56.2,HEALTHY,385,syslog,GOOD,2026-05-13T14:23:38.249549,BASELINE
TEL-e8bcfa2f2ce6,CTRL-CLOUDSEC,AST-00080,2026-08-02T07:23:38.249549,93.4,77.1,DEGRADED,344,syslog,GOOD,2026-08-02T07:23:38.249549,CURRENT
TEL-e9d950f63fa2,CTRL-CLOUDSEC,AST-00095,2026-05-10T14:23:38.249549,56.8,59.7,HEALTHY,106,cloud_api,GOOD,2026-05-10T14:23:38.249549,BASELINE
TEL-31e1a0a72fc1,CTRL-CLOUDSEC,AST-00095,2026-08-08T07:23:38.249549,2026-04-15T14:23:38.249549,88.6,HEALTHY,482,agent,GOOD,2026-08-08T07:23:38.249549,CURRENT
TEL-92ee64b7c441,CTRL-CLOUDSEC,AST-00131,2026-05-10T14:23:38.249549,63.4,68.8,HEALTHY,140,syslog,GOOD,2026-05-10T14:23:38.249549,BASELINE
TEL-cfbcc09581b2,CTRL-CLOUDSEC,AST-00131,2026-08-02T16:23:38.249549,98.8,100,HEALTHY,401,agent,GOOD,2026-08-02T16:23:38.249549,CURRENT
TEL-e4ca526ecde8,CTRL-CLOUDSEC,AST-00138,2026-05-12T14:23:38.249549,53.9,51.9,HEALTHY,425,syslog,GOOD,2026-05-12T14:23:38.249549,BASELINE
TEL-2f601ecf256c,CTRL-CLOUDSEC,AST-00138,2026-07-30T16:23:38.249549,88.3,73.4,HEALTHY,105,agent,GOOD,2026-07-30T16:23:38.249549,CURRENT
TEL-abd31ede081d,CTRL-CLOUDSEC,AST-00054,2026-05-15T14:23:38.249549,58.8,57.6,HEALTHY,420,syslog,GOOD,2026-05-15T14:23:38.249549,BASELINE
TEL-500f386e56c3,CTRL-CLOUDSEC,AST-00054,2026-07-30T00:23:38.249549,92.5,88.7,HEALTHY,92,syslog,GOOD,2026-07-30T00:23:38.249549,CURRENT
TEL-10fce6ca0501,CTRL-CLOUDSEC,AST-00027,2026-05-13T14:23:38.249549,72.3,57.0,HEALTHY,349,syslog,GOOD,2026-05-13T14:23:38.249549,BASELINE
TEL-030794e60f9a,CTRL-CLOUDSEC,AST-00027,2026-08-03T19:23:38.249549,100,73.8,HEALTHY,489,cloud_api,GOOD,2026-08-03T19:23:38.249549,CURRENT
TEL-fce164e1d314,CTRL-CLOUDSEC,AST-00020,2026-05-15T14:23:38.249549,55.5,40.8,HEALTHY,299,agent,GOOD,2026-05-15T14:23:38.249549,BASELINE
TEL-57522deb946a,CTRL-CLOUDSEC,AST-00020,2026-08-05T23:23:38.249549,89.8,63.9,HEALTHY,139,agent,GOOD,2026-08-05T23:23:38.249549,CURRENT
TEL-d60a79293313,CTRL-CLOUDSEC,AST-00194,2026-05-15T14:23:38.249549,65.0,59.7,HEALTHY,23,syslog,GOOD,2026-05-15T14:23:38.249549,BASELINE
TEL-ab788eb64a4d,CTRL-CLOUDSEC,AST-00194,2026-08-05T16:23:38.249549,100,78.8,HEALTHY,36,cloud_api,GOOD,2026-08-05T16:23:38.249549,CURRENT
TEL-4a8068b4a267,CTRL-CLOUDSEC,AST-00017,2026-05-10T14:23:38.249549,1051.5,47.5,HEALTHY,339,syslog,GOOD,2026-05-10T14:23:38.249549,BASELINE
TEL-52a700adf3d4,CTRL-CLOUDSEC,AST-00017,2026-08-04T08:23:38.249549,1068.3,73.4,DEGRADED,19,agent,GOOD,2026-08-04T08:23:38.249549,CURRENT
TEL-6bb297660570,CTRL-CLOUDSEC,AST-00079,2026-05-14T14:23:38.249549,69.9,52.5,HEALTHY,317,syslog,GOOD,2026-05-14T14:23:38.249549,BASELINE
TEL-da9bb3ffae5d,CTRL-CLOUDSEC,AST-00079,2026-08-08T06:23:38.249549,95.4,69.9,DEGRADED,102,cloud_api,GOOD,2026-08-08T06:23:38.249549,CURRENT
TEL-2a61cb660759,CTRL-CLOUDSEC,AST-00124,2026-05-10T14:23:38.249549,67.3,56.6,HEALTHY,31,syslog,GOOD,2026-05-10T14:23:38.249549,BASELINE
TEL-9a2dc5499b8b,CTRL-CLOUDSEC,AST-00124,2026-08-06T09:23:38.249549,90.5,89.4,DEGRADED,475,syslog,GOOD,2026-08-06T09:23:38.249549,CURRENT
TEL-5248a26ab980,CTRL-CLOUDSEC,AST-00014,2026-05-10T14:23:38.249549,72.6,42.4,HEALTHY,253,agent,GOOD,2026-05-10T14:23:38.249549,BASELINE
TEL-d32440c6b884,CTRL-CLOUDSEC,AST-00014,2026-07-30T12:23:38.249549,97.2,73.1,HEALTHY,158,agent,BAD,2026-07-30T12:23:38.249549,CURRENT
TEL-1e44cb074ac6,CTRL-CLOUDSEC,AST-00167,2026-05-14T14:23:38.249549,54.1,66.0,HEALTHY,47,agent,GOOD,2026-05-14T14:23:38.249549,BASELINE
TEL-63d45fbf38c8,CTRL-CLOUDSEC,AST-00167,2026-08-02T16:23:38.249549,80.7,84.3,HEALTHY,69,cloud_api,DEGRADED,2026-08-02T16:23:38.249549,CURRENT
TEL-67aa90a80dc5,CTRL-CLOUDSEC,AST-00180,2026-05-14T14:23:38.249549,47.3,46.4,HEALTHY,219,agent,GOOD,2026-05-14T14:23:38.249549,BASELINE
TEL-ee26c252bdb0,CTRL-CLOUDSEC,AST-00180,2026-08-04T16:23:38.249549,85.5,70.1,HEALTHY,470,syslog,GOOD,2026-08-04T16:23:38.249549,CURRENT
TEL-72be0737d0fd,CTRL-CLOUDSEC,AST-00189,2026-05-14T14:23:38.249549,63.4,69.6,HEALTHY,60,cloud_api,GOOD,2026-05-14T14:23:38.249549,BASELINE
TEL-66f4f998bd17,CTRL-CLOUDSEC,AST-00189,2026-08-05T13:23:38.249549,2026-03-10T14:23:38.249549,87.0,HEALTHY,169,agent,GOOD,2026-08-05T13:23:38.249549,CURRENT
TEL-7ea2d96c35f9,CTRL-CLOUDSEC,AST-00040,2026-05-14T14:23:38.249549,64.9,45.6,HEALTHY,165,agent,GOOD,2026-05-14T14:23:38.249549,BASELINE
TEL-2528314491b4,CTRL-CLOUDSEC,AST-00040,2026-08-05T22:23:38.249549,100,61.9,HEALTHY,71,syslog,GOOD,2026-08-05T22:23:38.249549,CURRENT
TEL-dca3984f6ce0,CTRL-CLOUDSEC,AST-00059,2026-05-14T14:23:38.249549,59.6,68.0,HEALTHY,269,cloud_api,GOOD,2026-05-14T14:23:38.249549,BASELINE
TEL-4f6e1be8b636,CTRL-CLOUDSEC,AST-00059,2026-08-02T06:23:38.249549,94.8,92.4,FAILED,306,agent,BAD,2026-08-02T06:23:38.249549,CURRENT
TEL-da641edad842,CTRL-CLOUDSEC,AST-00166,2026-05-12T14:23:38.249549,45.9,69.7,DEGRADED,469,cloud_api,GOOD,2026-05-12T14:23:38.249549,BASELINE
TEL-518005e9faa6,CTRL-CLOUDSEC,AST-00166,2026-08-04T00:23:38.249549,63.6,98.7,DEGRADED,436,agent,GOOD,2026-08-04T00:23:38.249549,CURRENT
TEL-0e7f3f42c47b,CTRL-CLOUDSEC,AST-00083,2026-05-15T14:23:38.249549,66.7,51.7,HEALTHY,195,agent,GOOD,2026-05-15T14:23:38.249549,BASELINE
TEL-44412cebf02d,CTRL-CLOUDSEC,AST-00083,2026-08-04T18:23:38.249549,93.1,69.4,DEGRADED,334,cloud_api,GOOD,2026-08-04T18:23:38.249549,CURRENT
TEL-e51b897950eb,CTRL-CLOUDSEC,AST-00013,2026-05-13T14:23:38.249549,51.7,51.3,HEALTHY,358,syslog,GOOD,2026-05-13T14:23:38.249549,BASELINE
TEL-f6b44e8678d1,CTRL-CLOUDSEC,AST-00013,2026-07-30T10:23:38.249549,91.3,79.3,HEALTHY,326,cloud_api,GOOD,2026-07-30T10:23:38.249549,CURRENT
TEL-f3d91c241dab,CTRL-CLOUDSEC,AST-00051,2026-05-10T14:23:38.249549,63.0,69.6,HEALTHY,241,cloud_api,GOOD,2026-05-10T14:23:38.249549,BASELINE
TEL-5805bf5f3288,CTRL-CLOUDSEC,AST-00051,2026-08-03T10:23:38.249549,94.8,100,HEALTHY,405,syslog,GOOD,2026-08-03T10:23:38.249549,CURRENT
TEL-10c232e77587,CTRL-CLOUDSEC,AST-00103,2026-05-12T14:23:38.249549,51.9,45.4,HEALTHY,443,agent,GOOD,2026-05-12T14:23:38.249549,BASELINE
TEL-c71199862f46,CTRL-CLOUDSEC,AST-00103,2026-08-08T11:23:38.249549,80.7,71.6,HEALTHY,16,agent,GOOD,2026-08-08T11:23:38.249549,CURRENT
TEL-e6861c57ffb8,CTRL-CLOUDSEC,AST-00191,2026-05-10T14:23:38.249549,46.2,48.0,HEALTHY,360,agent,DEGRADED,2026-05-10T14:23:38.249549,BASELINE
TEL-0939773fb578,CTRL-CLOUDSEC,AST-00191,2026-08-06T04:23:38.249549,80.0,75.1,HEALTHY,495,cloud_api,DEGRADED,2026-07-21T14:23:38.249549,CURRENT
TEL-57a477a18f3c,CTRL-CLOUDSEC,AST-00114,2026-05-10T14:23:38.249549,49.9,57.8,HEALTHY,327,syslog,DEGRADED,2026-05-10T14:23:38.249549,BASELINE
TEL-042180ca0e1f,CTRL-CLOUDSEC,AST-00114,2026-07-31T04:23:38.249549,81.0,91.2,FAILED,306,cloud_api,GOOD,2026-07-31T04:23:38.249549,CURRENT
TEL-97932aa0a466,CTRL-CLOUDSEC,AST-00030,2026-05-12T14:23:38.249549,45.9,40.5,DEGRADED,364,cloud_api,GOOD,2026-05-12T14:23:38.249549,BASELINE
TEL-f5c99c66f3ba,CTRL-CLOUDSEC,AST-00030,2026-08-07T12:23:38.249549,84.0,57.0,HEALTHY,402,syslog,GOOD,2026-08-07T12:23:38.249549,CURRENT
TEL-35fcd18496e0,CTRL-CLOUDSEC,AST-00084,2026-05-13T14:23:38.249549,47.9,48.6,HEALTHY,281,agent,GOOD,2026-05-13T14:23:38.249549,BASELINE
TEL-31927363c6c2,CTRL-CLOUDSEC,AST-00084,2026-08-05T13:23:38.249549,79.3,74.8,DEGRADED,114,agent,GOOD,2026-08-05T13:23:38.249549,CURRENT
TEL-1cf420c9f0d6,CTRL-CLOUDSEC,AST-00161,2026-05-10T14:23:38.249549,67.7,67.4,HEALTHY,299,agent,GOOD,2026-05-10T14:23:38.249549,BASELINE
TEL-f80103845d13,CTRL-CLOUDSEC,AST-00161,2026-08-01T10:23:38.249549,95.1,95.2,HEALTHY,463,syslog,GOOD,2026-08-01T10:23:38.249549,CURRENT
TEL-cd70b4f3343f,CTRL-CLOUDSEC,AST-00101,2026-05-14T14:23:38.249549,72.9,64.7,HEALTHY,165,cloud_api,DEGRADED,2026-05-14T14:23:38.249549,BASELINE
TEL-72045f15c370,CTRL-CLOUDSEC,AST-00101,2026-08-08T11:23:38.249549,100,87.7,HEALTHY,393,agent,GOOD,2026-08-08T11:23:38.249549,CURRENT
TEL-3b651d6ab349,CTRL-CLOUDSEC,AST-00137,2026-05-14T14:23:38.249549,53.3,62.1,HEALTHY,152,cloud_api,DEGRADED,2026-05-14T14:23:38.249549,BASELINE
TEL-cbc4e2742e60,CTRL-CLOUDSEC,AST-00137,2026-08-04T00:23:38.249549,82.7,93.8,HEALTHY,193,agent,GOOD,2026-08-04T00:23:38.249549,CURRENT
TEL-d7670c86b2ec,CTRL-CLOUDSEC,AST-00204,2026-05-12T14:23:38.249549,56.7,47.2,HEALTHY,204,cloud_api,GOOD,2026-05-12T14:23:38.249549,BASELINE
TEL-1c3573831379,CTRL-CLOUDSEC,AST-00204,2026-08-04T15:23:38.249549,82.2,71.3,HEALTHY,286,agent,GOOD,2026-08-04T15:23:38.249549,CURRENT
TEL-487b60f69e86,CTRL-CLOUDSEC,AST-00188,2026-05-14T14:23:38.249549,72.0,50.7,HEALTHY,315,syslog,GOOD,2026-05-14T14:23:38.249549,BASELINE
TEL-9c480deae7fe,CTRL-CLOUDSEC,AST-00188,2026-08-05T15:23:38.249549,88.4,78.4,HEALTHY,235,cloud_api,DEGRADED,2026-08-05T15:23:38.249549,CURRENT
TEL-4fc9d5d1936b,CTRL-CLOUDSEC,AST-00010,2026-05-15T14:23:38.249549,50.4,64.3,HEALTHY,128,agent,GOOD,2026-05-15T14:23:38.249549,BASELINE
TEL-3868f74faa28,CTRL-CLOUDSEC,AST-00010,2026-08-06T15:23:38.249549,85.5,90.0,HEALTHY,232,syslog,GOOD,2026-08-06T15:23:38.249549,CURRENT
TEL-58188d76318a,CTRL-CLOUDSEC,AST-00150,2026-05-14T14:23:38.249549,48.3,47.4,HEALTHY,234,cloud_api,GOOD,2026-05-14T14:23:38.249549,BASELINE
TEL-f9d662ee3dd9,CTRL-CLOUDSEC,AST-00150,2026-08-07T11:23:38.249549,71.6,79.9,DEGRADED,288,cloud_api,GOOD,2026-07-26T14:23:38.249549,CURRENT
TEL-c18eafe81afd,CTRL-CLOUDSEC,AST-00214,2026-05-11T14:23:38.249549,53.3,41.8,HEALTHY,173,syslog,GOOD,2026-05-11T14:23:38.249549,BASELINE
TEL-90925f0d8705,CTRL-CLOUDSEC,AST-00214,2026-08-06T06:23:38.249549,77.5,76.8,DEGRADED,164,syslog,GOOD,2026-08-06T06:23:38.249549,CURRENT
TEL-35be76200450,CTRL-CLOUDSEC,AST-00116,2026-05-11T14:23:38.249549,69.3,46.8,HEALTHY,451,syslog,GOOD,2026-05-11T14:23:38.249549,BASELINE
TEL-2541ef4f4dc3,CTRL-CLOUDSEC,AST-00116,2026-08-02T04:23:38.249549,97.4,67.4,HEALTHY,487,agent,GOOD,2026-08-02T04:23:38.249549,CURRENT
TEL-8f1fe8f8089c,CTRL-CLOUDSEC,AST-00205,2026-05-11T14:23:38.249549,69.9,42.6,HEALTHY,302,agent,DEGRADED,2026-05-11T14:23:38.249549,BASELINE
TEL-c0d13d1d76d0,CTRL-CLOUDSEC,AST-00205,2026-07-29T23:23:38.249549,85.5,66.9,DEGRADED,427,agent,GOOD,2026-07-29T23:23:38.249549,CURRENT
TEL-a9fce831efb6,CTRL-CLOUDSEC,AST-00115,2026-05-10T14:23:38.249549,74.6,62.5,HEALTHY,23,cloud_api,GOOD,2026-05-10T14:23:38.249549,BASELINE
TEL-cfe66e8baf17,CTRL-CLOUDSEC,AST-00115,2026-07-30T16:23:38.249549,100,97.0,HEALTHY,23,cloud_api,GOOD,2026-07-30T16:23:38.249549,CURRENT
TEL-3bc46d6eda1a,CTRL-CLOUDSEC,AST-00172,2026-05-12T14:23:38.249549,62.6,47.2,HEALTHY,43,syslog,GOOD,2026-05-12T14:23:38.249549,BASELINE
TEL-95f6476d4fe8,CTRL-CLOUDSEC,AST-00172,2026-08-02T00:23:38.249549,,67.1,HEALTHY,174,cloud_api,GOOD,2026-08-02T00:23:38.249549,CURRENT
TEL-1e59912c86ae,CTRL-CLOUDSEC,AST-00183,2026-05-12T14:23:38.249549,49.4,51.3,HEALTHY,188,cloud_api,DEGRADED,2026-05-12T14:23:38.249549,BASELINE
TEL-f7dc00554e08,CTRL-CLOUDSEC,AST-00183,2026-08-01T03:23:38.249549,85.4,80.7,HEALTHY,318,agent,GOOD,2026-08-01T03:23:38.249549,CURRENT
TEL-0b0e6ebe610b,CTRL-CLOUDSEC,AST-00037,2026-05-11T14:23:38.249549,53.6,61.8,FAILED,333,syslog,GOOD,2026-05-11T14:23:38.249549,BASELINE
TEL-3afc94798b05,CTRL-CLOUDSEC,AST-00037,2026-07-31T16:23:38.249549,88.1,96.4,HEALTHY,169,cloud_api,GOOD,2026-07-31T16:23:38.249549,CURRENT
TEL-a9a43e20d1b6,CTRL-CLOUDSEC,AST-00060,2026-05-10T14:23:38.249549,67.0,53.3,HEALTHY,100,syslog,GOOD,2026-05-10T14:23:38.249549,BASELINE
TEL-c506e2048dcc,CTRL-CLOUDSEC,AST-00060,2026-08-02T01:23:38.249549,100,84.0,HEALTHY,498,cloud_api,GOOD,2026-08-02T01:23:38.249549,CURRENT
TEL-c0c621ab2174,CTRL-CLOUDSEC,AST-00078,2026-05-13T14:23:38.249549,57.6,41.8,HEALTHY,64,agent,GOOD,2026-05-13T14:23:38.249549,BASELINE
TEL-8a5f225b9833,CTRL-CLOUDSEC,AST-00078,2026-08-01T17:23:38.249549,83.3,60.3,HEALTHY,164,cloud_api,GOOD,2026-08-01T17:23:38.249549,CURRENT
TEL-1c13ac2fe5f5,CTRL-CLOUDSEC,AST-00069,2026-05-11T14:23:38.249549,57.2,61.6,HEALTHY,244,syslog,GOOD,2026-05-11T14:23:38.249549,BASELINE
TEL-23ca689e022b,CTRL-CLOUDSEC,AST-00069,2026-08-06T00:23:38.249549,74.1,77.8,DEGRADED,323,cloud_api,GOOD,2026-07-11T14:23:38.249549,CURRENT
TEL-ba5474dee07b,CTRL-CLOUDSEC,AST-00211,2026-05-12T14:23:38.249549,52.4,60.5,DEGRADED,193,syslog,GOOD,2026-05-12T14:23:38.249549,BASELINE
TEL-bc1c035c8e09,CTRL-CLOUDSEC,AST-00211,2026-08-02T09:23:38.249549,71.2,78.0,HEALTHY,466,cloud_api,GOOD,2026-08-02T09:23:38.249549,CURRENT
TEL-19e505884420,CTRL-CLOUDSEC,AST-00110,2026-05-10T14:23:38.249549,53.6,49.3,HEALTHY,172,agent,GOOD,2026-05-10T14:23:38.249549,BASELINE
TEL-0930e70fff8b,CTRL-CLOUDSEC,AST-00110,2026-07-29T14:23:38.249549,72.4,64.8,HEALTHY,124,syslog,GOOD,2026-07-29T14:23:38.249549,CURRENT
TEL-782f524cf728,CTRL-CLOUDSEC,AST-00132,2026-05-14T14:23:38.249549,51.2,50.3,HEALTHY,64,cloud_api,GOOD,2026-05-14T14:23:38.249549,BASELINE
TEL-ddde174d1e7d,CTRL-CLOUDSEC,AST-00132,2026-07-30T13:23:38.249549,72.7,78.5,HEALTHY,283,agent,GOOD,2026-07-30T13:23:38.249549,CURRENT
TEL-4da9116025cc,CTRL-CLOUDSEC,AST-00075,2026-05-11T14:23:38.249549,59.9,42.1,HEALTHY,50,cloud_api,GOOD,2026-05-11T14:23:38.249549,BASELINE
TEL-7783b453a2e4,CTRL-CLOUDSEC,AST-00075,2026-07-29T19:23:38.249549,1083.5,76.9,HEALTHY,149,agent,GOOD,2026-07-29T19:23:38.249549,CURRENT
TEL-faf33aa6809e,CTRL-CLOUDSEC,AST-00196,2026-05-11T14:23:38.249549,71.0,66.1,HEALTHY,482,cloud_api,GOOD,2026-05-11T14:23:38.249549,BASELINE
TEL-6e64c40af72a,CTRL-CLOUDSEC,AST-00196,2026-08-03T10:23:38.249549,100,88.5,FAILED,187,syslog,GOOD,2026-08-03T10:23:38.249549,CURRENT
TEL-74d5b3676aeb,CTRL-CLOUDSEC,AST-00106,2026-05-14T14:23:38.249549,72.9,54.1,HEALTHY,81,agent,GOOD,2026-05-14T14:23:38.249549,BASELINE
TEL-77c902fc00b6,CTRL-CLOUDSEC,AST-00106,2026-08-03T22:23:38.249549,97.6,77.3,HEALTHY,61,agent,GOOD,2026-08-03T22:23:38.249549,CURRENT
TEL-f4cca89168e5,CTRL-CLOUDSEC,AST-00122,2026-05-14T14:23:38.249549,63.8,68.8,HEALTHY,170,agent,GOOD,2026-05-14T14:23:38.249549,BASELINE
TEL-03963eeaa932,CTRL-CLOUDSEC,AST-00122,2026-08-04T03:23:38.249549,86.6,95.3,HEALTHY,384,cloud_api,DEGRADED,2026-08-04T03:23:38.249549,CURRENT
TEL-687a973d31b5,CTRL-CLOUDSEC,AST-00076,2026-05-15T14:23:38.249549,66.3,68.3,HEALTHY,110,cloud_api,GOOD,2026-05-15T14:23:38.249549,BASELINE
TEL-e24daee0e369,CTRL-CLOUDSEC,AST-00076,2026-08-08T09:23:38.249549,85.8,98.1,HEALTHY,56,cloud_api,GOOD,2026-08-08T09:23:38.249549,CURRENT
TEL-65ca5f556fa6,CTRL-CLOUDSEC,AST-00007,2026-05-11T14:23:38.249549,68.5,40.1,HEALTHY,438,syslog,DEGRADED,2026-05-11T14:23:38.249549,BASELINE
TEL-dc6412312d45,CTRL-CLOUDSEC,AST-00007,2026-08-05T12:23:38.249549,92.8,58.1,HEALTHY,466,cloud_api,BAD,2026-08-05T12:23:38.249549,CURRENT
TEL-5d236e671170,CTRL-CLOUDSEC,AST-00154,2026-05-14T14:23:38.249549,66.7,66.3,HEALTHY,12,agent,GOOD,2026-05-14T14:23:38.249549,BASELINE
TEL-05b7b5042cac,CTRL-CLOUDSEC,AST-00154,2026-08-05T12:23:38.249549,93.3,88.8,HEALTHY,284,syslog,GOOD,2026-08-05T12:23:38.249549,CURRENT
TEL-4bfd89cb6d07,CTRL-CLOUDSEC,AST-00109,2026-05-15T14:23:38.249549,73.3,63.2,HEALTHY,474,syslog,GOOD,2026-05-15T14:23:38.249549,BASELINE
TEL-7ec0c0505ccf,CTRL-CLOUDSEC,AST-00109,2026-07-31T19:23:38.249549,100,82.1,DEGRADED,249,cloud_api,GOOD,2026-07-31T19:23:38.249549,CURRENT
TEL-2592bf932d52,CTRL-CLOUDSEC,AST-00220,2026-05-11T14:23:38.249549,58.4,52.2,FAILED,266,cloud_api,GOOD,2026-05-11T14:23:38.249549,BASELINE
TEL-e0b4d0a14a71,CTRL-CLOUDSEC,AST-00220,2026-07-30T13:23:38.249549,83.2,71.6,DEGRADED,422,agent,GOOD,2026-07-30T13:23:38.249549,CURRENT
TEL-3b78812f45cf,CTRL-CLOUDSEC,AST-00077,2026-05-12T14:23:38.249549,73.5,66.6,HEALTHY,418,cloud_api,GOOD,2026-05-12T14:23:38.249549,BASELINE
TEL-1683c3aaa3f3,CTRL-CLOUDSEC,AST-00077,2026-08-03T06:23:38.249549,89.7,95.2,FAILED,108,cloud_api,GOOD,2026-08-03T06:23:38.249549,CURRENT
TEL-5b3aad7e7c3b,CTRL-CLOUDSEC,AST-00006,2026-05-15T14:23:38.249549,65.3,68.4,HEALTHY,378,syslog,GOOD,2026-05-15T14:23:38.249549,BASELINE
TEL-b8dbfbaad64a,CTRL-CLOUDSEC,AST-00006,2026-08-02T20:23:38.249549,89.8,93.6,HEALTHY,129,syslog,DEGRADED,2026-07-21T14:23:38.249549,CURRENT
TEL-a52ee1dcd8a0,CTRL-CLOUDSEC,AST-00186,2026-05-12T14:23:38.249549,71.7,58.0,HEALTHY,426,agent,GOOD,2026-05-12T14:23:38.249549,BASELINE
TEL-03aac62668c0,CTRL-CLOUDSEC,AST-00186,2026-07-29T20:23:38.249549,100,73.5,HEALTHY,443,agent,DEGRADED,2026-07-29T20:23:38.249549,CURRENT
TEL-43d56e0cf7c0,CTRL-CLOUDSEC,AST-00111,2026-05-10T14:23:38.249549,72.9,64.7,HEALTHY,200,agent,GOOD,2026-05-10T14:23:38.249549,BASELINE
TEL-10e3f4fbcbf9,CTRL-CLOUDSEC,AST-00111,2026-08-07T19:23:38.249549,97.3,99.1,HEALTHY,362,syslog,GOOD,2026-08-07T19:23:38.249549,CURRENT
TEL-2c329e899eb2,CTRL-CLOUDSEC,AST-00056,2026-05-15T14:23:38.249549,71.3,55.7,HEALTHY,130,syslog,GOOD,2026-05-15T14:23:38.249549,BASELINE
TEL-9d51b6ce4bed,CTRL-CLOUDSEC,AST-00056,2026-07-31T13:23:38.249549,91.8,80.9,HEALTHY,207,cloud_api,DEGRADED,2026-07-31T13:23:38.249549,CURRENT
TEL-2c0ca798a071,CTRL-CLOUDSEC,AST-00035,2026-05-15T14:23:38.249549,55.2,65.0,HEALTHY,111,cloud_api,GOOD,2026-05-15T14:23:38.249549,BASELINE
TEL-a6d5615dbbcf,CTRL-CLOUDSEC,AST-00035,2026-08-01T15:23:38.249549,87.4,83.8,HEALTHY,319,syslog,GOOD,2026-08-01T15:23:38.249549,CURRENT
TEL-0c54be5b0fd5,CTRL-CLOUDSEC,AST-00215,2026-05-10T14:23:38.249549,72.7,49.5,HEALTHY,134,agent,GOOD,2026-05-10T14:23:38.249549,BASELINE
TEL-dcbbc8a1af6a,CTRL-CLOUDSEC,AST-00215,2026-08-03T10:23:38.249549,100,70.2,HEALTHY,336,agent,GOOD,2026-07-17T14:23:38.249549,CURRENT
TEL-fe47d814e03a,CTRL-CLOUDSEC,AST-00206,2026-05-15T14:23:38.249549,63.2,59.4,HEALTHY,264,cloud_api,GOOD,2026-05-15T14:23:38.249549,BASELINE
TEL-4e8e2592fb18,CTRL-CLOUDSEC,AST-00206,2026-08-07T12:23:38.249549,95.5,78.5,HEALTHY,291,syslog,GOOD,2026-08-07T12:23:38.249549,CURRENT
TEL-4f2af120b498,CTRL-CLOUDSEC,AST-00207,2026-05-11T14:23:38.249549,69.9,57.4,HEALTHY,243,agent,GOOD,2026-05-11T14:23:38.249549,BASELINE
TEL-5a84b49b4d5b,CTRL-CLOUDSEC,AST-00207,2026-08-01T13:23:38.249549,95.9,86.6,FAILED,106,cloud_api,GOOD,2026-08-01T13:23:38.249549,CURRENT
TEL-fd6a8dc69609,CTRL-CLOUDSEC,AST-00128,2026-05-13T14:23:38.249549,55.7,57.6,HEALTHY,186,agent,BAD,2026-05-13T14:23:38.249549,BASELINE
TEL-ffb3fc09ada8,CTRL-CLOUDSEC,AST-00128,2026-08-01T02:23:38.249549,84.2,81.1,HEALTHY,83,cloud_api,GOOD,2026-08-01T02:23:38.249549,CURRENT
TEL-e2c34264aadc,CTRL-CLOUDSEC,AST-00202,2026-05-13T14:23:38.249549,57.0,54.0,HEALTHY,169,syslog,GOOD,2026-05-13T14:23:38.249549,BASELINE
TEL-dd3268c7a313,CTRL-CLOUDSEC,AST-00202,2026-08-05T01:23:38.249549,75.6,84.6,HEALTHY,444,agent,GOOD,2026-08-05T01:23:38.249549,CURRENT
TEL-043602b3c2ec,CTRL-CLOUDSEC,AST-00031,2026-05-11T14:23:38.249549,71.2,44.5,HEALTHY,245,cloud_api,GOOD,2026-05-11T14:23:38.249549,BASELINE
TEL-b3255d3f5b70,CTRL-CLOUDSEC,AST-00031,2026-08-06T22:23:38.249549,91.3,69.9,HEALTHY,35,syslog,GOOD,2026-08-06T22:23:38.249549,CURRENT
TEL-f5a81b61ab39,CTRL-CLOUDSEC,AST-00046,2026-05-12T14:23:38.249549,67.2,49.6,FAILED,2,syslog,GOOD,2026-05-12T14:23:38.249549,BASELINE
TEL-4f182983dc8d,CTRL-CLOUDSEC,AST-00046,2026-08-05T10:23:38.249549,83.7,82.1,HEALTHY,288,cloud_api,GOOD,2026-08-05T10:23:38.249549,CURRENT
TEL-5fafbfcc4160,CTRL-CLOUDSEC,AST-00148,2026-05-14T14:23:38.249549,66.7,53.7,HEALTHY,247,cloud_api,GOOD,2026-05-14T14:23:38.249549,BASELINE
TEL-9f9578cc6994,CTRL-CLOUDSEC,AST-00148,2026-07-30T09:23:38.249549,81.9,85.3,HEALTHY,449,syslog,GOOD,2026-07-30T09:23:38.249549,CURRENT
TEL-29c2e3e4cc2b,CTRL-CLOUDSEC,AST-00121,2026-05-13T14:23:38.249549,2026-06-08T14:23:38.249549,54.4,HEALTHY,464,agent,GOOD,2026-05-13T14:23:38.249549,BASELINE
TEL-d81601a53536,CTRL-CLOUDSEC,AST-00121,2026-08-06T12:23:38.249549,,79.5,HEALTHY,99,cloud_api,GOOD,2026-08-06T12:23:38.249549,CURRENT
TEL-9ca61f9db378,CTRL-CLOUDSEC,AST-00064,2026-05-15T14:23:38.249549,59.7,68.9,HEALTHY,228,cloud_api,GOOD,2026-05-15T14:23:38.249549,BASELINE
TEL-bf0b86e11cc1,CTRL-CLOUDSEC,AST-00064,2026-08-03T11:23:38.249549,96.9,90.9,HEALTHY,218,agent,GOOD,2026-08-03T11:23:38.249549,CURRENT
TEL-f6440b415adb,CTRL-CLOUDSEC,AST-00047,2026-05-13T14:23:38.249549,62.5,51.3,HEALTHY,233,cloud_api,GOOD,2026-05-13T14:23:38.249549,BASELINE
TEL-bbd11a2e1f95,CTRL-CLOUDSEC,AST-00047,2026-08-04T21:23:38.249549,89.3,80.5,HEALTHY,437,agent,GOOD,2026-08-04T21:23:38.249549,CURRENT
TEL-3c8d9dfcdc25,CTRL-CLOUDSEC,AST-00058,2026-05-11T14:23:38.249549,68.4,58.4,HEALTHY,70,syslog,GOOD,2026-05-11T14:23:38.249549,BASELINE
TEL-e714399b398f,CTRL-CLOUDSEC,AST-00058,2026-07-29T15:23:38.249549,83.8,80.8,HEALTHY,102,syslog,GOOD,2026-07-29T15:23:38.249549,CURRENT
TEL-0b2ebf79e27d,CTRL-CLOUDSEC,AST-00091,2026-05-14T14:23:38.249549,,62.8,HEALTHY,145,cloud_api,GOOD,2026-05-14T14:23:38.249549,BASELINE
TEL-76a874c9799f,CTRL-CLOUDSEC,AST-00091,2026-08-01T02:23:38.249549,99.6,82.7,HEALTHY,403,syslog,GOOD,2026-08-01T02:23:38.249549,CURRENT
TEL-e42771cf415d,CTRL-CLOUDSEC,AST-00118,2026-05-10T14:23:38.249549,47.5,41.1,DEGRADED,77,cloud_api,GOOD,2026-05-10T14:23:38.249549,BASELINE
TEL-10f363eef92d,CTRL-CLOUDSEC,AST-00118,2026-08-07T21:23:38.249549,86.1,70.2,HEALTHY,292,syslog,GOOD,2026-08-07T21:23:38.249549,CURRENT
TEL-023d0d0f7311,CTRL-CLOUDSEC,AST-00021,2026-05-14T14:23:38.249549,52.8,50.1,HEALTHY,147,syslog,GOOD,2026-05-14T14:23:38.249549,BASELINE
TEL-32285ecde1e2,CTRL-CLOUDSEC,AST-00021,2026-07-29T19:23:38.249549,79.6,74.2,HEALTHY,95,agent,GOOD,2026-07-29T19:23:38.249549,CURRENT
TEL-9be9ea8d99e9,CTRL-CLOUDSEC,AST-00139,2026-05-15T14:23:38.249549,57.1,64.5,FAILED,198,cloud_api,GOOD,2026-05-15T14:23:38.249549,BASELINE
TEL-b4ccbcb9ea2d,CTRL-CLOUDSEC,AST-00139,2026-08-03T05:23:38.249549,86.3,87.2,DEGRADED,46,cloud_api,GOOD,2026-08-03T05:23:38.249549,CURRENT
TEL-ec2b90b2dd3a,CTRL-CLOUDSEC,AST-00117,2026-05-11T14:23:38.249549,69.5,50.9,HEALTHY,439,syslog,DEGRADED,2026-05-11T14:23:38.249549,BASELINE
TEL-c0957e767120,CTRL-CLOUDSEC,AST-00117,2026-08-05T07:23:38.249549,94.7,81.5,HEALTHY,1,agent,GOOD,2026-08-05T07:23:38.249549,CURRENT
TEL-8da11f94d380,CTRL-CLOUDSEC,AST-00125,2026-05-13T14:23:38.249549,1065.7,59.7,HEALTHY,8,cloud_api,GOOD,2026-05-13T14:23:38.249549,BASELINE
TEL-12a3d8630825,CTRL-CLOUDSEC,AST-00125,2026-08-01T12:23:38.249549,-99.0,75.2,HEALTHY,58,cloud_api,DEGRADED,2026-08-01T12:23:38.249549,CURRENT
TEL-cad6243f4a61,CTRL-CLOUDSEC,AST-00086,2026-05-11T14:23:38.249549,51.1,59.3,DEGRADED,465,agent,GOOD,2026-05-11T14:23:38.249549,BASELINE
TEL-b9071c4f709b,CTRL-CLOUDSEC,AST-00086,2026-08-05T05:23:38.249549,67.5,88.9,HEALTHY,6,agent,DEGRADED,2026-08-05T05:23:38.249549,CURRENT
TEL-3c774f7df143,CTRL-CLOUDSEC,AST-00019,2026-05-14T14:23:38.249549,46.7,41.6,HEALTHY,58,syslog,GOOD,2026-05-14T14:23:38.249549,BASELINE
TEL-d5f51b897a70,CTRL-CLOUDSEC,AST-00019,2026-08-06T02:23:38.249549,62.6,73.0,HEALTHY,22,agent,GOOD,2026-08-06T02:23:38.249549,CURRENT
TEL-c3b278571977,CTRL-CLOUDSEC,AST-00085,2026-05-12T14:23:38.249549,74.5,61.0,HEALTHY,92,syslog,GOOD,2026-05-12T14:23:38.249549,BASELINE
TEL-44bbbb2d9b16,CTRL-CLOUDSEC,AST-00085,2026-08-02T19:23:38.249549,95.2,81.5,DEGRADED,361,agent,GOOD,2026-08-02T19:23:38.249549,CURRENT
TEL-4a89f1fed18b,CTRL-CLOUDSEC,AST-00201,2026-05-14T14:23:38.249549,57.5,63.1,HEALTHY,415,agent,GOOD,2026-05-14T14:23:38.249549,BASELINE
TEL-9636545c5be5,CTRL-CLOUDSEC,AST-00201,2026-07-29T20:23:38.249549,74.7,86.0,HEALTHY,178,syslog,GOOD,2026-07-29T20:23:38.249549,CURRENT
TEL-ed8cca21d597,CTRL-CLOUDSEC,AST-00170,2026-05-10T14:23:38.249549,58.8,47.7,HEALTHY,37,agent,GOOD,2026-05-10T14:23:38.249549,BASELINE
TEL-5ac321da4e6e,CTRL-CLOUDSEC,AST-00170,2026-07-30T07:23:38.249549,91.2,71.9,HEALTHY,399,syslog,GOOD,2026-07-30T07:23:38.249549,CURRENT
TEL-c4ffa1446d62,CTRL-CLOUDSEC,AST-00156,2026-05-14T14:23:38.249549,70.9,67.9,HEALTHY,285,syslog,BAD,2026-05-14T14:23:38.249549,BASELINE
TEL-878bd025c9e4,CTRL-CLOUDSEC,AST-00156,2026-08-03T06:23:38.249549,96.7,95.0,HEALTHY,119,cloud_api,BAD,2026-08-03T06:23:38.249549,CURRENT
TEL-ca4af8cebffe,CTRL-CLOUDSEC,AST-00066,2026-05-13T14:23:38.249549,67.0,40.9,HEALTHY,443,agent,GOOD,2026-05-13T14:23:38.249549,BASELINE
TEL-f4a4b423df7e,CTRL-CLOUDSEC,AST-00066,2026-07-30T23:23:38.249549,90.9,70.4,HEALTHY,271,syslog,GOOD,2026-07-30T23:23:38.249549,CURRENT
TEL-f1ece53b8076,CTRL-CLOUDSEC,AST-00213,2026-05-15T14:23:38.249549,51.5,53.0,HEALTHY,335,cloud_api,DEGRADED,2026-05-15T14:23:38.249549,BASELINE
TEL-6b194440f76b,CTRL-CLOUDSEC,AST-00213,2026-08-01T12:23:38.249549,89.7,78.5,DEGRADED,88,syslog,GOOD,2026-08-01T12:23:38.249549,CURRENT
TEL-77527aa9ee99,CTRL-CLOUDSEC,AST-00216,2026-05-10T14:23:38.249549,57.8,55.4,HEALTHY,329,cloud_api,GOOD,2026-05-10T14:23:38.249549,BASELINE
TEL-4e327a2d7c2c,CTRL-CLOUDSEC,AST-00216,2026-08-02T13:23:38.249549,83.6,84.3,HEALTHY,281,syslog,GOOD,2026-08-02T13:23:38.249549,CURRENT
TEL-374f76c54991,CTRL-CLOUDSEC,AST-00100,2026-05-14T14:23:38.249549,71.8,58.3,HEALTHY,274,agent,GOOD,2026-05-14T14:23:38.249549,BASELINE
TEL-47f796d17fc1,CTRL-CLOUDSEC,AST-00100,2026-08-02T09:23:38.249549,100,82.6,HEALTHY,222,cloud_api,BAD,2026-08-02T09:23:38.249549,CURRENT
TEL-934675faba84,CTRL-CLOUDSEC,AST-00096,2026-05-14T14:23:38.249549,70.1,40.7,HEALTHY,162,agent,DEGRADED,2026-05-14T14:23:38.249549,BASELINE
TEL-e53122e476c1,CTRL-CLOUDSEC,AST-00096,2026-08-04T16:23:38.249549,94.6,72.5,HEALTHY,395,cloud_api,GOOD,2026-08-04T16:23:38.249549,CURRENT
TEL-0c98489b4b2b,CTRL-CLOUDSEC,AST-00181,2026-05-14T14:23:38.249549,73.4,54.5,HEALTHY,490,cloud_api,DEGRADED,2026-05-14T14:23:38.249549,BASELINE
TEL-5b9359080c9c,CTRL-CLOUDSEC,AST-00181,2026-08-07T21:23:38.249549,98.1,81.1,HEALTHY,41,syslog,GOOD,2026-08-07T21:23:38.249549,CURRENT
TEL-73f77dc91135,CTRL-CLOUDSEC,AST-00160,2026-05-12T14:23:38.249549,2025-09-04T14:23:38.249549,41.2,HEALTHY,138,syslog,GOOD,2026-05-12T14:23:38.249549,BASELINE
TEL-a743b4d3ae7b,CTRL-CLOUDSEC,AST-00160,2026-07-31T08:23:38.249549,100,73.6,HEALTHY,455,cloud_api,GOOD,2026-07-31T08:23:38.249549,CURRENT
TEL-403b61fb1847,CTRL-CLOUDSEC,AST-00005,2026-05-11T14:23:38.249549,58.9,47.0,HEALTHY,374,agent,GOOD,2026-05-11T14:23:38.249549,BASELINE
TEL-124e6d645bd5,CTRL-CLOUDSEC,AST-00005,2026-08-02T08:23:38.249549,2025-10-23T14:23:38.249549,62.3,HEALTHY,252,cloud_api,GOOD,2026-08-02T08:23:38.249549,CURRENT
TEL-3b372152f76d,CTRL-CLOUDSEC,AST-00018,2026-05-11T14:23:38.249549,67.6,59.8,DEGRADED,208,syslog,GOOD,2026-05-11T14:23:38.249549,BASELINE
TEL-16ee92d6673f,CTRL-CLOUDSEC,AST-00018,2026-08-06T16:23:38.249549,83.2,86.9,HEALTHY,453,agent,GOOD,2026-08-06T16:23:38.249549,CURRENT
TEL-39598a3772f9,CTRL-CLOUDSEC,AST-00073,2026-05-12T14:23:38.249549,73.6,40.6,HEALTHY,363,cloud_api,GOOD,2026-05-12T14:23:38.249549,BASELINE
TEL-206cbfb67d6e,CTRL-CLOUDSEC,AST-00073,2026-07-31T05:23:38.249549,100,58.3,HEALTHY,240,syslog,GOOD,2026-07-31T05:23:38.249549,CURRENT
TEL-65e1ec1ec161,CTRL-CLOUDSEC,AST-00195,2026-05-15T14:23:38.249549,74.8,49.8,HEALTHY,156,cloud_api,DEGRADED,2026-05-15T14:23:38.249549,BASELINE
TEL-3a808fdf2f7c,CTRL-CLOUDSEC,AST-00195,2026-08-07T15:23:38.249549,100,82.5,HEALTHY,397,cloud_api,GOOD,2026-08-07T15:23:38.249549,CURRENT
TEL-d303b279b112,CTRL-CLOUDSEC,AST-00043,2026-05-15T14:23:38.249549,66.6,54.8,HEALTHY,130,cloud_api,GOOD,2026-05-15T14:23:38.249549,BASELINE
TEL-ab8d9e0fad9e,CTRL-CLOUDSEC,AST-00043,2026-08-05T09:23:38.249549,95.2,74.0,DEGRADED,499,syslog,GOOD,2026-08-05T09:23:38.249549,CURRENT
TEL-cfebce3ed10a,CTRL-CLOUDSEC,AST-00107,2026-05-12T14:23:38.249549,57.6,55.4,HEALTHY,379,agent,GOOD,2026-05-12T14:23:38.249549,BASELINE
TEL-05ba676a5661,CTRL-CLOUDSEC,AST-00107,2026-08-03T05:23:38.249549,95.8,83.7,DEGRADED,322,agent,DEGRADED,2026-08-03T05:23:38.249549,CURRENT
TEL-6ce104ecbed4,CTRL-CLOUDSEC,AST-00048,2026-05-14T14:23:38.249549,70.0,69.4,HEALTHY,339,cloud_api,GOOD,2026-05-14T14:23:38.249549,BASELINE
TEL-f7c935c2c735,CTRL-CLOUDSEC,AST-00048,2026-08-05T06:23:38.249549,90.4,100,DEGRADED,148,agent,GOOD,2026-07-15T14:23:38.249549,CURRENT
TEL-150c764f6d21,CTRL-CLOUDSEC,AST-00203,2026-05-15T14:23:38.249549,71.5,64.1,HEALTHY,446,syslog,GOOD,2026-05-15T14:23:38.249549,BASELINE
TEL-50c208f276b7,CTRL-CLOUDSEC,AST-00203,2026-07-30T18:23:38.249549,96.7,90.3,HEALTHY,182,agent,GOOD,2026-07-30T18:23:38.249549,CURRENT
TEL-99724b92244f,CTRL-CLOUDSEC,AST-00168,2026-05-10T14:23:38.249549,68.7,41.8,HEALTHY,237,agent,GOOD,2026-05-10T14:23:38.249549,BASELINE
TEL-3487b2bb9d98,CTRL-CLOUDSEC,AST-00168,2026-08-02T06:23:38.249549,-91.7,76.7,FAILED,308,agent,GOOD,2026-08-02T06:23:38.249549,CURRENT
TEL-5e3b92aaf999,CTRL-CLOUDSEC,AST-00039,2026-05-11T14:23:38.249549,65.9,67.4,HEALTHY,325,cloud_api,GOOD,2026-05-11T14:23:38.249549,BASELINE
TEL-787a657cf809,CTRL-CLOUDSEC,AST-00039,2026-07-30T14:23:38.249549,92.1,92.2,DEGRADED,32,cloud_api,GOOD,2026-07-14T14:23:38.249549,CURRENT
TEL-f945366ecaa6,CTRL-CLOUDSEC,AST-00176,2026-05-15T14:23:38.249549,61.8,50.6,HEALTHY,175,agent,GOOD,2026-05-15T14:23:38.249549,BASELINE
TEL-e10efbaea401,CTRL-CLOUDSEC,AST-00176,2026-08-01T04:23:38.249549,85.6,79.2,HEALTHY,116,agent,GOOD,2026-08-01T04:23:38.249549,CURRENT
TEL-a33595922613,CTRL-CLOUDSEC,AST-00119,2026-05-11T14:23:38.249549,58.9,60.5,HEALTHY,439,cloud_api,GOOD,2026-05-11T14:23:38.249549,BASELINE
TEL-cd4c2e584cc1,CTRL-CLOUDSEC,AST-00119,2026-07-30T19:23:38.249549,80.5,89.0,HEALTHY,72,agent,GOOD,2026-07-30T19:23:38.249549,CURRENT
TEL-f79ce1df59d1,CTRL-CLOUDSEC,AST-00136,2026-05-11T14:23:38.249549,62.3,66.1,HEALTHY,282,cloud_api,GOOD,2026-05-11T14:23:38.249549,BASELINE
TEL-e844874b14b4,CTRL-CLOUDSEC,AST-00136,2026-07-30T04:23:38.249549,84.2,89.1,HEALTHY,56,syslog,GOOD,2026-07-30T04:23:38.249549,CURRENT
TEL-ce2adbb0cd7b,CTRL-CLOUDSEC,AST-00090,2026-05-12T14:23:38.249549,55.9,45.8,FAILED,132,syslog,GOOD,2026-05-12T14:23:38.249549,BASELINE
TEL-b340b9d98638,CTRL-CLOUDSEC,AST-00090,2026-08-04T21:23:38.249549,76.5,75.1,DEGRADED,320,agent,GOOD,2026-08-04T21:23:38.249549,CURRENT
TEL-50796a478b65,CTRL-CLOUDSEC,AST-00023,2026-05-12T14:23:38.249549,54.7,60.0,HEALTHY,112,syslog,GOOD,2026-05-12T14:23:38.249549,BASELINE
TEL-ec864595dce3,CTRL-CLOUDSEC,AST-00023,2026-07-30T18:23:38.249549,-71.7,93.4,DEGRADED,212,cloud_api,GOOD,2026-07-30T18:23:38.249549,CURRENT
TEL-edec65d76e02,CTRL-CLOUDSEC,AST-00093,2026-05-10T14:23:38.249549,58.3,69.9,HEALTHY,493,cloud_api,GOOD,2026-05-10T14:23:38.249549,BASELINE
TEL-405a398d615c,CTRL-CLOUDSEC,AST-00093,2026-08-01T12:23:38.249549,82.9,87.7,HEALTHY,131,agent,GOOD,2026-08-01T12:23:38.249549,CURRENT
TEL-bc56cca1a3a5,CTRL-CLOUDSEC,AST-00099,2026-05-15T14:23:38.249549,57.7,55.8,HEALTHY,318,agent,GOOD,2026-05-15T14:23:38.249549,BASELINE
TEL-f5a1be94613d,CTRL-CLOUDSEC,AST-00099,2026-08-03T21:23:38.249549,85.6,81.0,HEALTHY,10,agent,DEGRADED,2026-08-03T21:23:38.249549,CURRENT
TEL-34cb57d995d0,CTRL-CLOUDSEC,AST-00049,2026-05-10T14:23:38.249549,62.9,53.1,HEALTHY,369,syslog,GOOD,2026-05-10T14:23:38.249549,BASELINE
TEL-7aba8d40f696,CTRL-CLOUDSEC,AST-00049,2026-08-05T07:23:38.249549,100,78.0,HEALTHY,346,syslog,GOOD,2026-08-05T07:23:38.249549,CURRENT
TEL-370b92dc3140,CTRL-CLOUDSEC,AST-00105,2026-05-11T14:23:38.249549,58.2,43.0,DEGRADED,271,syslog,GOOD,2026-05-11T14:23:38.249549,BASELINE
TEL-061f6198f31b,CTRL-CLOUDSEC,AST-00105,2026-08-05T15:23:38.249549,2026-01-14T14:23:38.249549,61.5,HEALTHY,149,syslog,GOOD,2026-08-05T15:23:38.249549,CURRENT
TEL-74fdc2d91fc9,CTRL-CLOUDSEC,AST-00212,2026-05-10T14:23:38.249549,49.4,47.3,HEALTHY,402,syslog,GOOD,2026-05-10T14:23:38.249549,BASELINE
TEL-0bde4bb7bf9f,CTRL-CLOUDSEC,AST-00212,2026-07-30T11:23:38.249549,79.6,68.2,HEALTHY,189,cloud_api,GOOD,2026-07-30T11:23:38.249549,CURRENT
TEL-93bec87cf6aa,CTRL-CLOUDSEC,AST-00199,2026-05-14T14:23:38.249549,50.5,43.3,HEALTHY,99,agent,GOOD,2026-05-14T14:23:38.249549,BASELINE
TEL-38bc1848fcd7,CTRL-CLOUDSEC,AST-00199,2026-08-08T08:23:38.249549,80.8,64.9,HEALTHY,452,syslog,GOOD,2026-08-08T08:23:38.249549,CURRENT
TEL-d5cc4f11776f,CTRL-CLOUDSEC,AST-00045,2026-05-11T14:23:38.249549,72.5,41.1,HEALTHY,60,syslog,GOOD,2026-05-11T14:23:38.249549,BASELINE
TEL-2d1b459eec6f,CTRL-CLOUDSEC,AST-00045,2026-08-01T12:23:38.249549,89.6,69.2,HEALTHY,58,syslog,DEGRADED,2026-08-01T12:23:38.249549,CURRENT
TEL-1f62be518db4,CTRL-CLOUDSEC,AST-00210,2026-05-10T14:23:38.249549,63.1,63.5,DEGRADED,260,agent,GOOD,2026-05-10T14:23:38.249549,BASELINE
TEL-e5d682e56b7f,CTRL-CLOUDSEC,AST-00210,2026-07-29T22:23:38.249549,87.9,85.3,HEALTHY,374,syslog,GOOD,2026-07-29T22:23:38.249549,CURRENT
TEL-0e9ac488f8bc,CTRL-CLOUDSEC,AST-00152,2026-05-13T14:23:38.249549,69.6,42.9,HEALTHY,226,agent,GOOD,2026-05-13T14:23:38.249549,BASELINE
TEL-8829ec6b95cc,CTRL-CLOUDSEC,AST-00152,2026-08-02T13:23:38.249549,88.5,68.9,HEALTHY,183,agent,GOOD,2026-08-02T13:23:38.249549,CURRENT
TEL-d64335b5cb05,CTRL-CLOUDSEC,AST-00032,2026-05-14T14:23:38.249549,65.5,53.3,HEALTHY,191,agent,GOOD,2026-05-14T14:23:38.249549,BASELINE
TEL-4366ee7978f6,CTRL-CLOUDSEC,AST-00032,2026-07-31T17:23:38.249549,92.7,74.1,DEGRADED,90,agent,GOOD,2026-07-31T17:23:38.249549,CURRENT
TEL-985ba9968673,CTRL-CLOUDSEC,AST-00126,2026-05-14T14:23:38.249549,,55.6,HEALTHY,158,syslog,GOOD,2026-05-14T14:23:38.249549,BASELINE
TEL-bc6ac2bb3c05,CTRL-CLOUDSEC,AST-00126,2026-08-02T02:23:38.249549,2026-01-29T14:23:38.249549,81.8,HEALTHY,203,agent,GOOD,2026-08-02T02:23:38.249549,CURRENT
TEL-08aea044e0f9,CTRL-CLOUDSEC,AST-00192,2026-05-11T14:23:38.249549,68.4,58.1,HEALTHY,347,cloud_api,GOOD,2026-05-11T14:23:38.249549,BASELINE
TEL-b6fc3472edd0,CTRL-CLOUDSEC,AST-00192,2026-08-05T17:23:38.249549,90.2,87.5,HEALTHY,403,cloud_api,GOOD,2026-08-05T17:23:38.249549,CURRENT
TEL-e795a3029281,CTRL-CLOUDSEC,AST-00050,2026-05-11T14:23:38.249549,47.9,47.3,HEALTHY,384,cloud_api,GOOD,2026-05-11T14:23:38.249549,BASELINE
TEL-462213179c19,CTRL-CLOUDSEC,AST-00050,2026-08-03T20:23:38.249549,64.8,73.3,HEALTHY,158,agent,GOOD,2026-08-03T20:23:38.249549,CURRENT
TEL-96f1f71f9905,CTRL-CLOUDSEC,AST-00004,2026-05-11T14:23:38.249549,2026-03-31T14:23:38.249549,56.4,HEALTHY,39,syslog,GOOD,2026-05-11T14:23:38.249549,BASELINE
TEL-cb9afa08dc59,CTRL-CLOUDSEC,AST-00004,2026-08-06T18:23:38.249549,76.3,78.6,HEALTHY,212,agent,GOOD,2026-08-06T18:23:38.249549,CURRENT
TEL-2875fa82c462,CTRL-CLOUDSEC,AST-00142,2026-05-13T14:23:38.249549,62.0,42.6,HEALTHY,238,syslog,GOOD,2026-05-13T14:23:38.249549,BASELINE
TEL-bf4f2a2f8f75,CTRL-CLOUDSEC,AST-00142,2026-08-06T00:23:38.249549,93.6,76.3,HEALTHY,94,agent,GOOD,2026-08-06T00:23:38.249549,CURRENT
TEL-30c20aa55d61,CTRL-CLOUDSEC,AST-00104,2026-05-10T14:23:38.249549,55.6,61.0,HEALTHY,222,agent,GOOD,2026-05-10T14:23:38.249549,BASELINE
TEL-4d99df6aca75,CTRL-CLOUDSEC,AST-00104,2026-08-03T13:23:38.249549,72.6,78.0,HEALTHY,343,syslog,GOOD,2026-08-03T13:23:38.249549,CURRENT
TEL-4f742141a56f,CTRL-AWARE,AST-00047,2026-05-15T14:23:38.249549,68.4,68.4,HEALTHY,168,syslog,GOOD,2026-05-15T14:23:38.249549,BASELINE
TEL-30dd1d6b7d47,CTRL-AWARE,AST-00047,2026-08-06T20:23:38.249549,100,85.7,HEALTHY,380,syslog,GOOD,2026-08-06T20:23:38.249549,CURRENT
TEL-96cd860d5562,CTRL-AWARE,AST-00056,2026-05-12T14:23:38.249549,47.8,45.1,HEALTHY,44,syslog,GOOD,2026-05-12T14:23:38.249549,BASELINE
TEL-2abfdbe7ded0,CTRL-AWARE,AST-00056,2026-08-03T12:23:38.249549,76.4,70.4,DEGRADED,333,agent,GOOD,2026-08-03T12:23:38.249549,CURRENT
TEL-a9b8aa0d1910,CTRL-AWARE,AST-00118,2026-05-15T14:23:38.249549,59.4,55.8,DEGRADED,244,cloud_api,GOOD,2026-05-15T14:23:38.249549,BASELINE
TEL-f5925225615d,CTRL-AWARE,AST-00118,2026-08-03T01:23:38.249549,91.3,85.4,HEALTHY,476,agent,GOOD,2026-08-03T01:23:38.249549,CURRENT
TEL-9a39513a4f9b,CTRL-AWARE,AST-00002,2026-05-13T14:23:38.249549,48.7,65.6,HEALTHY,317,syslog,GOOD,2026-05-13T14:23:38.249549,BASELINE
TEL-7e36890047b6,CTRL-AWARE,AST-00002,2026-08-04T19:23:38.249549,70.7,96.4,HEALTHY,39,cloud_api,GOOD,2026-08-04T19:23:38.249549,CURRENT
TEL-b5f019ec22ca,CTRL-AWARE,AST-00136,2026-05-11T14:23:38.249549,69.0,66.0,HEALTHY,48,agent,GOOD,2026-05-11T14:23:38.249549,BASELINE
TEL-5217e9e933fa,CTRL-AWARE,AST-00136,2026-08-07T14:23:38.249549,100,87.2,HEALTHY,418,agent,GOOD,2026-08-07T14:23:38.249549,CURRENT
TEL-8f8eb5255d55,CTRL-AWARE,AST-00096,2026-05-11T14:23:38.249549,67.6,57.9,HEALTHY,45,syslog,GOOD,2026-05-11T14:23:38.249549,BASELINE
TEL-e8df234a9068,CTRL-AWARE,AST-00096,2026-08-03T10:23:38.249549,85.2,85.1,HEALTHY,331,syslog,DEGRADED,2026-08-03T10:23:38.249549,CURRENT
TEL-31c6771a20ae,CTRL-AWARE,AST-00021,2026-05-10T14:23:38.249549,46.6,68.4,DEGRADED,255,agent,GOOD,2026-05-10T14:23:38.249549,BASELINE
TEL-b0219f3cad3b,CTRL-AWARE,AST-00021,2026-07-31T11:23:38.249549,74.9,97.4,HEALTHY,87,agent,GOOD,2026-07-31T11:23:38.249549,CURRENT
TEL-d2c52854b557,CTRL-AWARE,AST-00196,2026-05-11T14:23:38.249549,69.1,52.6,DEGRADED,168,cloud_api,GOOD,2026-05-11T14:23:38.249549,BASELINE
TEL-f7d8a4a3abbc,CTRL-AWARE,AST-00196,2026-08-07T19:23:38.249549,100,70.1,HEALTHY,28,agent,GOOD,2026-07-09T14:23:38.249549,CURRENT
TEL-5e4e42b28ba7,CTRL-AWARE,AST-00029,2026-05-12T14:23:38.249549,49.9,48.9,HEALTHY,462,agent,GOOD,2026-05-12T14:23:38.249549,BASELINE
TEL-99a5ef54905b,CTRL-AWARE,AST-00029,2026-08-03T06:23:38.249549,73.8,74.2,DEGRADED,78,cloud_api,DEGRADED,2026-08-03T06:23:38.249549,CURRENT
TEL-297e29a6ae09,CTRL-AWARE,AST-00200,2026-05-12T14:23:38.249549,75.0,59.0,HEALTHY,224,cloud_api,GOOD,2026-05-12T14:23:38.249549,BASELINE
TEL-f80e52026181,CTRL-AWARE,AST-00200,2026-07-31T08:23:38.249549,95.4,76.9,HEALTHY,450,agent,GOOD,2026-07-31T08:23:38.249549,CURRENT
TEL-2f68fcd77401,CTRL-AWARE,AST-00150,2026-05-13T14:23:38.249549,70.3,64.9,DEGRADED,419,syslog,BAD,2026-05-13T14:23:38.249549,BASELINE
TEL-4c52b247ff42,CTRL-AWARE,AST-00150,2026-07-30T01:23:38.249549,100,96.6,HEALTHY,356,syslog,GOOD,2026-07-30T01:23:38.249549,CURRENT
TEL-f5950711aa4e,CTRL-AWARE,AST-00193,2026-05-15T14:23:38.249549,62.1,47.7,HEALTHY,48,cloud_api,GOOD,2026-05-15T14:23:38.249549,BASELINE
TEL-2c564ca09453,CTRL-AWARE,AST-00193,2026-07-31T09:23:38.249549,83.7,79.2,HEALTHY,395,cloud_api,GOOD,2026-07-31T09:23:38.249549,CURRENT
TEL-953d0dec9725,CTRL-AWARE,AST-00214,2026-05-15T14:23:38.249549,60.6,63.3,HEALTHY,185,syslog,GOOD,2026-05-15T14:23:38.249549,BASELINE
TEL-263cabbd9d75,CTRL-AWARE,AST-00214,2026-08-02T08:23:38.249549,94.1,90.7,HEALTHY,287,syslog,GOOD,2026-08-02T08:23:38.249549,CURRENT
TEL-df9263a4cc9d,CTRL-AWARE,AST-00160,2026-05-11T14:23:38.249549,71.0,53.8,HEALTHY,47,cloud_api,GOOD,2026-05-11T14:23:38.249549,BASELINE
TEL-c8c65999132d,CTRL-AWARE,AST-00160,2026-08-05T02:23:38.249549,100,81.5,HEALTHY,318,cloud_api,GOOD,2026-08-05T02:23:38.249549,CURRENT
TEL-edf83e3e16ae,CTRL-AWARE,AST-00068,2026-05-15T14:23:38.249549,57.9,60.8,FAILED,361,agent,GOOD,2026-05-15T14:23:38.249549,BASELINE
TEL-04ca4994d59c,CTRL-AWARE,AST-00068,2026-08-06T05:23:38.249549,73.6,78.2,HEALTHY,483,cloud_api,GOOD,2026-08-06T05:23:38.249549,CURRENT
TEL-cc26074a0183,CTRL-AWARE,AST-00205,2026-05-10T14:23:38.249549,63.5,65.2,HEALTHY,375,agent,GOOD,2026-05-10T14:23:38.249549,BASELINE
TEL-99577b71d616,CTRL-AWARE,AST-00205,2026-08-04T05:23:38.249549,100,84.8,HEALTHY,404,cloud_api,GOOD,2026-07-14T14:23:38.249549,CURRENT
TEL-b0677cfb363a,CTRL-AWARE,AST-00165,2026-05-11T14:23:38.249549,50.0,56.6,HEALTHY,354,cloud_api,GOOD,2026-05-11T14:23:38.249549,BASELINE
TEL-72c5a5ada4e6,CTRL-AWARE,AST-00165,2026-08-01T11:23:38.249549,84.1,88.6,HEALTHY,157,cloud_api,GOOD,2026-08-01T11:23:38.249549,CURRENT
TEL-9e0997152768,CTRL-AWARE,AST-00078,2026-05-13T14:23:38.249549,66.0,43.5,HEALTHY,140,agent,GOOD,2026-05-13T14:23:38.249549,BASELINE
TEL-770c5427a2a1,CTRL-AWARE,AST-00078,2026-08-01T14:23:38.249549,100,73.3,HEALTHY,98,syslog,GOOD,2026-08-01T14:23:38.249549,CURRENT
TEL-26dbdf89871c,CTRL-AWARE,AST-00093,2026-05-15T14:23:38.249549,66.2,54.0,HEALTHY,47,syslog,GOOD,2026-05-15T14:23:38.249549,BASELINE
TEL-cacda52009ea,CTRL-AWARE,AST-00093,2026-08-07T04:23:38.249549,,75.4,HEALTHY,461,agent,GOOD,2026-08-07T04:23:38.249549,CURRENT
TEL-3513116474f9,CTRL-AWARE,AST-00067,2026-05-14T14:23:38.249549,51.0,58.5,HEALTHY,489,agent,GOOD,2026-05-14T14:23:38.249549,BASELINE
TEL-162f6e64c347,CTRL-AWARE,AST-00067,2026-08-02T07:23:38.249549,75.6,77.1,HEALTHY,479,cloud_api,GOOD,2026-08-02T07:23:38.249549,CURRENT
TEL-6239d272e93f,CTRL-AWARE,AST-00094,2026-05-10T14:23:38.249549,68.3,47.0,DEGRADED,320,syslog,GOOD,2026-05-10T14:23:38.249549,BASELINE
TEL-14d4453935a1,CTRL-AWARE,AST-00094,2026-08-02T13:23:38.249549,97.5,72.8,DEGRADED,406,agent,GOOD,2026-08-02T13:23:38.249549,CURRENT
TEL-32feacf6f428,CTRL-AWARE,AST-00108,2026-05-10T14:23:38.249549,54.2,58.9,HEALTHY,381,agent,GOOD,2026-05-10T14:23:38.249549,BASELINE
TEL-d4c88376bec6,CTRL-AWARE,AST-00108,2026-08-04T14:23:38.249549,76.2,76.9,HEALTHY,275,syslog,GOOD,2026-08-04T14:23:38.249549,CURRENT
TEL-f625ee3ac5bd,CTRL-AWARE,AST-00156,2026-05-15T14:23:38.249549,52.1,51.1,DEGRADED,130,syslog,GOOD,2026-05-15T14:23:38.249549,BASELINE
TEL-0cca21366c81,CTRL-AWARE,AST-00156,2026-08-03T00:23:38.249549,72.4,84.9,DEGRADED,89,cloud_api,GOOD,2026-08-03T00:23:38.249549,CURRENT
TEL-5eb68fb14890,CTRL-AWARE,AST-00121,2026-05-12T14:23:38.249549,-61.9,58.6,DEGRADED,11,syslog,DEGRADED,2026-05-12T14:23:38.249549,BASELINE
TEL-e05081fe49f2,CTRL-AWARE,AST-00121,2026-08-04T23:23:38.249549,86.5,76.3,HEALTHY,462,syslog,GOOD,2026-08-04T23:23:38.249549,CURRENT
TEL-31a81e15e448,CTRL-AWARE,AST-00037,2026-05-15T14:23:38.249549,2025-12-03T14:23:38.249549,66.4,DEGRADED,309,cloud_api,GOOD,2026-05-15T14:23:38.249549,BASELINE
TEL-9b3d1580690c,CTRL-AWARE,AST-00037,2026-07-30T09:23:38.249549,100,99.8,DEGRADED,240,cloud_api,GOOD,2026-07-30T09:23:38.249549,CURRENT
TEL-115018fa6771,CTRL-AWARE,AST-00158,2026-05-10T14:23:38.249549,52.8,56.5,HEALTHY,140,agent,GOOD,2026-05-10T14:23:38.249549,BASELINE
TEL-aa0bcfbced5e,CTRL-AWARE,AST-00158,2026-07-31T11:23:38.249549,70.9,75.5,HEALTHY,145,syslog,GOOD,2026-07-31T11:23:38.249549,CURRENT
TEL-4f8cac56f842,CTRL-AWARE,AST-00102,2026-05-13T14:23:38.249549,64.4,55.5,HEALTHY,233,agent,GOOD,2026-05-13T14:23:38.249549,BASELINE
TEL-49c94ef7b624,CTRL-AWARE,AST-00102,2026-08-02T08:23:38.249549,96.0,79.2,DEGRADED,11,cloud_api,GOOD,2026-08-02T08:23:38.249549,CURRENT
TEL-c36bf3c964c5,CTRL-AWARE,AST-00089,2026-05-10T14:23:38.249549,47.6,53.2,HEALTHY,407,syslog,DEGRADED,2026-05-10T14:23:38.249549,BASELINE
TEL-8404917c0211,CTRL-AWARE,AST-00089,2026-07-31T12:23:38.249549,69.1,69.9,HEALTHY,183,cloud_api,GOOD,2026-07-31T12:23:38.249549,CURRENT
TEL-c6297da45aff,CTRL-AWARE,AST-00087,2026-05-13T14:23:38.249549,54.8,42.3,HEALTHY,339,cloud_api,GOOD,2026-05-13T14:23:38.249549,BASELINE
TEL-6bd8e068ffff,CTRL-AWARE,AST-00087,2026-08-08T09:23:38.249549,86.1,71.9,HEALTHY,355,agent,DEGRADED,2026-08-08T09:23:38.249549,CURRENT
TEL-ce10a14aba00,CTRL-AWARE,AST-00100,2026-05-12T14:23:38.249549,56.0,69.5,FAILED,142,cloud_api,GOOD,2026-05-12T14:23:38.249549,BASELINE
TEL-ec6a94ceb8dd,CTRL-AWARE,AST-00100,2026-08-08T10:23:38.249549,1093.2,96.0,HEALTHY,404,agent,GOOD,2026-08-08T10:23:38.249549,CURRENT
TEL-9c7c81687755,CTRL-AWARE,AST-00030,2026-05-11T14:23:38.249549,54.3,61.4,HEALTHY,425,syslog,GOOD,2026-05-11T14:23:38.249549,BASELINE
TEL-8d159c91e896,CTRL-AWARE,AST-00030,2026-07-31T03:23:38.249549,72.7,94.4,HEALTHY,153,agent,GOOD,2026-07-31T03:23:38.249549,CURRENT
TEL-06ed74b85ec3,CTRL-AWARE,AST-00154,2026-05-12T14:23:38.249549,54.9,60.5,HEALTHY,381,agent,GOOD,2026-05-12T14:23:38.249549,BASELINE
TEL-6d55f11d4471,CTRL-AWARE,AST-00154,2026-07-30T07:23:38.249549,94.4,80.3,FAILED,36,syslog,GOOD,2026-07-30T07:23:38.249549,CURRENT
TEL-4844548b097d,CTRL-AWARE,AST-00048,2026-05-15T14:23:38.249549,67.7,48.6,DEGRADED,343,cloud_api,GOOD,2026-05-15T14:23:38.249549,BASELINE
TEL-824a636832a6,CTRL-AWARE,AST-00048,2026-08-04T06:23:38.249549,95.6,68.5,HEALTHY,43,agent,GOOD,2026-08-04T06:23:38.249549,CURRENT
TEL-133e57a72e9f,CTRL-AWARE,AST-00117,2026-05-12T14:23:38.249549,70.5,56.5,HEALTHY,106,agent,GOOD,2026-05-12T14:23:38.249549,BASELINE
TEL-3b30e1df9f92,CTRL-AWARE,AST-00117,2026-08-07T17:23:38.249549,89.0,79.0,HEALTHY,464,syslog,GOOD,2026-08-07T17:23:38.249549,CURRENT
TEL-0441139db82e,CTRL-AWARE,AST-00110,2026-05-13T14:23:38.249549,55.5,54.2,HEALTHY,99,syslog,GOOD,2026-05-13T14:23:38.249549,BASELINE
TEL-a96324ac2043,CTRL-AWARE,AST-00110,2026-08-05T03:23:38.249549,79.9,87.1,HEALTHY,304,cloud_api,GOOD,2026-08-05T03:23:38.249549,CURRENT
TEL-578983e1d709,CTRL-AWARE,AST-00128,2026-05-10T14:23:38.249549,68.4,62.2,FAILED,100,agent,GOOD,2026-05-10T14:23:38.249549,BASELINE
TEL-a3264785e9f9,CTRL-AWARE,AST-00128,2026-08-02T21:23:38.249549,92.9,82.1,HEALTHY,380,agent,GOOD,2026-08-02T21:23:38.249549,CURRENT
TEL-3238d626f819,CTRL-AWARE,AST-00208,2026-05-12T14:23:38.249549,51.6,53.4,HEALTHY,345,cloud_api,DEGRADED,2026-05-12T14:23:38.249549,BASELINE
TEL-8fa8587ca0e4,CTRL-AWARE,AST-00208,2026-08-03T16:23:38.249549,69.7,74.0,HEALTHY,160,syslog,GOOD,2026-08-03T16:23:38.249549,CURRENT
TEL-c805d6d4f956,CTRL-AWARE,AST-00061,2026-05-13T14:23:38.249549,63.4,67.4,FAILED,439,cloud_api,GOOD,2026-05-13T14:23:38.249549,BASELINE
TEL-33f934fa7452,CTRL-AWARE,AST-00061,2026-08-05T19:23:38.249549,100,94.6,DEGRADED,429,syslog,GOOD,2026-08-05T19:23:38.249549,CURRENT
TEL-f321df5afbf4,CTRL-AWARE,AST-00113,2026-05-12T14:23:38.249549,49.2,45.7,HEALTHY,385,agent,GOOD,2026-05-12T14:23:38.249549,BASELINE
TEL-7bac5b3c3b53,CTRL-AWARE,AST-00113,2026-07-30T06:23:38.249549,73.0,75.7,HEALTHY,135,agent,GOOD,2026-07-30T06:23:38.249549,CURRENT
TEL-166971acea0c,CTRL-AWARE,AST-00115,2026-05-13T14:23:38.249549,71.0,50.6,HEALTHY,162,cloud_api,GOOD,2026-05-13T14:23:38.249549,BASELINE
TEL-37f159cdcfe7,CTRL-AWARE,AST-00115,2026-08-04T21:23:38.249549,96.5,71.8,HEALTHY,29,agent,GOOD,2026-08-04T21:23:38.249549,CURRENT
TEL-73a1374dfb4e,CTRL-AWARE,AST-00176,2026-05-12T14:23:38.249549,46.4,62.2,HEALTHY,123,syslog,GOOD,2026-05-12T14:23:38.249549,BASELINE
TEL-793ef30707e1,CTRL-AWARE,AST-00176,2026-08-04T09:23:38.249549,82.7,93.1,FAILED,409,cloud_api,GOOD,2026-08-04T09:23:38.249549,CURRENT
TEL-3dbe528a05a3,CTRL-AWARE,AST-00190,2026-05-15T14:23:38.249549,57.7,68.6,HEALTHY,16,syslog,GOOD,2026-05-15T14:23:38.249549,BASELINE
TEL-d4aaa6912674,CTRL-AWARE,AST-00190,2026-08-07T05:23:38.249549,78.8,100,DEGRADED,18,cloud_api,GOOD,2026-08-07T05:23:38.249549,CURRENT
TEL-2d07080324b1,CTRL-AWARE,AST-00177,2026-05-11T14:23:38.249549,70.7,42.4,FAILED,340,cloud_api,GOOD,2026-05-11T14:23:38.249549,BASELINE
TEL-7ed345569f23,CTRL-AWARE,AST-00177,2026-07-30T22:23:38.249549,99.9,58.6,HEALTHY,256,syslog,GOOD,2026-07-30T22:23:38.249549,CURRENT
TEL-8ae6d0b8e725,CTRL-AWARE,AST-00173,2026-05-15T14:23:38.249549,57.0,42.4,HEALTHY,492,cloud_api,GOOD,2026-05-15T14:23:38.249549,BASELINE
TEL-d48067ce934c,CTRL-AWARE,AST-00173,2026-07-30T03:23:38.249549,79.8,68.4,HEALTHY,156,cloud_api,GOOD,2026-07-30T03:23:38.249549,CURRENT
TEL-73c66180bbea,CTRL-AWARE,AST-00129,2026-05-13T14:23:38.249549,2025-11-15T14:23:38.249549,62.9,HEALTHY,210,cloud_api,GOOD,2026-05-13T14:23:38.249549,BASELINE
TEL-6c25d95edb66,CTRL-AWARE,AST-00129,2026-08-01T11:23:38.249549,100,86.1,HEALTHY,75,syslog,GOOD,2026-08-01T11:23:38.249549,CURRENT
TEL-2c7f363b797f,CTRL-AWARE,AST-00180,2026-05-14T14:23:38.249549,67.2,51.1,HEALTHY,316,agent,GOOD,2026-05-14T14:23:38.249549,BASELINE
TEL-cc179b1990dc,CTRL-AWARE,AST-00180,2026-08-02T08:23:38.249549,100,72.9,HEALTHY,373,agent,GOOD,2026-08-02T08:23:38.249549,CURRENT
TEL-5f28d864a647,CTRL-AWARE,AST-00107,2026-05-12T14:23:38.249549,50.6,48.6,HEALTHY,273,cloud_api,GOOD,2026-05-12T14:23:38.249549,BASELINE
TEL-9fda2f80b254,CTRL-AWARE,AST-00107,2026-07-30T16:23:38.249549,76.1,63.9,HEALTHY,110,agent,GOOD,2026-07-30T16:23:38.249549,CURRENT
TEL-54c0c02a6e31,CTRL-AWARE,AST-00213,2026-05-11T14:23:38.249549,56.3,49.2,HEALTHY,232,syslog,GOOD,2026-05-11T14:23:38.249549,BASELINE
TEL-806a86591032,CTRL-AWARE,AST-00213,2026-08-02T17:23:38.249549,79.0,81.6,HEALTHY,154,agent,GOOD,2026-08-02T17:23:38.249549,CURRENT
TEL-c825c4b4fcb4,CTRL-AWARE,AST-00109,2026-05-15T14:23:38.249549,54.8,43.1,DEGRADED,115,syslog,GOOD,2026-05-15T14:23:38.249549,BASELINE
TEL-4cf8d7e2c11a,CTRL-AWARE,AST-00109,2026-07-30T07:23:38.249549,76.4,76.7,HEALTHY,468,syslog,GOOD,2026-07-30T07:23:38.249549,CURRENT
TEL-cbcdd12e4884,CTRL-AWARE,AST-00062,2026-05-13T14:23:38.249549,67.6,49.3,HEALTHY,496,agent,DEGRADED,2026-05-13T14:23:38.249549,BASELINE
TEL-e78aa37ff288,CTRL-AWARE,AST-00062,2026-08-03T12:23:38.249549,92.8,81.6,HEALTHY,181,syslog,GOOD,2026-08-03T12:23:38.249549,CURRENT
TEL-cdb9e5ba2b57,CTRL-AWARE,AST-00210,2026-05-10T14:23:38.249549,53.0,52.6,HEALTHY,269,syslog,GOOD,2026-05-10T14:23:38.249549,BASELINE
TEL-ab083033559f,CTRL-AWARE,AST-00210,2026-08-04T21:23:38.249549,91.6,73.9,HEALTHY,167,cloud_api,DEGRADED,2026-08-04T21:23:38.249549,CURRENT
TEL-d61d87fd0fe6,CTRL-AWARE,AST-00091,2026-05-15T14:23:38.249549,69.2,57.3,DEGRADED,497,syslog,BAD,2026-05-15T14:23:38.249549,BASELINE
TEL-0403291c63bc,CTRL-AWARE,AST-00091,2026-07-31T03:23:38.249549,85.6,78.4,DEGRADED,498,agent,GOOD,2026-07-31T03:23:38.249549,CURRENT
TEL-8d32b13f2569,CTRL-AWARE,AST-00103,2026-05-10T14:23:38.249549,55.4,46.5,HEALTHY,488,syslog,GOOD,2026-05-10T14:23:38.249549,BASELINE
TEL-a226c9e4dc48,CTRL-AWARE,AST-00103,2026-08-02T08:23:38.249549,85.9,65.6,HEALTHY,100,syslog,GOOD,2026-08-02T08:23:38.249549,CURRENT
TEL-09a01afd5a12,CTRL-AWARE,AST-00028,2026-05-11T14:23:38.249549,52.7,47.8,HEALTHY,311,cloud_api,GOOD,2026-05-11T14:23:38.249549,BASELINE
TEL-72718e2fad58,CTRL-AWARE,AST-00028,2026-08-05T07:23:38.249549,77.4,76.8,HEALTHY,26,syslog,GOOD,2026-08-05T07:23:38.249549,CURRENT
TEL-71feaaac3e14,CTRL-AWARE,AST-00035,2026-05-11T14:23:38.249549,48.0,49.4,HEALTHY,370,cloud_api,GOOD,2026-05-11T14:23:38.249549,BASELINE
TEL-40be0b2950e3,CTRL-AWARE,AST-00035,2026-08-05T11:23:38.249549,64.6,73.9,HEALTHY,185,agent,GOOD,2026-08-05T11:23:38.249549,CURRENT
TEL-a43793a3539b,CTRL-AWARE,AST-00168,2026-05-12T14:23:38.249549,1073.6,41.2,HEALTHY,51,agent,GOOD,2026-05-12T14:23:38.249549,BASELINE
TEL-66a0f6f5b356,CTRL-AWARE,AST-00168,2026-08-05T11:23:38.249549,96.6,57.3,HEALTHY,155,syslog,GOOD,2026-08-05T11:23:38.249549,CURRENT
TEL-f651310ad87a,CTRL-AWARE,AST-00098,2026-05-15T14:23:38.249549,54.6,65.2,FAILED,155,agent,GOOD,2026-05-15T14:23:38.249549,BASELINE
TEL-2c8da2726b5c,CTRL-AWARE,AST-00098,2026-07-31T02:23:38.249549,79.8,88.8,HEALTHY,72,cloud_api,DEGRADED,2026-07-31T02:23:38.249549,CURRENT
TEL-33f55cc20be3,CTRL-AWARE,AST-00182,2026-05-12T14:23:38.249549,70.7,50.2,HEALTHY,375,agent,GOOD,2026-05-12T14:23:38.249549,BASELINE
TEL-b999186dd4d0,CTRL-AWARE,AST-00182,2026-08-01T07:23:38.249549,100,66.3,HEALTHY,328,cloud_api,GOOD,2026-08-01T07:23:38.249549,CURRENT
TEL-9ed97a54cdcc,CTRL-AWARE,AST-00140,2026-05-15T14:23:38.249549,47.8,62.6,HEALTHY,340,cloud_api,GOOD,2026-05-15T14:23:38.249549,BASELINE
TEL-e8c77fce5f66,CTRL-AWARE,AST-00140,2026-07-31T20:23:38.249549,64.3,94.4,HEALTHY,422,syslog,DEGRADED,2026-07-31T20:23:38.249549,CURRENT
TEL-2334a4d07bca,CTRL-AWARE,AST-00057,2026-05-15T14:23:38.249549,49.6,64.3,HEALTHY,427,syslog,GOOD,2026-05-15T14:23:38.249549,BASELINE
TEL-2002005625a8,CTRL-AWARE,AST-00057,2026-08-04T08:23:38.249549,66.7,86.4,HEALTHY,323,cloud_api,GOOD,2026-08-04T08:23:38.249549,CURRENT
TEL-b1eef755356a,CTRL-AWARE,AST-00007,2026-05-14T14:23:38.249549,69.0,62.4,HEALTHY,324,syslog,GOOD,2026-05-14T14:23:38.249549,BASELINE
TEL-f4167d96063a,CTRL-AWARE,AST-00007,2026-08-06T04:23:38.249549,100,77.6,HEALTHY,25,syslog,GOOD,2026-08-06T04:23:38.249549,CURRENT
TEL-f6fd8025fceb,CTRL-AWARE,AST-00215,2026-05-12T14:23:38.249549,49.4,59.4,HEALTHY,65,cloud_api,GOOD,2026-05-12T14:23:38.249549,BASELINE
TEL-f8dda3b3c376,CTRL-AWARE,AST-00215,2026-08-02T15:23:38.249549,65.5,83.6,HEALTHY,179,agent,GOOD,2026-08-02T15:23:38.249549,CURRENT
TEL-bfca9cc92520,CTRL-AWARE,AST-00211,2026-05-14T14:23:38.249549,50.6,41.3,HEALTHY,361,agent,DEGRADED,2026-05-14T14:23:38.249549,BASELINE
TEL-fd80657dd007,CTRL-AWARE,AST-00211,2026-07-30T04:23:38.249549,83.5,69.9,DEGRADED,22,cloud_api,GOOD,2026-07-30T04:23:38.249549,CURRENT
TEL-7123efb40bff,CTRL-AWARE,AST-00127,2026-05-12T14:23:38.249549,50.2,45.5,HEALTHY,230,cloud_api,GOOD,2026-05-12T14:23:38.249549,BASELINE
TEL-befbe3bcb52f,CTRL-AWARE,AST-00127,2026-07-30T14:23:38.249549,88.6,60.7,HEALTHY,11,cloud_api,DEGRADED,2026-07-30T14:23:38.249549,CURRENT
TEL-8412230fa1ca,CTRL-AWARE,AST-00054,2026-05-13T14:23:38.249549,64.0,57.5,HEALTHY,461,cloud_api,GOOD,2026-05-13T14:23:38.249549,BASELINE
TEL-055ea81773e9,CTRL-AWARE,AST-00054,2026-08-01T06:23:38.249549,100,79.1,HEALTHY,263,syslog,GOOD,2026-08-01T06:23:38.249549,CURRENT
TEL-f073590741f1,CTRL-AWARE,AST-00218,2026-05-13T14:23:38.249549,60.3,61.8,FAILED,319,agent,GOOD,2026-05-13T14:23:38.249549,BASELINE
TEL-2de0e4cd0373,CTRL-AWARE,AST-00218,2026-08-01T04:23:38.249549,88.0,84.5,HEALTHY,65,agent,GOOD,2026-08-01T04:23:38.249549,CURRENT
TEL-c7a449d1651a,CTRL-AWARE,AST-00026,2026-05-11T14:23:38.249549,45.7,42.9,DEGRADED,246,syslog,GOOD,2026-05-11T14:23:38.249549,BASELINE
TEL-b3595c9be77e,CTRL-AWARE,AST-00026,2026-08-02T16:23:38.249549,62.9,72.5,HEALTHY,295,syslog,GOOD,2026-08-02T16:23:38.249549,CURRENT
TEL-337c17b9c8ca,CTRL-AWARE,AST-00051,2026-05-12T14:23:38.249549,60.3,43.6,HEALTHY,391,cloud_api,GOOD,2026-05-12T14:23:38.249549,BASELINE
TEL-8e99fece10d8,CTRL-AWARE,AST-00051,2026-07-30T11:23:38.249549,80.5,73.1,HEALTHY,157,agent,GOOD,2026-07-30T11:23:38.249549,CURRENT
TEL-aa8521d074f1,CTRL-AWARE,AST-00162,2026-05-12T14:23:38.249549,67.6,64.3,HEALTHY,122,syslog,GOOD,2026-05-12T14:23:38.249549,BASELINE
TEL-d1e0515447a0,CTRL-AWARE,AST-00162,2026-08-06T03:23:38.249549,89.1,93.9,HEALTHY,327,agent,GOOD,2026-08-06T03:23:38.249549,CURRENT
TEL-f5bf13423375,CTRL-AWARE,AST-00135,2026-05-10T14:23:38.249549,54.9,59.7,DEGRADED,388,syslog,GOOD,2026-05-10T14:23:38.249549,BASELINE
TEL-0388c98a8c73,CTRL-AWARE,AST-00135,2026-07-31T00:23:38.249549,75.5,82.6,HEALTHY,409,cloud_api,GOOD,2026-07-31T00:23:38.249549,CURRENT
TEL-ddd873efe618,CTRL-AWARE,AST-00123,2026-05-15T14:23:38.249549,64.8,45.0,DEGRADED,81,syslog,DEGRADED,2026-05-15T14:23:38.249549,BASELINE
TEL-aa81b46fa42c,CTRL-AWARE,AST-00123,2026-08-02T22:23:38.249549,94.6,75.5,HEALTHY,56,syslog,GOOD,2026-08-02T22:23:38.249549,CURRENT
TEL-ef5ea567a1f2,CTRL-AWARE,AST-00074,2026-05-12T14:23:38.249549,52.4,53.1,HEALTHY,482,cloud_api,GOOD,2026-05-12T14:23:38.249549,BASELINE
TEL-8e3f912e5ff9,CTRL-AWARE,AST-00074,2026-08-04T01:23:38.249549,72.6,78.3,HEALTHY,485,cloud_api,GOOD,2026-08-04T01:23:38.249549,CURRENT
TEL-b6e60d920c84,CTRL-AWARE,AST-00012,2026-05-14T14:23:38.249549,69.1,69.2,HEALTHY,75,agent,GOOD,2026-05-14T14:23:38.249549,BASELINE
TEL-3ffec5a54dce,CTRL-AWARE,AST-00012,2026-08-05T03:23:38.249549,89.5,98.9,HEALTHY,459,cloud_api,GOOD,2026-08-05T03:23:38.249549,CURRENT
TEL-536aaf3bcb90,CTRL-AWARE,AST-00043,2026-05-14T14:23:38.249549,66.3,44.8,HEALTHY,494,cloud_api,GOOD,2026-05-14T14:23:38.249549,BASELINE
TEL-d7a6d84eb56a,CTRL-AWARE,AST-00043,2026-08-03T09:23:38.249549,96.3,69.8,HEALTHY,269,cloud_api,GOOD,2026-08-03T09:23:38.249549,CURRENT
TEL-3c9d6ada4e7b,CTRL-AWARE,AST-00036,2026-05-15T14:23:38.249549,74.5,53.3,HEALTHY,252,cloud_api,GOOD,2026-05-15T14:23:38.249549,BASELINE
TEL-0b2575859de8,CTRL-AWARE,AST-00036,2026-08-01T16:23:38.249549,93.4,83.5,HEALTHY,162,agent,GOOD,2026-08-01T16:23:38.249549,CURRENT
TEL-0985869f8bf8,CTRL-AWARE,AST-00219,2026-05-13T14:23:38.249549,68.4,66.6,HEALTHY,369,agent,DEGRADED,2026-05-13T14:23:38.249549,BASELINE
TEL-74ee0e25b78f,CTRL-AWARE,AST-00219,2026-08-02T23:23:38.249549,,93.8,HEALTHY,94,agent,GOOD,2026-08-02T23:23:38.249549,CURRENT
TEL-d8306a8ee4c1,CTRL-AWARE,AST-00149,2026-05-12T14:23:38.249549,56.9,41.1,HEALTHY,88,cloud_api,GOOD,2026-05-12T14:23:38.249549,BASELINE
TEL-273d93ba9ab1,CTRL-AWARE,AST-00149,2026-08-02T11:23:38.249549,76.7,71.3,HEALTHY,110,cloud_api,GOOD,2026-08-02T11:23:38.249549,CURRENT
TEL-f4e7672da48e,CTRL-AWARE,AST-00164,2026-05-15T14:23:38.249549,63.0,52.3,HEALTHY,355,agent,DEGRADED,2026-05-15T14:23:38.249549,BASELINE
TEL-f0293745f31b,CTRL-AWARE,AST-00164,2026-08-03T01:23:38.249549,90.0,68.3,FAILED,140,agent,GOOD,2026-08-03T01:23:38.249549,CURRENT
TEL-fa18eabe9537,CTRL-AWARE,AST-00018,2026-05-12T14:23:38.249549,50.9,40.2,HEALTHY,191,syslog,GOOD,2026-05-12T14:23:38.249549,BASELINE
TEL-908061190e1d,CTRL-AWARE,AST-00018,2026-07-30T08:23:38.249549,73.4,71.9,DEGRADED,167,cloud_api,GOOD,2026-07-30T08:23:38.249549,CURRENT
TEL-40fc11498926,CTRL-AWARE,AST-00203,2026-05-10T14:23:38.249549,71.4,57.6,HEALTHY,136,syslog,GOOD,2026-05-10T14:23:38.249549,BASELINE
TEL-729bc77908fb,CTRL-AWARE,AST-00203,2026-08-02T01:23:38.249549,95.0,90.4,HEALTHY,24,syslog,GOOD,2026-08-02T01:23:38.249549,CURRENT
TEL-99c45c208cba,CTRL-AWARE,AST-00077,2026-05-14T14:23:38.249549,51.2,65.6,HEALTHY,363,syslog,GOOD,2026-05-14T14:23:38.249549,BASELINE
TEL-b8a8a4d8f2cf,CTRL-AWARE,AST-00077,2026-08-07T22:23:38.249549,89.3,86.6,HEALTHY,349,agent,GOOD,2026-08-07T22:23:38.249549,CURRENT
TEL-28acc77bc539,CTRL-AWARE,AST-00101,2026-05-12T14:23:38.249549,55.9,69.4,DEGRADED,332,syslog,GOOD,2026-05-12T14:23:38.249549,BASELINE
TEL-e6a205c16c6c,CTRL-AWARE,AST-00101,2026-08-05T04:23:38.249549,72.0,100,HEALTHY,447,cloud_api,GOOD,2026-07-16T14:23:38.249549,CURRENT
TEL-8c4d49bf87f2,CTRL-AWARE,AST-00143,2026-05-14T14:23:38.249549,47.7,45.5,HEALTHY,136,cloud_api,GOOD,2026-05-14T14:23:38.249549,BASELINE
TEL-2e4f5dfde32a,CTRL-AWARE,AST-00143,2026-08-04T16:23:38.249549,2025-08-31T14:23:38.249549,65.7,HEALTHY,246,cloud_api,GOOD,2026-08-04T16:23:38.249549,CURRENT
TEL-3aa2cc5169d7,CTRL-AWARE,AST-00046,2026-05-14T14:23:38.249549,68.4,57.1,HEALTHY,35,agent,GOOD,2026-05-14T14:23:38.249549,BASELINE
TEL-9d9846e6ee3d,CTRL-AWARE,AST-00046,2026-08-07T22:23:38.249549,97.5,74.1,HEALTHY,309,agent,GOOD,2026-08-07T22:23:38.249549,CURRENT
TEL-0b8f5ff52fd1,CTRL-AWARE,AST-00157,2026-05-14T14:23:38.249549,65.2,48.3,HEALTHY,399,syslog,GOOD,2026-05-14T14:23:38.249549,BASELINE
TEL-7e5d77585770,CTRL-AWARE,AST-00157,2026-07-31T12:23:38.249549,90.9,74.1,HEALTHY,179,cloud_api,GOOD,2026-07-31T12:23:38.249549,CURRENT
TEL-a5355abd2b6b,CTRL-AWARE,AST-00172,2026-05-15T14:23:38.249549,62.5,40.6,HEALTHY,107,syslog,GOOD,2026-05-15T14:23:38.249549,BASELINE
TEL-78662afa9876,CTRL-AWARE,AST-00172,2026-08-02T02:23:38.249549,78.4,62.1,HEALTHY,336,cloud_api,GOOD,2026-08-02T02:23:38.249549,CURRENT
TEL-2b463fae947c,CTRL-AWARE,AST-00053,2026-05-10T14:23:38.249549,70.8,45.2,HEALTHY,439,agent,GOOD,2026-05-10T14:23:38.249549,BASELINE
TEL-9361afde115f,CTRL-AWARE,AST-00053,2026-07-30T18:23:38.249549,100,63.1,HEALTHY,57,cloud_api,GOOD,2026-07-30T18:23:38.249549,CURRENT
TEL-f12838d30ff2,CTRL-AWARE,AST-00145,2026-05-10T14:23:38.249549,62.8,69.8,HEALTHY,236,cloud_api,DEGRADED,2026-05-10T14:23:38.249549,BASELINE
TEL-1dc853befbea,CTRL-AWARE,AST-00145,2026-08-07T07:23:38.249549,89.5,98.1,HEALTHY,339,agent,GOOD,2026-08-07T07:23:38.249549,CURRENT
TEL-fb3407d64dba,CTRL-AWARE,AST-00001,2026-05-12T14:23:38.249549,64.8,54.5,HEALTHY,130,agent,GOOD,2026-05-12T14:23:38.249549,BASELINE
TEL-d354f14ad921,CTRL-AWARE,AST-00001,2026-08-03T15:23:38.249549,97.1,73.0,HEALTHY,158,agent,GOOD,2026-08-03T15:23:38.249549,CURRENT
TEL-393ca76abe5b,CTRL-AWARE,AST-00076,2026-05-12T14:23:38.249549,54.9,54.0,HEALTHY,187,cloud_api,GOOD,2026-05-12T14:23:38.249549,BASELINE
TEL-2db3a6da18b2,CTRL-AWARE,AST-00076,2026-08-07T00:23:38.249549,2025-09-14T14:23:38.249549,81.4,DEGRADED,248,syslog,GOOD,2026-08-07T00:23:38.249549,CURRENT
TEL-3382f8c35afe,CTRL-AWARE,AST-00212,2026-05-13T14:23:38.249549,70.0,55.0,DEGRADED,271,cloud_api,GOOD,2026-05-13T14:23:38.249549,BASELINE
TEL-a6a1631b00fa,CTRL-AWARE,AST-00212,2026-08-08T03:23:38.249549,94.0,83.1,HEALTHY,109,syslog,GOOD,2026-08-08T03:23:38.249549,CURRENT
TEL-f9743b2bcf89,CTRL-AWARE,AST-00019,2026-05-13T14:23:38.249549,68.6,53.3,DEGRADED,499,cloud_api,GOOD,2026-05-13T14:23:38.249549,BASELINE
TEL-02624d701a29,CTRL-AWARE,AST-00019,2026-08-07T12:23:38.249549,99.6,74.3,HEALTHY,302,cloud_api,GOOD,2026-08-07T12:23:38.249549,CURRENT
TEL-9a3fe112deb3,CTRL-AWARE,AST-00155,2026-05-12T14:23:38.249549,69.2,69.2,HEALTHY,21,syslog,GOOD,2026-05-12T14:23:38.249549,BASELINE
TEL-7cbb2a40588d,CTRL-AWARE,AST-00155,2026-08-01T00:23:38.249549,100,86.7,HEALTHY,206,agent,GOOD,2026-08-01T00:23:38.249549,CURRENT
TEL-cc94a0b8abc0,CTRL-AWARE,AST-00198,2026-05-13T14:23:38.249549,45.8,51.6,HEALTHY,433,agent,GOOD,2026-05-13T14:23:38.249549,BASELINE
TEL-8730fac64e6e,CTRL-AWARE,AST-00198,2026-08-04T21:23:38.249549,76.0,67.0,HEALTHY,404,syslog,GOOD,2026-07-19T14:23:38.249549,CURRENT
TEL-d4089f07e918,CTRL-AWARE,AST-00191,2026-05-14T14:23:38.249549,46.0,61.0,HEALTHY,462,syslog,GOOD,2026-05-14T14:23:38.249549,BASELINE
TEL-2e47423f8235,CTRL-AWARE,AST-00191,2026-08-05T06:23:38.249549,74.6,79.6,DEGRADED,121,syslog,GOOD,2026-08-05T06:23:38.249549,CURRENT
TEL-cdb5dd95bc7f,CTRL-AWARE,AST-00013,2026-05-12T14:23:38.249549,68.7,53.4,HEALTHY,122,cloud_api,DEGRADED,2026-05-12T14:23:38.249549,BASELINE
TEL-70302ecc9c6f,CTRL-AWARE,AST-00013,2026-08-06T12:23:38.249549,98.4,81.9,HEALTHY,23,cloud_api,GOOD,2026-08-06T12:23:38.249549,CURRENT
TEL-285a9051d63a,CTRL-AWARE,AST-00088,2026-05-11T14:23:38.249549,48.8,46.4,DEGRADED,385,agent,GOOD,2026-05-11T14:23:38.249549,BASELINE
TEL-f91a0f7e063b,CTRL-AWARE,AST-00088,2026-08-06T03:23:38.249549,77.2,77.0,HEALTHY,466,cloud_api,GOOD,2026-08-06T03:23:38.249549,CURRENT
TEL-a898e596b143,CTRL-AWARE,AST-00039,2026-05-15T14:23:38.249549,64.1,46.8,HEALTHY,395,syslog,GOOD,2026-05-15T14:23:38.249549,BASELINE
TEL-4c7bcaf372b3,CTRL-AWARE,AST-00039,2026-07-29T18:23:38.249549,100,69.9,HEALTHY,355,cloud_api,GOOD,2026-07-29T18:23:38.249549,CURRENT
TEL-b7d6d518e8d0,CTRL-AWARE,AST-00023,2026-05-10T14:23:38.249549,1045.7,65.6,HEALTHY,186,syslog,GOOD,2026-05-10T14:23:38.249549,BASELINE
TEL-ce436d0b4d84,CTRL-AWARE,AST-00023,2026-08-01T12:23:38.249549,78.3,98.5,HEALTHY,12,syslog,GOOD,2026-08-01T12:23:38.249549,CURRENT
TEL-633aee533ce4,CTRL-AWARE,AST-00081,2026-05-15T14:23:38.249549,70.5,69.7,DEGRADED,362,agent,GOOD,2026-05-15T14:23:38.249549,BASELINE
TEL-a07c7fe38874,CTRL-AWARE,AST-00081,2026-08-03T14:23:38.249549,90.0,93.1,HEALTHY,480,syslog,GOOD,2026-08-03T14:23:38.249549,CURRENT
TEL-871b2b7bf712,CTRL-AWARE,AST-00086,2026-05-11T14:23:38.249549,69.3,68.7,HEALTHY,165,agent,GOOD,2026-05-11T14:23:38.249549,BASELINE
TEL-70b8cc573dd5,CTRL-AWARE,AST-00086,2026-08-07T19:23:38.249549,100,99.6,HEALTHY,328,syslog,GOOD,2026-08-07T19:23:38.249549,CURRENT
TEL-478b7878b60b,CTRL-AWARE,AST-00014,2026-05-13T14:23:38.249549,74.4,64.3,HEALTHY,135,syslog,GOOD,2026-05-13T14:23:38.249549,BASELINE
TEL-27f6ed2233fd,CTRL-AWARE,AST-00014,2026-07-31T12:23:38.249549,100,96.6,HEALTHY,191,syslog,GOOD,2026-07-31T12:23:38.249549,CURRENT
TEL-a44d620532a9,CTRL-AWARE,AST-00188,2026-05-15T14:23:38.249549,53.4,43.3,HEALTHY,356,cloud_api,GOOD,2026-05-15T14:23:38.249549,BASELINE
TEL-e2152751f13d,CTRL-AWARE,AST-00188,2026-08-02T22:23:38.249549,91.5,60.2,HEALTHY,9,syslog,GOOD,2026-08-02T22:23:38.249549,CURRENT
TEL-872a51b4c607,CTRL-AWARE,AST-00024,2026-05-15T14:23:38.249549,46.7,59.4,DEGRADED,369,cloud_api,GOOD,2026-05-15T14:23:38.249549,BASELINE
TEL-06e9b3954210,CTRL-AWARE,AST-00024,2026-08-02T07:23:38.249549,75.6,85.2,DEGRADED,441,cloud_api,DEGRADED,2026-08-02T07:23:38.249549,CURRENT
TEL-51b21fa0aba7,CTRL-AWARE,AST-00038,2026-05-12T14:23:38.249549,52.8,45.0,HEALTHY,165,cloud_api,BAD,2026-05-12T14:23:38.249549,BASELINE
TEL-bc19ab195998,CTRL-AWARE,AST-00038,2026-08-01T13:23:38.249549,84.6,78.9,HEALTHY,277,agent,DEGRADED,2026-08-01T13:23:38.249549,CURRENT
TEL-eeea45dcaa19,CTRL-AWARE,AST-00066,2026-05-12T14:23:38.249549,45.3,54.5,HEALTHY,293,agent,BAD,2026-05-12T14:23:38.249549,BASELINE
TEL-bbc52a947769,CTRL-AWARE,AST-00066,2026-08-03T15:23:38.249549,60.4,85.0,HEALTHY,278,agent,GOOD,2026-08-03T15:23:38.249549,CURRENT
TEL-ac02d4164239,CTRL-AWARE,AST-00179,2026-05-15T14:23:38.249549,56.3,51.2,HEALTHY,213,agent,DEGRADED,2026-05-15T14:23:38.249549,BASELINE
TEL-cc2b00166f50,CTRL-AWARE,AST-00179,2026-08-03T11:23:38.249549,89.8,75.9,HEALTHY,264,cloud_api,GOOD,2026-07-14T14:23:38.249549,CURRENT
TEL-23c5388a456b,CTRL-AWARE,AST-00015,2026-05-10T14:23:38.249549,64.7,51.7,HEALTHY,198,cloud_api,GOOD,2026-05-10T14:23:38.249549,BASELINE
TEL-730da90471f6,CTRL-AWARE,AST-00015,2026-08-06T05:23:38.249549,82.3,78.2,HEALTHY,152,agent,GOOD,2026-08-06T05:23:38.249549,CURRENT
TEL-d6f547ee2783,CTRL-AWARE,AST-00152,2026-05-11T14:23:38.249549,47.5,61.5,HEALTHY,466,cloud_api,GOOD,2026-05-11T14:23:38.249549,BASELINE
TEL-285eaca6350c,CTRL-AWARE,AST-00152,2026-08-02T03:23:38.249549,63.4,90.2,HEALTHY,384,cloud_api,GOOD,2026-08-02T03:23:38.249549,CURRENT
TEL-5981848493fe,CTRL-AWARE,AST-00153,2026-05-15T14:23:38.249549,51.9,64.4,HEALTHY,282,agent,GOOD,2026-05-15T14:23:38.249549,BASELINE
TEL-82fefa797d40,CTRL-AWARE,AST-00153,2026-08-02T06:23:38.249549,70.2,99.4,HEALTHY,278,agent,GOOD,2026-08-02T06:23:38.249549,CURRENT
TEL-9e360bb43bec,CTRL-AWARE,AST-00069,2026-05-12T14:23:38.249549,58.9,48.3,HEALTHY,326,cloud_api,GOOD,2026-05-12T14:23:38.249549,BASELINE
TEL-8dc7a9445ae2,CTRL-AWARE,AST-00069,2026-07-29T18:23:38.249549,74.2,65.7,HEALTHY,407,agent,GOOD,2026-07-29T18:23:38.249549,CURRENT
TEL-8baeb75187d9,CTRL-AWARE,AST-00095,2026-05-15T14:23:38.249549,48.4,67.9,HEALTHY,263,agent,GOOD,2026-05-15T14:23:38.249549,BASELINE
TEL-4f2e648777a9,CTRL-AWARE,AST-00095,2026-08-03T04:23:38.249549,77.7,83.4,HEALTHY,188,syslog,GOOD,2026-08-03T04:23:38.249549,CURRENT
TEL-ed1642adddfb,CTRL-AWARE,AST-00216,2026-05-10T14:23:38.249549,60.1,60.5,HEALTHY,453,cloud_api,DEGRADED,2026-05-10T14:23:38.249549,BASELINE
TEL-20716425a54d,CTRL-AWARE,AST-00216,2026-08-08T13:23:38.249549,82.6,87.9,HEALTHY,293,agent,GOOD,2026-08-08T13:23:38.249549,CURRENT
TEL-c38d0d6eaeed,CTRL-AWARE,AST-00027,2026-05-12T14:23:38.249549,66.2,66.3,HEALTHY,77,syslog,GOOD,2026-05-12T14:23:38.249549,BASELINE
TEL-f22be4a4d4a2,CTRL-AWARE,AST-00027,2026-08-08T02:23:38.249549,84.2,96.0,HEALTHY,325,syslog,GOOD,2026-08-08T02:23:38.249549,CURRENT
TEL-1adb2b72e5a3,CTRL-AWARE,AST-00199,2026-05-14T14:23:38.249549,62.0,46.6,DEGRADED,41,cloud_api,GOOD,2026-05-14T14:23:38.249549,BASELINE
TEL-0f32622dcd0d,CTRL-AWARE,AST-00199,2026-08-03T18:23:38.249549,77.3,77.8,HEALTHY,464,agent,DEGRADED,2026-08-03T18:23:38.249549,CURRENT
TEL-587b31527ab3,CTRL-AWARE,AST-00034,2026-05-10T14:23:38.249549,54.1,67.3,HEALTHY,276,agent,GOOD,2026-05-10T14:23:38.249549,BASELINE
TEL-919674db5625,CTRL-AWARE,AST-00034,2026-08-05T02:23:38.249549,72.3,96.3,HEALTHY,229,cloud_api,GOOD,2026-08-05T02:23:38.249549,CURRENT
TEL-cf1a61805cc3,CTRL-AWARE,AST-00171,2026-05-13T14:23:38.249549,48.5,62.9,DEGRADED,4,cloud_api,GOOD,2026-05-13T14:23:38.249549,BASELINE
TEL-03390f3c9214,CTRL-AWARE,AST-00171,2026-07-30T09:23:38.249549,77.4,86.0,HEALTHY,365,syslog,GOOD,2026-07-30T09:23:38.249549,CURRENT
TEL-b0c207cd2e68,CTRL-AWARE,AST-00004,2026-05-15T14:23:38.249549,58.7,65.3,HEALTHY,116,agent,GOOD,2026-05-15T14:23:38.249549,BASELINE
TEL-3a68836ec372,CTRL-AWARE,AST-00004,2026-07-31T11:23:38.249549,89.5,97.1,DEGRADED,371,cloud_api,GOOD,2026-07-31T11:23:38.249549,CURRENT
TEL-452e108d457a,CTRL-AWARE,AST-00033,2026-05-12T14:23:38.249549,67.6,69.4,HEALTHY,143,syslog,DEGRADED,2026-05-12T14:23:38.249549,BASELINE
TEL-8fbf469d8228,CTRL-AWARE,AST-00033,2026-08-07T09:23:38.249549,95.1,100,FAILED,371,agent,GOOD,2026-08-07T09:23:38.249549,CURRENT
TEL-7842ef6dff4b,CTRL-AWARE,AST-00050,2026-05-12T14:23:38.249549,61.2,51.6,HEALTHY,399,syslog,DEGRADED,2026-05-12T14:23:38.249549,BASELINE
TEL-2e2fc58ef37a,CTRL-AWARE,AST-00050,2026-08-06T21:23:38.249549,100,83.7,DEGRADED,411,cloud_api,GOOD,2026-08-06T21:23:38.249549,CURRENT
TEL-f64d89e0f76d,CTRL-AWARE,AST-00041,2026-05-13T14:23:38.249549,48.5,54.5,HEALTHY,148,syslog,GOOD,2026-05-13T14:23:38.249549,BASELINE
TEL-fd694a6d4b97,CTRL-AWARE,AST-00041,2026-08-04T10:23:38.249549,66.2,89.4,HEALTHY,404,cloud_api,GOOD,2026-08-04T10:23:38.249549,CURRENT
TEL-19141a9480f3,CTRL-AWARE,AST-00049,2026-05-15T14:23:38.249549,56.6,48.9,HEALTHY,311,syslog,GOOD,2026-05-15T14:23:38.249549,BASELINE
TEL-2eac2ee8171e,CTRL-AWARE,AST-00049,2026-08-08T08:23:38.249549,86.0,70.6,HEALTHY,213,agent,GOOD,2026-08-08T08:23:38.249549,CURRENT
TEL-717e22db945b,CTRL-AWARE,AST-00186,2026-05-15T14:23:38.249549,56.4,57.9,HEALTHY,265,agent,DEGRADED,2026-05-15T14:23:38.249549,BASELINE
TEL-b26daf355428,CTRL-AWARE,AST-00186,2026-07-31T23:23:38.249549,86.1,91.4,HEALTHY,441,cloud_api,DEGRADED,2026-07-31T23:23:38.249549,CURRENT
TEL-41030da49f48,CTRL-AWARE,AST-00073,2026-05-15T14:23:38.249549,71.7,51.2,DEGRADED,208,agent,GOOD,2026-05-15T14:23:38.249549,BASELINE
TEL-242d663351f8,CTRL-AWARE,AST-00073,2026-08-06T10:23:38.249549,97.7,67.1,DEGRADED,413,cloud_api,GOOD,2026-08-06T10:23:38.249549,CURRENT
TEL-5074fb821a1a,CTRL-AWARE,AST-00139,2026-05-12T14:23:38.249549,68.6,53.1,HEALTHY,88,agent,GOOD,2026-05-12T14:23:38.249549,BASELINE
TEL-6e4c226d80b7,CTRL-AWARE,AST-00139,2026-08-07T07:23:38.249549,2025-08-09T14:23:38.249549,72.9,HEALTHY,83,agent,GOOD,2026-08-07T07:23:38.249549,CURRENT
TEL-7cd9b1c1db09,CTRL-AWARE,AST-00131,2026-05-14T14:23:38.249549,73.2,63.6,HEALTHY,11,cloud_api,GOOD,2026-05-14T14:23:38.249549,BASELINE
TEL-5a5cbf4b4dcb,CTRL-AWARE,AST-00131,2026-07-29T17:23:38.249549,94.3,82.9,FAILED,193,syslog,BAD,2026-07-29T17:23:38.249549,CURRENT
TEL-cbf6e1a9de17,CTRL-AWARE,AST-00181,2026-05-12T14:23:38.249549,52.8,67.5,HEALTHY,275,cloud_api,GOOD,2026-05-12T14:23:38.249549,BASELINE
TEL-2d9934a786b8,CTRL-AWARE,AST-00181,2026-08-01T15:23:38.249549,73.4,90.5,HEALTHY,175,agent,GOOD,2026-08-01T15:23:38.249549,CURRENT
TEL-535c7bac79b8,CTRL-AWARE,AST-00104,2026-05-12T14:23:38.249549,70.0,51.5,HEALTHY,147,syslog,GOOD,2026-05-12T14:23:38.249549,BASELINE
TEL-3304a437d085,CTRL-AWARE,AST-00104,2026-08-02T23:23:38.249549,85.9,85.3,HEALTHY,296,syslog,GOOD,2026-08-02T23:23:38.249549,CURRENT
TEL-f2be5263faf2,CTRL-AWARE,AST-00003,2026-05-12T14:23:38.249549,69.0,47.7,DEGRADED,165,agent,BAD,2026-05-12T14:23:38.249549,BASELINE
TEL-a66bb5c2ff7b,CTRL-AWARE,AST-00003,2026-07-29T23:23:38.249549,100,69.9,FAILED,186,cloud_api,GOOD,2026-07-29T23:23:38.249549,CURRENT
TEL-6a2b3ff01dfc,CTRL-AWARE,AST-00167,2026-05-15T14:23:38.249549,59.4,68.5,HEALTHY,92,agent,GOOD,2026-05-15T14:23:38.249549,BASELINE
TEL-7de2ae836b00,CTRL-AWARE,AST-00167,2026-08-03T20:23:38.249549,95.9,94.5,HEALTHY,454,agent,DEGRADED,2026-08-03T20:23:38.249549,CURRENT
TEL-191ed6461a76,CTRL-AWARE,AST-00099,2026-05-12T14:23:38.249549,46.0,58.6,HEALTHY,106,syslog,GOOD,2026-05-12T14:23:38.249549,BASELINE
TEL-1ff568a33919,CTRL-AWARE,AST-00099,2026-08-02T15:23:38.249549,83.5,88.0,HEALTHY,268,cloud_api,GOOD,2026-08-02T15:23:38.249549,CURRENT
TEL-671c47f98310,CTRL-AWARE,AST-00071,2026-05-12T14:23:38.249549,71.6,64.8,HEALTHY,185,cloud_api,GOOD,2026-05-12T14:23:38.249549,BASELINE
TEL-8aa29437db6f,CTRL-AWARE,AST-00071,2026-07-31T01:23:38.249549,99.0,93.8,HEALTHY,200,cloud_api,GOOD,2026-07-31T01:23:38.249549,CURRENT
TEL-9922d25aa19d,CTRL-AWARE,AST-00072,2026-05-14T14:23:38.249549,57.8,62.8,HEALTHY,40,syslog,GOOD,2026-05-14T14:23:38.249549,BASELINE
TEL-70c0ca109976,CTRL-AWARE,AST-00072,2026-08-08T13:23:38.249549,78.7,88.6,HEALTHY,76,agent,GOOD,2026-08-08T13:23:38.249549,CURRENT
TEL-2dd414f45030,CTRL-AWARE,AST-00114,2026-05-13T14:23:38.249549,49.8,62.6,DEGRADED,34,cloud_api,GOOD,2026-05-13T14:23:38.249549,BASELINE
TEL-30cf73ded284,CTRL-AWARE,AST-00114,2026-08-04T18:23:38.249549,82.4,79.2,DEGRADED,34,agent,DEGRADED,2026-08-04T18:23:38.249549,CURRENT
TEL-490c5f36713e,CTRL-AWARE,AST-00132,2026-05-15T14:23:38.249549,53.1,66.2,HEALTHY,207,syslog,GOOD,2026-05-15T14:23:38.249549,BASELINE
TEL-a0ef5e5a7ec8,CTRL-AWARE,AST-00132,2026-08-08T10:23:38.249549,78.4,87.6,DEGRADED,117,syslog,GOOD,2026-08-08T10:23:38.249549,CURRENT
TEL-4fd0422a015f,CTRL-AWARE,AST-00204,2026-05-11T14:23:38.249549,1059.4,50.2,HEALTHY,461,agent,GOOD,2026-05-11T14:23:38.249549,BASELINE
TEL-3a4b5e7e828b,CTRL-AWARE,AST-00204,2026-08-06T11:23:38.249549,97.2,79.9,HEALTHY,218,agent,GOOD,2026-08-06T11:23:38.249549,CURRENT
TEL-2e32de9a63a1,CTRL-AWARE,AST-00146,2026-05-11T14:23:38.249549,70.9,69.3,HEALTHY,339,syslog,GOOD,2026-05-11T14:23:38.249549,BASELINE
TEL-31e88c66eae9,CTRL-AWARE,AST-00146,2026-08-04T08:23:38.249549,94.3,87.4,HEALTHY,48,cloud_api,GOOD,2026-08-04T08:23:38.249549,CURRENT
TEL-4dbd517fd9cc,CTRL-AWARE,AST-00070,2026-05-13T14:23:38.249549,48.2,58.3,HEALTHY,179,agent,GOOD,2026-05-13T14:23:38.249549,BASELINE
TEL-1005b0a4fb29,CTRL-AWARE,AST-00070,2026-08-01T11:23:38.249549,2026-04-21T14:23:38.249549,90.2,HEALTHY,64,agent,GOOD,2026-08-01T11:23:38.249549,CURRENT
TEL-3927f2aad549,CTRL-AWARE,AST-00130,2026-05-14T14:23:38.249549,49.5,65.3,HEALTHY,299,cloud_api,GOOD,2026-05-14T14:23:38.249549,BASELINE
TEL-3e7d378e510f,CTRL-AWARE,AST-00130,2026-08-01T17:23:38.249549,78.6,96.9,HEALTHY,480,syslog,DEGRADED,2026-08-01T17:23:38.249549,CURRENT
TEL-a336952b3b9e,CTRL-AWARE,AST-00063,2026-05-14T14:23:38.249549,72.4,42.3,HEALTHY,84,agent,DEGRADED,2026-05-14T14:23:38.249549,BASELINE
TEL-a720d0705500,CTRL-AWARE,AST-00063,2026-08-01T17:23:38.249549,100,74.2,HEALTHY,356,agent,BAD,2026-08-01T17:23:38.249549,CURRENT
TEL-34d414247b9c,CTRL-AWARE,AST-00141,2026-05-11T14:23:38.249549,73.9,49.0,HEALTHY,177,syslog,GOOD,2026-05-11T14:23:38.249549,BASELINE
TEL-29ee80aeb5bc,CTRL-AWARE,AST-00141,2026-08-02T09:23:38.249549,100,80.2,HEALTHY,153,syslog,GOOD,2026-08-02T09:23:38.249549,CURRENT
TEL-a1b463b94aee,CTRL-AWARE,AST-00192,2026-05-15T14:23:38.249549,74.3,54.1,HEALTHY,87,cloud_api,GOOD,2026-05-15T14:23:38.249549,BASELINE
TEL-31cd393984ed,CTRL-AWARE,AST-00192,2026-08-03T23:23:38.249549,100,78.1,DEGRADED,440,cloud_api,GOOD,2026-08-03T23:23:38.249549,CURRENT
TEL-e8a790b39cc2,CTRL-AWARE,AST-00052,2026-05-12T14:23:38.249549,58.9,58.1,DEGRADED,385,syslog,DEGRADED,2026-05-12T14:23:38.249549,BASELINE
TEL-273f3c427752,CTRL-AWARE,AST-00052,2026-08-03T13:23:38.249549,86.3,90.4,HEALTHY,22,agent,GOOD,2026-08-03T13:23:38.249549,CURRENT
TEL-4649ae54a4ac,CTRL-AWARE,AST-00079,2026-05-15T14:23:38.249549,62.1,46.8,HEALTHY,241,syslog,DEGRADED,2026-05-15T14:23:38.249549,BASELINE
TEL-0bb9922de367,CTRL-AWARE,AST-00079,2026-08-08T10:23:38.249549,96.2,80.4,HEALTHY,290,cloud_api,GOOD,2026-08-08T10:23:38.249549,CURRENT
TEL-f04c55f78d74,CTRL-AWARE,AST-00011,2026-05-11T14:23:38.249549,47.0,54.5,HEALTHY,355,syslog,GOOD,2026-05-11T14:23:38.249549,BASELINE
TEL-7bc7859e9152,CTRL-AWARE,AST-00011,2026-08-05T13:23:38.249549,79.4,79.0,HEALTHY,16,agent,GOOD,2026-08-05T13:23:38.249549,CURRENT
TEL-a4580963a933,CTRL-AWARE,AST-00045,2026-05-12T14:23:38.249549,63.0,62.8,FAILED,467,agent,GOOD,2026-05-12T14:23:38.249549,BASELINE
TEL-2df903a39a78,CTRL-AWARE,AST-00045,2026-07-29T18:23:38.249549,79.3,92.2,DEGRADED,58,cloud_api,GOOD,2026-07-29T18:23:38.249549,CURRENT
TEL-e8e14dfda697,CTRL-AWARE,AST-00144,2026-05-12T14:23:38.249549,50.5,42.0,HEALTHY,449,agent,GOOD,2026-05-12T14:23:38.249549,BASELINE
TEL-8314b6efd2f0,CTRL-AWARE,AST-00144,2026-08-04T03:23:38.249549,73.2,66.8,HEALTHY,114,agent,BAD,2026-08-04T03:23:38.249549,CURRENT
TEL-6968d114c996,CTRL-AWARE,AST-00187,2026-05-11T14:23:38.249549,63.3,48.2,HEALTHY,427,syslog,GOOD,2026-05-11T14:23:38.249549,BASELINE
TEL-4e2a8e1b19f8,CTRL-AWARE,AST-00187,2026-08-06T22:23:38.249549,100,79.2,DEGRADED,246,cloud_api,GOOD,2026-08-06T22:23:38.249549,CURRENT
TEL-7fd031e08483,CTRL-AWARE,AST-00175,2026-05-11T14:23:38.249549,47.5,65.9,DEGRADED,379,cloud_api,GOOD,2026-05-11T14:23:38.249549,BASELINE
TEL-49d4ad851e5d,CTRL-AWARE,AST-00175,2026-08-06T20:23:38.249549,71.3,81.3,HEALTHY,368,agent,GOOD,2026-08-06T20:23:38.249549,CURRENT
